brand,model,price_average,price_category,cpu_brand,cpu_model,cpu_family,cpu_tier,ram_gb,ram_type,storage_gb,storage_type,ram_storage_ratio,display_size_inches,gpu_type,is_gaming,is_apple,is_touchscreen,is_oled,operating_system
Lenovo,Lenovo Ultra 5 225U,115999.0,Upper Mid-Range (75K-1.25L),Intel,Core Ultra 5 225U,Core Ultra 5,4,16,DDR5,1024,SSD,0.0156,16.0,Integrated,0,0,0,0,Windows 11 Home
ASUS,ASUS TUF Gaming A15,79990.0,Upper Mid-Range (75K-1.25L),AMD,Ryzen 7 Processor,Ryzen 7,4,16,DDR5,1024,SSD,0.0156,15.6,Integrated,1,0,0,0,Windows 11 Home
HP,HP Professional,84990.0,Upper Mid-Range (75K-1.25L),Intel,Core i5 13th Gen 1334U,Core i5,3,16,DDR4,1024,SSD,0.0156,14.0,Integrated,0,0,0,0,Windows 11 Pro
MSI,MSI Modern 15,64990.0,Mid-Range (40K-75K),Intel,Core i7 12th Gen 1255U,Core i7,4,16,DDR4,1024,SSD,0.0156,15.0,Integrated,0,0,0,0,Windows 11 Home
Microsoft,MICROSOFT Surface Laptop 13.8 Inch,226990.0,Premium / Flagship (>1.25L),Qualcomm,Snapdragon X2 Elite -,Snapdragon X,4,16,LPDDR5X,1024,SSD,0.0156,13.8,Integrated,0,0,0,0,Windows 11 Home
ASUS,ASUS ExpertBook P5 with Full Metal OLED AI PC 1 Yr ADP,104990.0,Upper Mid-Range (75K-1.25L),Intel,Core Ultra 7 255H,Core Ultra 7,5,16,DDR5,1024,SSD,0.0156,14.0,Integrated,0,0,0,1,Windows 11 Home
ASUS,ASUS TUF Gaming A15,75990.0,Upper Mid-Range (75K-1.25L),AMD,Ryzen 7 Octa Core 7445HS,Ryzen 7,4,16,DDR5,1024,SSD,0.0156,15.6,Integrated,1,0,0,0,Windows 11 Home
HP,HP Victus AI,157990.0,Premium / Flagship (>1.25L),AMD,Ryzen 7 Octa Core,Ryzen 7,4,16,DDR5,1024,SSD,0.0156,15.6,Integrated,1,0,0,0,Windows 11 Home
Acer,Acer Aspire 3 Backlit,75990.0,Upper Mid-Range (75K-1.25L),AMD,Ryzen 7 Octa Core 7730U,Ryzen 7,4,16,DDR4,1024,SSD,0.0156,15.6,Integrated,0,0,0,0,Windows 11 Home
HP,HP Pavilion,80999.0,Upper Mid-Range (75K-1.25L),AMD,Ryzen 5 Hexa Core 5500U,Ryzen 5,3,16,DDR4,1024,SSD,0.0156,15.6,Integrated,0,0,0,0,Windows 11 Home
HP,HP Pavilion Aero,94941.0,Upper Mid-Range (75K-1.25L),AMD,Ryzen 7 Octa Core 7735U,Ryzen 7,4,16,LPDDR5,1024,SSD,0.0156,13.3,Integrated,0,0,0,0,Windows 11 Home
ASUS,"ASUS Vivobook S14 with Office 2024 + M365 Basic*, AI PC NPU up to 16TOPS",84990.0,Upper Mid-Range (75K-1.25L),AMD,Ryzen 7 Processor,Ryzen 7,4,16,DDR5,1024,SSD,0.0156,14.0,Integrated,0,0,0,0,Windows 11 Home
Lenovo,Lenovo IdeaPad Slim 5 WUXGA OLED AI PC,97000.0,Upper Mid-Range (75K-1.25L),Intel,Core Ultra 5 125H,Core Ultra 5,4,16,LPDDR5X,1024,SSD,0.0156,14.0,Integrated,0,0,0,1,Windows 11 Home
Dell,DELL Inspiron 15 With MSO'2024 & Backlit KB,79990.0,Upper Mid-Range (75K-1.25L),Intel,Core i5 13th Gen 1334U,Core i5,3,16,DDR4,1024,SSD,0.0156,15.6,Integrated,0,0,0,0,Windows 11
Lenovo,Lenovo IdeaPad Slim 3 with 1Yr ADP,66615.0,Mid-Range (40K-75K),Qualcomm,Snapdragon X -,Snapdragon X,4,16,LPDDR5X,1024,SSD,0.0156,15.3,Integrated,0,0,0,0,Windows 11 Home
HP,HP 14 Omnibook X Flip Next Gen AI PC,115000.0,Upper Mid-Range (75K-1.25L),Intel,Core Ultra 5 226V,Core Ultra 5,4,16,LPDDR5X,1024,SSD,0.0156,14.0,Integrated,0,0,1,0,Windows 11 Home
Microsoft,MICROSOFT Surface Laptop 15 Inch,246990.0,Premium / Flagship (>1.25L),Qualcomm,Snapdragon X2 Elite -,Snapdragon X,4,16,LPDDR5X,1024,SSD,0.0156,15.0,Integrated,0,0,0,0,Windows 11 Home
HP,HP Pavilion Plus AI Powered Laptop,86595.0,Upper Mid-Range (75K-1.25L),AMD,Ryzen 7 Octa Core 7840U,Ryzen 7,4,16,DDR4,1024,SSD,0.0156,14.0,Integrated,0,0,0,0,Windows 11 Home
Lenovo,Lenovo LOQ 2025,147990.0,Premium / Flagship (>1.25L),Intel,Core i7 14th Gen 14700HX,Core i7,4,16,DDR5,1024,SSD,0.0156,15.6,Integrated,1,0,0,0,Windows 11 Home
MSI,MSI Prestige 16Evo,148700.0,Premium / Flagship (>1.25L),Intel,Core i7 13th Gen 13700H,Core i7,4,16,LPDDR5,1024,SSD,0.0156,16.0,Integrated,0,0,0,0,Windows 11 Home
ASUS,"ASUS Vivobook S15 OLED Copilot + PC, AI PC, Full Metal Body, Backlit Keyboard,",95995.0,Upper Mid-Range (75K-1.25L),Qualcomm,Snapdragon X Elite -,Snapdragon X,4,16,LPDDR5X,1024,SSD,0.0156,15.6,Integrated,0,0,0,1,Windows 11
Lenovo,Lenovo IdeaPad Slim 5 WUXGA IPS,79890.0,Upper Mid-Range (75K-1.25L),Intel,Core Ultra 5 125H,Core Ultra 5,4,16,LPDDR5X,1024,SSD,0.0156,16.0,Integrated,0,0,0,0,Windows 11 Home
Samsung,Samsung Galaxy Book4 Edge Series Copilot AI,69990.0,Mid-Range (40K-75K),Qualcomm,Snapdragon X -,Snapdragon X,4,16,LPDDR5X,512,SSD,0.0312,15.6,Integrated,0,0,0,0,Windows 11
MSI,MSI Summit E15,156990.0,Premium / Flagship (>1.25L),Intel,Core i7 11th Gen 1185G,Core i7,4,16,DDR4,1024,SSD,0.0156,15.6,Integrated,0,0,0,0,Windows 10 Pro
Lenovo,Lenovo,89989.0,Upper Mid-Range (75K-1.25L),AMD,Ryzen 5 Hexa Core,Ryzen 5,3,16,DDR5,1024,SSD,0.0156,14.0,Integrated,0,0,0,0,Windows 11 Home
Lenovo,Lenovo Yoga Slim 6 with 1Yr ADP,109804.0,Upper Mid-Range (75K-1.25L),Intel,Core i7 13th Gen 13700H,Core i7,4,16,LPDDR5X,1024,SSD,0.0156,14.0,Integrated,0,0,1,0,Windows 11 Home
HP,HP Pavilion,122999.0,Upper Mid-Range (75K-1.25L),Intel,Core i7 13th Gen 1355U,Core i7,4,16,LPDDR5X,1024,SSD,0.0156,14.0,Integrated,0,0,0,0,Windows 11 Home
Lenovo,Lenovo IdeaPad Slim 5 WUXGA OLED Full Metal Body,97290.0,Upper Mid-Range (75K-1.25L),Intel,Core i5 13th Gen 13420H,Core i5,3,16,DDR5,1024,SSD,0.0156,14.0,Integrated,0,0,0,1,Windows 11 Home
HP,HP Pavilion,90055.0,Upper Mid-Range (75K-1.25L),Intel,Core i5 13th Gen 1335U,Core i5,3,16,DDR4,1024,SSD,0.0156,15.6,Integrated,0,0,0,0,Windows 11 Home
Acer,Acer Swift X,84110.0,Upper Mid-Range (75K-1.25L),AMD,Ryzen 7 Octa Core 5800U,Ryzen 7,3,16,DDR4,1024,SSD,0.0156,14.0,Integrated,0,0,0,0,Windows 11 Home
Acer,Acer Predator Helios Neo 16,144999.0,Premium / Flagship (>1.25L),Intel,Core i7 13th Gen 13700HX,Core i7,4,16,DDR5,1024,SSD,0.0156,16.0,Integrated,1,0,0,0,Windows 11 Home
Microsoft,MICROSOFT Surface Laptop AI PC with Microsoft 365 for 6 Months*,170999.0,Premium / Flagship (>1.25L),Qualcomm,Snapdragon X Elite -,Snapdragon X,4,16,LPDDR5X,1024,SSD,0.0156,13.8,Integrated,0,0,0,0,Windows 11
Acer,Acer Swift Neo Office 2024 + M365 Basic,99999.0,Upper Mid-Range (75K-1.25L),Intel,Core Ultra 5 115U,Core Ultra 5,4,16,LPDDR5,1024,SSD,0.0156,14.0,Integrated,0,0,0,0,Windows 11 Home
HP,HP Victus,108990.0,Upper Mid-Range (75K-1.25L),Intel,Core i5 13th Gen 13420H,Core i5,3,16,DDR4,1024,SSD,0.0156,15.6,Integrated,1,0,0,0,Windows 11 Home
Lenovo,Lenovo Yoga Slim 7 Ultra 7 155H WUXGA OLED,140000.0,Premium / Flagship (>1.25L),Intel,Core Ultra 7 155H,Core Ultra 7,5,16,LPDDR5X,1024,SSD,0.0156,14.0,Integrated,0,0,1,1,Windows 11 Home
MSI,MSI Prestige 16 Evo AI PC,99990.0,Upper Mid-Range (75K-1.25L),Intel,Core Ultra 7 155H,Core Ultra 7,5,16,LPDDR5,1024,SSD,0.0156,16.0,Integrated,0,0,0,0,Windows 11 Home
HP,HP Pavilion,98990.0,Upper Mid-Range (75K-1.25L),Intel,Core i5 12th Gen 1235U,Core i5,3,16,DDR4,1024,SSD,0.0156,14.0,Integrated,0,0,0,0,Windows 11 Home
Lenovo,Lenovo LOQ,177990.0,Premium / Flagship (>1.25L),Intel,Core i7 13th Gen 13645HX,Core i7,4,16,DDR5,1024,SSD,0.0156,15.6,Integrated,1,0,0,0,Windows 11 Home
Apple,Apple MacBook Air M3,174900.0,Premium / Flagship (>1.25L),Apple,Apple M3 Pro,Apple M3,4,16,Unified Memory,1024,SSD,0.0156,13.0,Integrated,0,1,0,0,macOS Sonoma
Acer,Acer Predator Helios 16,201999.0,Premium / Flagship (>1.25L),Intel,Core i9 14th Gen 14900HX,Core i9,5,16,DDR5,1024,SSD,0.0156,16.0,Integrated,1,0,0,0,Windows 11 Home
HP,HP Omnibook 5 Flip,134393.0,Premium / Flagship (>1.25L),Intel,Core 7,Core 7,4,16,LPDDR5,1024,SSD,0.0156,14.0,Integrated,0,0,1,0,Windows 11 Home
ASUS,ASUS,86735.0,Upper Mid-Range (75K-1.25L),Intel,Core i5 13th Gen,Core i5,3,16,LPDDR5,1024,SSD,0.0156,15.6,Integrated,0,0,0,0,Windows 11 Home
MSI,MSI Prestige 16Studio,201990.0,Premium / Flagship (>1.25L),Intel,Core i7 13th Gen 13700H,Core i7,4,16,LPDDR5,1024,SSD,0.0156,16.0,Integrated,0,0,0,0,Windows 11 Home
MSI,MSI Raider GE66,279990.0,Premium / Flagship (>1.25L),Intel,Core i7 12th Gen 12700H,Core i7,4,16,DDR5,1024,SSD,0.0156,15.6,Integrated,0,0,0,0,Windows 11 Home
HP,HP Pavilion Eyesafe,98991.0,Upper Mid-Range (75K-1.25L),Intel,Core i7 12th Gen 1260P,Core i7,4,16,DDR4,1024,SSD,0.0156,15.6,Integrated,0,0,0,0,Windows 11 Home
Lenovo,Lenovo LOQ 2025,162090.0,Premium / Flagship (>1.25L),Intel,Core i7 13th Gen 13700HX,Core i7,4,16,DDR5,1024,SSD,0.0156,15.6,Integrated,1,0,0,0,Windows 11 Home
ASUS,ASUS,103499.0,Upper Mid-Range (75K-1.25L),AMD,Ryzen 7 7445HS,Ryzen 7,4,16,DDR5,1024,SSD,0.0156,15.6,Integrated,0,0,0,0,Windows 11 Home
Acer,"Acer Professional 14,",92320.0,Upper Mid-Range (75K-1.25L),Intel,Core i7 13th Gen 1355U,Core i7,4,16,DDR4,1024,SSD,0.0156,14.0,Integrated,0,0,0,0,Windows 11 Pro
Lenovo,Lenovo LOQ,187990.0,Premium / Flagship (>1.25L),Intel,Core i7 13th Gen 13650HX,Core i7,4,16,DDR5,1024,SSD,0.0156,15.6,Integrated,1,0,0,0,Windows 11 Home
MSI,MSI Summit E13FlipEvo,165990.0,Premium / Flagship (>1.25L),Intel,Core i7 13th Gen 1360P,Core i7,4,16,LPDDR5,1024,SSD,0.0156,13.4,Integrated,0,0,1,0,Windows 11 Home
Lenovo,Lenovo Yoga Slim Series,119890.0,Upper Mid-Range (75K-1.25L),Intel,Core Ultra 5 125H,Core Ultra 5,4,16,DDR5,1024,SSD,0.0156,14.0,Integrated,0,0,1,0,Windows 11 Home
ASUS,ASUS ROG Strix G16 with Office 2024 + M365 Basic*,159990.0,Premium / Flagship (>1.25L),Intel,Core i7 14th Gen 14650HX,Core i7,4,16,DDR5,1024,SSD,0.0156,16.0,Integrated,1,0,0,0,Windows 11 Home
ASUS,ASUS,129990.0,Premium / Flagship (>1.25L),AMD,RYZEN AI 7 445 Ryzen 7 Hexa Core -,Ryzen 7,4,16,DDR5,1024,SSD,0.0156,16.0,Integrated,0,0,0,0,Windows 11 Home
Lenovo,Lenovo LOQ 2025,177990.0,Premium / Flagship (>1.25L),Intel,Core i7 13th Gen 13645HX,Core i7,4,16,DDR5,1024,SSD,0.0156,15.6,Integrated,1,0,0,0,Windows 11 Home
Lenovo,Lenovo IdeaPad Slim 3 Next Gen AI PC WUXGA IPS Copilot + PC with 1Yr ADP,63990.0,Mid-Range (40K-75K),Qualcomm,Snapdragon X -,Snapdragon X,4,16,LPDDR5X,512,SSD,0.0312,15.3,Integrated,0,0,0,0,Windows 11 Home
Acer,Acer Aspire 3,49990.0,Mid-Range (40K-75K),Intel,Core i5 13th Gen 1334U,Core i5,3,16,DDR4,512,SSD,0.0312,14.0,Integrated,0,0,0,0,Windows 11 Home
MSI,MSI Modern 14,52990.0,Mid-Range (40K-75K),Intel,Core i5 13th Gen 1334U,Core i5,3,16,DDR4,512,SSD,0.0312,14.0,Integrated,0,0,0,0,Windows 11 Home
Dell,DELL 14 Microsoft Office Home 2024,61990.0,Mid-Range (40K-75K),Qualcomm,Snapdragon X -,Snapdragon X,4,16,LPDDR5X,512,SSD,0.0312,14.0,Integrated,0,0,0,0,Windows 11 Home
ASUS,ASUS ExpertBook P1 with 1 Yr ADP,70990.0,Mid-Range (40K-75K),Intel,Core 5 210H,Core 5 210H,3,16,DDR4,512,SSD,0.0312,15.6,Integrated,0,0,0,0,Windows 11 Home
ASUS,"ASUS Vivobook 15 with Office 2024 + M365 Basic*,",53990.0,Mid-Range (40K-75K),Intel,Core i3 13th Gen 1315U,Core i3,2,16,DDR4,512,SSD,0.0312,15.6,Integrated,0,0,0,0,Windows 11 Home
Acer,Acer Aspire Lite,52900.0,Mid-Range (40K-75K),Intel,Core i3 12th Gen 1215U,Core i3,2,16,DDR4,512,SSD,0.0312,15.6,Integrated,0,0,0,0,Windows 11 Home
HP,HP HP 15s Series,52721.0,Mid-Range (40K-75K),Intel,Core i3 12th Gen 1215U,Core i3,2,16,DDR4,512,SSD,0.0312,15.6,Integrated,0,0,0,0,Windows 11 Home
Microsoft,"MICROSOFT Surface Pro 12"" with Type Cover & Pen",150990.0,Premium / Flagship (>1.25L),Qualcomm,Snapdragon X Plus Processor 16 GB LPDDR5X RAM 64 bit Windows 11 Operating System 512 GB SSD 30,Snapdragon X,4,16,LPDDR5X,512,SSD,0.0312,12.0,Integrated,0,0,0,0,Windows 11
Microsoft,"MICROSOFT Surface Pro 12"" with Type Cover",141990.0,Premium / Flagship (>1.25L),Qualcomm,Snapdragon X Plus -,Snapdragon X,4,16,LPDDR5X,512,SSD,0.0312,12.0,Integrated,0,0,0,0,Windows 11
Acer,Acer Swift Neo 14 Office 2024 + M365 Basic,69521.0,Mid-Range (40K-75K),Intel,Core Ultra 5 115U,Core Ultra 5,4,16,LPDDR5,512,SSD,0.0312,14.0,Integrated,0,0,0,0,Windows 11 Home
Acer,"Acer Aspire Lite with Backlit Keyboard,",64900.0,Mid-Range (40K-75K),Intel,Core i5 12th Gen 1235U,Core i5,3,16,DDR4,512,SSD,0.0312,15.6,Integrated,0,0,0,0,Windows 11
ASUS,"ASUS Vivobook S16 OLED with Backlit Keyboard, Metal Body*,",72990.0,Mid-Range (40K-75K),Qualcomm,Snapdragon X -,Snapdragon X,4,16,LPDDR5X,512,SSD,0.0312,16.0,Integrated,0,0,0,1,Windows 11 Home
HP,HP 15s,69990.0,Mid-Range (40K-75K),AMD,Ryzen 5 Hexa Core 5500U,Ryzen 5,3,16,DDR4,512,SSD,0.0312,15.6,Integrated,0,0,0,0,Windows 11 Home
Lenovo,Lenovo IdeaPad Slim 3 15ABR8,63990.0,Mid-Range (40K-75K),AMD,Ryzen 5 Hexa Core 5625U,Ryzen 5,3,16,DDR4,512,SSD,0.0312,15.6,Integrated,0,0,0,0,Windows 11 Home
Acer,Acer Aspire Lite,53479.0,Mid-Range (40K-75K),AMD,Ryzen 3 Quad Core 5300U,Ryzen 3,2,16,DDR4,512,SSD,0.0312,15.6,Integrated,0,0,0,0,Windows 11 Home
ASUS,ASUS Vivobook 15,51990.0,Mid-Range (40K-75K),Intel,Core i5 12th Gen 1235U,Core i5,3,16,DDR4,512,SSD,0.0312,15.6,Integrated,0,0,0,0,Windows 11 Home
ASUS,"ASUS Vivobook 14 with Office 2024 + M365 Basic*, Backlit Keyboard,",64522.0,Mid-Range (40K-75K),Qualcomm,Snapdragon X -,Snapdragon X,4,16,LPDDR5X,512,SSD,0.0312,14.0,Integrated,0,0,0,0,Windows 11 Home
Motorola,MOTOROLA Motobook 60 Pro Full Metal AI PC WUXGA OLED,84990.0,Upper Mid-Range (75K-1.25L),Intel,Core Ultra 5 225H,Core Ultra 5,4,16,DDR5,512,SSD,0.0312,14.0,Integrated,0,0,0,1,Windows 11
Acer,Acer Swift Neo Office 2024 + M365 Basic,74062.0,Mid-Range (40K-75K),Intel,Core Ultra 5 115U,Core Ultra 5,4,16,LPDDR5,512,SSD,0.0312,14.0,Integrated,0,0,0,0,Windows 11 Home
Infinix,Infinix B15 Series,59990.0,Mid-Range (40K-75K),AMD,Ryzen 5 Hexa Core 5500U,Ryzen 5,3,16,DDR4,512,SSD,0.0312,15.6,Integrated,0,0,0,0,Windows 11 Home
Dell,DELL Inspiron 5440,67560.0,Mid-Range (40K-75K),Intel,Core i3 13th Gen 1305U,Core i3,2,16,DDR5,512,SSD,0.0312,14.0,Integrated,0,0,0,0,Windows 11 Home
Acer,Acer Aspire,64990.0,Mid-Range (40K-75K),Intel,Core i5 13th Gen 13420H,Core i5,3,16,LPDDR5,512,SSD,0.0312,15.6,Integrated,0,0,0,0,Windows 11 Home
HP,HP 15s,72990.0,Mid-Range (40K-75K),Intel,Core i5 11th Gen 1155G,Core i5,3,16,DDR4,512,SSD,0.0312,15.6,Integrated,0,0,0,0,Windows 11 Home
Dell,DELL 15 Microsoft Office Home 2024,74561.0,Mid-Range (40K-75K),Intel,Core i5 13th Gen,Core i5,3,16,DDR4,512,SSD,0.0312,15.6,Integrated,0,0,0,0,Windows 11 Home
Acer,Acer Aspire Lite,57471.0,Mid-Range (40K-75K),AMD,Ryzen 3 Quad Core,Ryzen 3,2,16,DDR4,512,SSD,0.0312,15.6,Integrated,0,0,0,0,Windows 11 Home
Lenovo,Lenovo IdeaPad Slim 3,51990.0,Mid-Range (40K-75K),Intel,Core i5 12th Gen 1235U,Core i5,3,16,DDR4,512,SSD,0.0312,15.6,Integrated,0,0,0,0,Windows 11 Home
Acer,Acer Swift Lite 14,84999.0,Upper Mid-Range (75K-1.25L),Intel,Core Ultra 5 115U,Core Ultra 5,4,16,LPDDR5,512,SSD,0.0312,14.0,Integrated,0,0,0,0,Windows 11 Home
Motorola,MOTOROLA Motobook 60 Full Metal WUXGA OLED,69990.0,Mid-Range (40K-75K),Intel,Core 5 210H,Core 5 210H,3,16,DDR5,512,SSD,0.0312,14.0,Integrated,0,0,0,1,Windows 11 Home
Dell,DELL 14 Plus series,74990.0,Mid-Range (40K-75K),AMD,Ryzen AI 5 Hexa Core AI 5 340 -,Ryzen AI,3,16,LPDDR5X,512,SSD,0.0312,14.0,Integrated,0,0,0,0,Windows 11 Home
ASUS,ASUS ExpertBook P1 with 1 Yr ADP,109990.0,Upper Mid-Range (75K-1.25L),Intel,Core 3 100U,Core 3 100U,2,16,DDR5,512,SSD,0.0312,15.6,Integrated,0,0,0,0,Windows 11 Home
Acer,Acer Aspire 14 Office 2024 + M365 Basic,64500.0,Mid-Range (40K-75K),Intel,Core i5 13th Gen 13500H,Core i5,3,16,LPDDR5,512,SSD,0.0312,14.0,Integrated,0,0,0,0,Windows 11 Home
Acer,Acer Aspire 14 Office 2024 + M365 Basic,84999.0,Upper Mid-Range (75K-1.25L),Intel,Core i7 13th Gen 13620H,Core i7,4,16,LPDDR5,512,SSD,0.0312,14.0,Integrated,0,0,0,0,Windows 11 Home
ASUS,"ASUS Zenbook A14 OLED , MSO 2024 + M365 Basic, Metal Body, Backlit Keyboard,",79851.0,Upper Mid-Range (75K-1.25L),Qualcomm,Snapdragon X -,Snapdragon X,4,16,LPDDR5X,512,SSD,0.0312,14.0,Integrated,0,0,0,1,Windows 11 Home
Lenovo,Lenovo,89900.0,Upper Mid-Range (75K-1.25L),Intel,Core i7 13th Gen,Core i7,4,16,DDR5,512,SSD,0.0312,15.3,Integrated,0,0,0,0,Windows 11 Home
ASUS,ASUS ASUS Vivobook 16,84690.0,Upper Mid-Range (75K-1.25L),Intel,Core i5 13th Gen 13420H,Core i5,3,16,DDR4,512,SSD,0.0312,16.0,Integrated,0,0,0,0,Windows 11 Home
ASUS,ASUS Vivobook 16,91990.0,Upper Mid-Range (75K-1.25L),Intel,Core Ultra 5 225H,Core Ultra 5,4,16,DDR5,512,SSD,0.0312,16.0,Integrated,0,0,0,0,Windows 11 Home
Lenovo,Lenovo IdeaPad Slim 3,69890.0,Mid-Range (40K-75K),Intel,Core i5 12th Gen 12450H,Core i5,3,16,LPDDR5,512,SSD,0.0312,14.0,Integrated,0,0,0,0,Windows 11 Home
ASUS,"ASUS Vivobook S14 with Office 2024 + M365 Basic*, AI PC, Backlit Keyboard,",79210.0,Upper Mid-Range (75K-1.25L),Qualcomm,Snapdragon X -,Snapdragon X,4,16,LPDDR5X,512,SSD,0.0312,14.0,Integrated,0,0,0,0,Windows 11 Home
Dell,DELL Inspiron MSO 2024,71137.0,Mid-Range (40K-75K),Intel,Core i5 13th Gen 1334U,Core i5,3,16,DDR4,512,SSD,0.0312,15.6,Integrated,0,0,0,0,Windows 11 Home
Dell,DELL Inspiron 15,71990.0,Mid-Range (40K-75K),Intel,Core i5 1334U,Core i5,3,16,DDR4,512,SSD,0.0312,15.6,Integrated,0,0,0,0,Windows 11 Home
Lenovo,Lenovo IdeaPad Slim 3,56680.0,Mid-Range (40K-75K),AMD,Ryzen 3 Processor,Ryzen 3,2,16,LPDDR5,512,SSD,0.0312,15.6,Integrated,0,0,0,0,Windows 11 Home
Lenovo,Lenovo IdeaPad Slim 3 Backlit,75900.0,Upper Mid-Range (75K-1.25L),Intel,Core i5 12th Gen 12450H,Core i5,3,16,LPDDR5,512,SSD,0.0312,15.6,Integrated,0,0,0,0,Windows 11 Home
Acer,Acer Swift Neo Office 2024 + M365 Basic,97999.0,Upper Mid-Range (75K-1.25L),Intel,Core Ultra 7 155U,Core Ultra 7,5,16,LPDDR5,512,SSD,0.0312,14.0,Integrated,0,0,0,0,Windows 11 Home
Acer,Acer Aspire Lite,68005.0,Mid-Range (40K-75K),Intel,Core i5 12th Gen 1235U,Core i5,3,16,DDR4,512,SSD,0.0312,15.6,Integrated,0,0,0,0,Windows 11 Home
ASUS,"ASUS Vivobook 15 with Office 2024 + M365 Basic*,",80990.0,Upper Mid-Range (75K-1.25L),AMD,Ryzen 7 Octa Core,Ryzen 7,4,16,DDR5,512,SSD,0.0312,15.6,Integrated,0,0,0,0,Windows 11 Home
Acer,Acer Aspire 3,59999.0,Mid-Range (40K-75K),Intel,Core i3 13th Gen 1305U,Core i3,2,16,DDR4,512,SSD,0.0312,14.0,Integrated,0,0,0,0,Windows 11 Home
MSI,MSI Modern 14,64990.0,Mid-Range (40K-75K),AMD,Ryzen 5 Hexa Core 7530U,Ryzen 5,3,16,DDR4,512,SSD,0.0312,14.0,Integrated,0,0,0,0,Windows 11 Home
Acer,Acer Nitro V,88391.0,Upper Mid-Range (75K-1.25L),Intel,Core i5 13th Gen 13420H,Core i5,3,16,DDR5,512,SSD,0.0312,15.6,Integrated,1,0,0,0,Windows 11 Home
MSI,MSI Modern 14,64990.0,Mid-Range (40K-75K),Intel,Core i3 13th Gen 1315U,Core i3,2,16,DDR4,512,SSD,0.0312,14.0,Integrated,0,0,0,0,Windows 11 Home
Acer,Acer,48807.0,Mid-Range (40K-75K),Intel,Core i3 13th Gen,Core i3,2,8,DDR4,512,SSD,0.0156,15.6,Integrated,0,0,0,0,Windows 11 Home
Acer,Acer Aspire 3,48800.0,Mid-Range (40K-75K),Intel,Core i3 12th Gen 1215U,Core i3,2,8,DDR4,512,SSD,0.0156,15.6,Integrated,0,0,0,0,Windows 11 Home
Acer,Acer Aspire 3,54886.0,Mid-Range (40K-75K),Intel,Core i3 12th Gen,Core i3,2,8,DDR4,512,SSD,0.0156,15.6,Integrated,0,0,0,0,Windows 11 Home
Acer,Acer Aspire 3,39899.0,Budget (<40K),Intel,Celeron Dual Core,Celeron Dual Core,1,8,DDR4,256,SSD,0.0312,11.6,Integrated,0,0,0,0,Windows 11 Home
ASUS,ASUS ExpertBook P1 with 1 Yr ADP,99990.0,Upper Mid-Range (75K-1.25L),Intel,Core 3 100U,Core 3 100U,2,8,DDR5,512,SSD,0.0156,15.6,Integrated,0,0,0,0,Windows 11 Home
Acer,Acer Aspire 3,51031.0,Mid-Range (40K-75K),AMD,Ryzen 3 Quad Core 7330U,Ryzen 3,2,8,DDR4,256,SSD,0.0312,15.6,Integrated,0,0,0,0,Windows 11 Home
Acer,Acer Aspire 3,37972.0,Budget (<40K),Intel,Celeron Dual Core,Celeron Dual Core,1,8,DDR4,512,SSD,0.0156,11.6,Integrated,0,0,0,0,Windows 11 Home
Acer,Acer Aspire 3,49990.0,Mid-Range (40K-75K),Intel,Core 3 100U,Core 3 100U,2,8,DDR4,512,SSD,0.0156,14.0,Integrated,0,0,0,0,Windows 11 Home
Acer,Acer Aspire 3,46141.0,Mid-Range (40K-75K),AMD,Ryzen 3,Ryzen 3,2,8,DDR4,512,SSD,0.0156,15.6,Integrated,0,0,0,0,Windows 11 Home
Acer,Acer Aspire 3,43000.0,Mid-Range (40K-75K),Intel,Core i3 12th Gen 1215U,Core i3,2,8,DDR4,512,SSD,0.0156,14.0,Integrated,0,0,0,0,Windows 11 Home
Acer,Acer Aspire 3,53892.0,Mid-Range (40K-75K),Intel,Core i3 11th Gen 1115G,Core i3,2,4,DDR4,256,SSD,0.0156,15.6,Integrated,0,0,0,0,Windows 10 Home
Acer,Acer Aspire 3,52650.0,Mid-Range (40K-75K),Intel,Core i3 13th Gen 1305U,Core i3,2,8,DDR4,512,SSD,0.0156,14.0,Integrated,0,0,0,0,Windows 11 Home
Acer,Acer Aspire 3,51898.0,Mid-Range (40K-75K),AMD,Ryzen 3 Quad Core,Ryzen 3,2,8,DDR4,512,SSD,0.0156,15.6,Integrated,0,0,0,0,Windows 11 Home
Acer,Acer Aspire 3,52990.0,Mid-Range (40K-75K),Intel,Core i3 13th Gen 1305U,Core i3,2,16,DDR4,512,SSD,0.0312,15.6,Integrated,0,0,0,0,Windows 11 Home
Acer,Acer Aspire 3 Backlit,51939.0,Mid-Range (40K-75K),Intel,Core i3 12th Gen 1215U,Core i3,2,8,DDR4,512,SSD,0.0156,14.0,Integrated,0,0,0,0,Windows 11 Home
ASUS,ASUS Chromebook CX15,24990.0,Budget (<40K),Intel,Celeron Dual Core N50,Celeron Dual Core N50,1,4,LPDDR5,64,eMMC,0.0625,15.6,Integrated,0,0,0,0,Windows 11 Home
Acer,Acer Aspire Lite Metal,36990.0,Budget (<40K),AMD,Ryzen 3 Quad Core 5400U,Ryzen 3,2,8,DDR4,256,SSD,0.0312,15.6,Integrated,0,0,0,0,Windows 11 Home
Acer,Acer Aspire 14,36990.0,Budget (<40K),AMD,Ryzen 3 3200U,Ryzen 3,2,8,DDR4,512,SSD,0.0156,14.0,Integrated,0,0,0,0,Windows 11 Home
Acer,Acer Aspire Lite Metal,46990.0,Mid-Range (40K-75K),Intel,Core 3 14th Gen 100U,Core 3 14th Gen 100U,2,8,DDR4,512,SSD,0.0156,15.6,Integrated,0,0,0,0,Windows 11 Home
Acer,Acer Aspire,56990.0,Mid-Range (40K-75K),Intel,Core i5 12th Gen 12450H,Core i5,3,16,LPDDR5,512,SSD,0.0312,15.6,Integrated,0,0,0,0,Windows 11 Home
Acer,Acer Aspire One,39591.0,Budget (<40K),Intel,Celeron Dual Core N4500,Celeron Dual Core N4500,1,12,LPDDR4X,256,SSD,0.0469,14.0,Integrated,0,0,0,0,Windows 11 Home
ASUS,ASUS ExpertBook P1 with 1 Yr ADP,88990.0,Upper Mid-Range (75K-1.25L),Intel,Core 5 210H,Core 5 210H,3,32,DDR5,512,SSD,0.0625,15.6,Integrated,0,0,0,0,Windows 11 Home
Acer,Acer Aspire 15,46599.0,Mid-Range (40K-75K),AMD,Ryzen 3 Quad Core 7330U,Ryzen 3,2,8,DDR4,512,SSD,0.0156,15.6,Integrated,0,0,0,0,Windows 11 Home
Acer,Acer Aspire 3,46990.0,Mid-Range (40K-75K),AMD,Ryzen 3 Quad Core 7330U,Ryzen 3,2,8,DDR4,512,SSD,0.0156,15.6,Integrated,0,0,0,0,Windows 11 Home
Acer,Acer Aspire Lite,62599.0,Mid-Range (40K-75K),AMD,Ryzen 5 Hexa Core 5625U,Ryzen 5,3,16,DDR4,512,SSD,0.0312,15.6,Integrated,0,0,0,0,Windows 11 Home
Acer,Acer,41890.0,Mid-Range (40K-75K),Intel,Celeron Dual Core N4500,Celeron Dual Core N4500,1,12,LPDDR4X,512,SSD,0.0234,15.6,Integrated,0,0,0,0,Windows 11 Home
Acer,Acer Chromebook,23990.0,Budget (<40K),Intel,Celeron Dual Core N4500,Celeron Dual Core N4500,1,8,LPDDR4X,128,eMMC,0.0625,15.6,Integrated,0,0,0,0,Windows 11 Home
Acer,Acer Aspire 3,40990.0,Mid-Range (40K-75K),AMD,Ryzen 3 5300U,Ryzen 3,2,8,DDR4,256,SSD,0.0312,15.6,Integrated,0,0,0,0,Windows 11 Home
Acer,Acer Aspire 15,64083.0,Mid-Range (40K-75K),AMD,Ryzen 5 Hexa Core 7430U,Ryzen 5,3,8,DDR4,512,SSD,0.0156,15.6,Integrated,0,0,0,0,Windows 11 Home
Acer,Acer Aspire 3,33250.0,Budget (<40K),Intel,Celeron Dual Core,Celeron Dual Core,1,8,DDR4,128,SSD,0.0625,11.6,Integrated,0,0,0,0,Windows 11 Home
Samsung,Samsung Galaxy Book4 Metal,51990.0,Mid-Range (40K-75K),Intel,Core i3 13th Gen 1315U,Core i3,2,8,LPDDR4X,512,SSD,0.0156,15.6,Integrated,0,0,0,0,Windows 11 Home
Acer,Acer ‎Acer One 14,51177.0,Mid-Range (40K-75K),AMD,Ryzen 3 Quad Core 7320U,Ryzen 3,2,8,LPDDR5,512,SSD,0.0156,14.0,Integrated,0,0,0,0,Windows 11 Home
Acer,Acer Aspire 14 Office 2024 + M365 Basic,64990.0,Mid-Range (40K-75K),Intel,Core 5 210,Core 5 210,3,16,LPDDR5,512,SSD,0.0312,14.0,Integrated,0,0,0,0,Windows 11 Home
Acer,Acer Aspire 3,43999.0,Mid-Range (40K-75K),AMD,Ryzen 3 5400U,Ryzen 3,2,8,DDR4,512,SSD,0.0156,15.6,Integrated,0,0,0,0,Windows 11 Home
Acer,Acer,28990.0,Budget (<40K),Intel,Celeron Dual Core N4500,Celeron Dual Core N4500,1,8,DDR4,128,SSD,0.0625,11.6,Integrated,0,0,0,0,Windows 11 Home
HP,HP 15,54900.0,Mid-Range (40K-75K),Intel,Core 3 100U,Core 3 100U,2,8,DDR4,512,SSD,0.0156,15.6,Integrated,0,0,0,0,Windows 11 Home
Acer,Acer Aspire Lite,75812.0,Upper Mid-Range (75K-1.25L),AMD,Ryzen 7 Octa Core 7730U,Ryzen 7,4,16,DDR4,512,SSD,0.0312,15.6,Integrated,0,0,0,0,Windows 11 Home
Acer,Acer Aspire 3 Backlit,60990.0,Mid-Range (40K-75K),AMD,Ryzen 7 Octa Core 7730U,Ryzen 7,4,16,DDR4,512,SSD,0.0312,15.6,Integrated,0,0,0,0,Windows 11 Home
Acer,Acer Aspire 15,61955.0,Mid-Range (40K-75K),AMD,Ryzen 5 Hexa Core 7430U,Ryzen 5,3,16,DDR4,512,SSD,0.0312,15.6,Integrated,0,0,0,0,Windows 11
ASUS,ASUS ExpertBook P1 with 1 Yr ADP,56990.0,Mid-Range (40K-75K),Intel,Core 3 14th Gen 100U,Core 3 14th Gen 100U,2,8,DDR5,512,SSD,0.0156,15.6,Integrated,0,0,0,0,Windows 11 Home
Acer,"Acer Aspire 15 MS Office 2024 + M365 Basic,",43990.0,Mid-Range (40K-75K),AMD,Ryzen 3 Quad Core 7330U,Ryzen 3,2,8,DDR4,256,SSD,0.0312,15.6,Integrated,0,0,0,0,Windows 11 Home
Acer,Acer Aspire 3,39500.0,Budget (<40K),Intel,Celeron Dual Core N4500,Celeron Dual Core N4500,1,12,LPDDR4X,512,SSD,0.0234,14.0,Integrated,0,0,0,0,Windows 11 Home
Acer,Acer One 14,41300.0,Mid-Range (40K-75K),AMD,Ryzen 3,Ryzen 3,2,8,DDR4,512,SSD,0.0156,14.0,Integrated,0,0,0,0,Windows 11 Home
ASUS,"ASUS Vivobook 15 with MSO 2024 + M365 Basic*, Backlit Keyboard,",73990.0,Mid-Range (40K-75K),Intel,Core 5 120U,Core 5 120U,3,16,DDR4,512,SSD,0.0312,15.6,Integrated,0,0,0,0,Windows 11 Home
Acer,"Acer Aspire Lite Metal , Backlit Keyboard",44990.0,Mid-Range (40K-75K),AMD,Ryzen 3 7330U,Ryzen 3,2,8,DDR4,512,SSD,0.0156,15.6,Integrated,0,0,0,0,Windows 11 Home
Acer,Acer Travellite,44490.0,Mid-Range (40K-75K),AMD,Ryzen 3 Octa Core 5400U,Ryzen 3,2,8,DDR4,512,SSD,0.0156,14.0,Integrated,0,0,0,0,Windows 11 Home
HP,HP 15,71990.0,Mid-Range (40K-75K),Intel,Core i5 13th Gen 13420H,Core i5,3,16,DDR4,512,SSD,0.0312,15.6,Integrated,0,0,0,0,Windows 11 Home
Acer,"Acer Aspire 3 AI PC, Backlit Keyboard",59990.0,Mid-Range (40K-75K),Intel,Core Ultra 5 115U,Core Ultra 5,4,8,DDR5,512,SSD,0.0156,15.6,Integrated,0,0,0,0,Windows 11 Home
Acer,Acer Aspire Lite,74990.0,Mid-Range (40K-75K),Intel,Core i7 12th Gen 12650H,Core i7,4,16,LPDDR5,512,SSD,0.0312,15.6,Integrated,0,0,0,0,Windows 11 Home
Acer,Acer,58999.0,Mid-Range (40K-75K),Intel,Core i5,Core i5,3,8,DDR4,512,SSD,0.0156,14.0,Integrated,0,0,0,0,Windows 11 Home
ASUS,"ASUS Vivobook 14 Flip OLED with Touch Screen, Metallic Design,",96990.0,Upper Mid-Range (75K-1.25L),Intel,Core Ultra 5 226V,Core Ultra 5,4,16,LPDDR5X,512,SSD,0.0312,14.0,Integrated,0,0,1,1,Windows 11 Home
Acer,Acer Aspire 3 with Infinity Learn NEET 2027 Capsule Course,35990.0,Budget (<40K),Intel,Celeron Dual Core N4500,Celeron Dual Core N4500,1,8,LPDDR4X,256,SSD,0.0312,15.6,Integrated,0,0,0,0,Windows 11 Home
Acer,Acer Aspire 3,41200.0,Mid-Range (40K-75K),Intel,Celeron Dual Core N4500,Celeron Dual Core N4500,1,12,LPDDR4X,512,SSD,0.0234,15.6,Integrated,0,0,0,0,Windows 11 Home
Acer,Acer Aspire 3,42864.0,Mid-Range (40K-75K),Intel,Celeron Dual Core N4500,Celeron Dual Core N4500,1,8,LPDDR4X,512,SSD,0.0156,15.6,Integrated,0,0,0,0,Windows 11 Home
Acer,Acer Aspire 3,56990.0,Mid-Range (40K-75K),Intel,Core i5 12th Gen,Core i5,3,8,DDR4,512,SSD,0.0156,15.6,Integrated,0,0,0,0,Windows 11 Home
Acer,Acer Aspire 3,46990.0,Mid-Range (40K-75K),AMD,Ryzen 3 Quad Core 7320U,Ryzen 3,2,8,LPDDR5,512,SSD,0.0156,15.6,Integrated,0,0,0,0,Windows 11 Home
Acer,Acer Aspire 3,37729.0,Budget (<40K),Intel,Celeron Dual Core,Celeron Dual Core,1,8,LPDDR4X,256,SSD,0.0312,15.6,Integrated,0,0,0,0,Windows 11 Home
Acer,Acer Aspire 3,56990.0,Mid-Range (40K-75K),Intel,Core i5 12th Gen 1235U,Core i5,3,8,DDR4,512,SSD,0.0156,15.6,Integrated,0,0,0,0,Windows 11 Home
Acer,Acer Aspire 3,59990.0,Mid-Range (40K-75K),Intel,Core i5 11th Gen 1135G,Core i5,3,8,DDR4,512,SSD,0.0156,15.6,Integrated,0,0,0,0,Windows 11 Home
Acer,Acer Aspire Lite Metal,46990.0,Mid-Range (40K-75K),AMD,Ryzen 3 Quad Core 5400U,Ryzen 3,2,8,DDR4,512,SSD,0.0156,15.6,Integrated,0,0,0,0,Windows 11 Home
Acer,Acer Aspire Lite,47419.0,Mid-Range (40K-75K),AMD,Ryzen 3 7330U,Ryzen 3,2,8,DDR4,512,SSD,0.0156,15.6,Integrated,0,0,0,0,Windows 11 Home
Acer,Acer One 15,42895.0,Mid-Range (40K-75K),AMD,Ryzen 3 Octa Core 7320U,Ryzen 3,2,8,LPDDR5,256,SSD,0.0312,15.6,Integrated,0,0,0,0,Windows 11 Home
Acer,Acer Aspire 3,67994.0,Mid-Range (40K-75K),Intel,Core i5 13th Gen 1334U,Core i5,3,16,DDR4,512,SSD,0.0312,15.6,Integrated,0,0,0,0,Windows 11 Home
Acer,Acer Aspire 3,40990.0,Mid-Range (40K-75K),AMD,Ryzen 3 5400U,Ryzen 3,2,8,DDR4,256,SSD,0.0312,15.6,Integrated,0,0,0,0,Windows 11 Home
Acer,Acer Aspire 3,48949.0,Mid-Range (40K-75K),Intel,Core i3 13th Gen 1305U,Core i3,2,8,DDR4,512,SSD,0.0156,15.6,Integrated,0,0,0,0,Windows 11 Home
Acer,"Acer Aspire Lite Metal , Backlit Keyboard",39990.0,Budget (<40K),AMD,Ryzen 3 7330U,Ryzen 3,2,8,DDR4,256,SSD,0.0312,15.6,Integrated,0,0,0,0,Windows 11 Home
Acer,Acer Aspire 3 15,54990.0,Mid-Range (40K-75K),AMD,Ryzen 5 Quad Core 7520U,Ryzen 5,3,8,LPDDR5,512,SSD,0.0156,15.6,Integrated,0,0,0,0,Windows 11 Home
Acer,Acer Aspire 3,69510.0,Mid-Range (40K-75K),Intel,Core i5 13th Gen 1334U,Core i5,3,8,DDR4,512,SSD,0.0156,14.0,Integrated,0,0,0,0,Windows 11 Home
Acer,Acer Aspire 3 Backlit,53000.0,Mid-Range (40K-75K),Intel,Core i5 12th Gen 1235U,Core i5,3,16,DDR4,512,SSD,0.0312,14.0,Integrated,0,0,0,0,Windows 11 Home
Acer,Acer Aspire 3,71292.0,Mid-Range (40K-75K),Intel,Core i5 12th Gen 1235U,Core i5,3,16,DDR4,512,SSD,0.0312,15.6,Integrated,0,0,0,0,Windows 11 Home
Acer,Acer Aspire,29999.0,Budget (<40K),Intel,Celeron Dual Core N4500,Celeron Dual Core N4500,1,12,LPDDR4X,256,SSD,0.0469,14.0,Integrated,0,0,0,0,Windows 11 Home
Acer,"Acer Aspire 5 Metal AI PC, Backlit Keyboard",81990.0,Upper Mid-Range (75K-1.25L),Intel,Core Ultra 5 125H,Core Ultra 5,4,16,LPDDR5,512,SSD,0.0312,14.0,Integrated,0,0,0,0,Windows 11 Home
Acer,Acer Aspire 14,45990.0,Mid-Range (40K-75K),AMD,Ryzen 3 3200U,Ryzen 3,2,8,DDR4,256,SSD,0.0312,14.0,Integrated,0,0,0,0,Windows 11 Home
Lenovo,Lenovo 100e Chromebook Gen 4,13990.0,Budget (<40K),MediaTek,Kompanio 520,Kompanio,1,4,LPDDR4X,32,eMMC,0.125,11.6,Integrated,0,0,0,0,Windows 11 Home
Lenovo,Lenovo Chromebook 11IJL9,16990.0,Budget (<40K),Intel,Celeron Dual Core N4500,Celeron Dual Core N4500,1,4,LPDDR4X,64,eMMC,0.0625,11.6,Integrated,0,0,0,0,Windows 11 Home
Lenovo,Lenovo Chromebook,26990.0,Budget (<40K),MediaTek,Kompanio 520,Kompanio,1,4,LPDDR4X,128,eMMC,0.0312,14.0,Integrated,0,0,0,0,Windows 11 Home
Microsoft,"MICROSOFT Surface Pro 12"" with Type Cover",133990.0,Premium / Flagship (>1.25L),Qualcomm,Snapdragon X Plus -,Snapdragon X,4,16,LPDDR5X,256,SSD,0.0625,12.0,Integrated,0,0,0,0,Windows 11
Acer,Acer One 14 Pro Thin & Light Laptop,46990.0,Mid-Range (40K-75K),AMD,Ryzen 3 Quad Core,Ryzen 3,2,8,DDR5,512,SSD,0.0156,14.0,Integrated,0,0,0,0,Windows 11
Acer,Acer TravelLite,46990.0,Mid-Range (40K-75K),AMD,Ryzen 3 Octa Core,Ryzen 3,2,8,DDR4,512,SSD,0.0156,14.0,Integrated,0,0,0,0,Windows 11 Home
Acer,Acer One 14,44043.0,Mid-Range (40K-75K),AMD,Ryzen 3,Ryzen 3,2,8,DDR4,256,SSD,0.0312,14.0,Integrated,0,0,0,0,Windows 11 Home
Acer,Acer Aspire 5,67691.0,Mid-Range (40K-75K),Intel,Core i5 13th Gen,Core i5,3,8,DDR4,512,SSD,0.0156,15.6,Integrated,0,0,0,0,Windows 11 Home
Acer,Acer Aspire 5 Gaming,79500.0,Upper Mid-Range (75K-1.25L),Intel,Core i5 12th Gen 1240P,Core i5,3,16,DDR4,512,SSD,0.0312,15.6,Integrated,1,0,0,0,Windows 11 Home
Acer,Acer Aspire 7,104690.0,Upper Mid-Range (75K-1.25L),Intel,Core 5 210H,Core 5 210H,3,16,DDR4,512,SSD,0.0312,15.6,Integrated,0,0,0,0,Windows 11 Home
Acer,Acer Aspire 7,79990.0,Upper Mid-Range (75K-1.25L),Intel,Core 7 240H,Core 7 240H,4,16,DDR4,512,SSD,0.0312,15.6,Integrated,0,0,0,0,Windows 11 Home
Acer,Acer Nitro V 15,104990.0,Upper Mid-Range (75K-1.25L),Intel,Core i5 13th Gen 13420H,Core i5,3,16,DDR4,512,SSD,0.0312,15.6,Integrated,1,0,0,0,Windows 11 Home
Acer,Acer NITRO LITE 16,93990.0,Upper Mid-Range (75K-1.25L),Intel,Core i5 13th Gen 13420H,Core i5,3,16,DDR5,512,SSD,0.0312,16.0,Integrated,1,0,0,0,Windows 11 Home
ASUS,ASUS TUF Gaming F17,50990.0,Mid-Range (40K-75K),Intel,Core i5 11th Gen 11400H,Core i5,3,16,DDR4,512,SSD,0.0312,17.3,Integrated,1,0,0,0,Windows 11
Acer,Acer NITRO V 16S,127990.0,Premium / Flagship (>1.25L),Intel,Core 5 210H,Core 5 210H,3,16,DDR5,512,SSD,0.0312,16.0,Integrated,1,0,0,0,Windows 11 Home
Acer,Acer Nitro V 15,106999.0,Upper Mid-Range (75K-1.25L),Intel,Core 5 210H,Core 5 210H,3,16,DDR5,512,SSD,0.0312,15.6,Integrated,1,0,0,0,Windows 11 Home
Acer,Acer Predator Helios Neo 16S AI,213999.0,Premium / Flagship (>1.25L),Intel,Core Ultra 7 255HX,Core Ultra 7,5,16,DDR5,1024,SSD,0.0156,16.0,Integrated,1,0,0,0,Windows 11 Home
Acer,Acer Aspire 7,79999.0,Upper Mid-Range (75K-1.25L),Intel,Core i5 9th Gen 9300H,Core i5,3,8,DDR4,512,SSD,0.0156,15.6,Integrated,0,0,0,0,Windows 11 Home
Acer,Acer Nitro 5 Pro,162990.0,Premium / Flagship (>1.25L),Intel,Core i5 14th Gen 14450HX,Core i5,3,16,DDR5,1024,SSD,0.0156,16.0,Integrated,1,0,0,0,Windows 11 Home
Acer,Acer Aspire 7,86755.0,Upper Mid-Range (75K-1.25L),Intel,Core i5 13th Gen,Core i5,3,16,DDR4,512,SSD,0.0312,15.6,Integrated,0,0,0,0,Windows 11 Home
Acer,Acer Predator Helios 300,129999.0,Premium / Flagship (>1.25L),Intel,Core i5 8th Gen 8300H,Core i5,3,16,DDR4,1024,HDD,0.0156,15.6,Integrated,1,0,0,0,Windows 10 Home
Acer,Acer Aspire 7,99999.0,Upper Mid-Range (75K-1.25L),Intel,Core i7 13th Gen 13620H,Core i7,4,16,DDR4,512,SSD,0.0312,15.6,Integrated,0,0,0,0,Windows 11 Home
Acer,Acer Aspire 7,98978.0,Upper Mid-Range (75K-1.25L),Intel,Core i5 13th Gen 13420H,Core i5,3,16,DDR4,512,SSD,0.0312,15.6,Integrated,0,0,0,0,Windows 11 Home
Acer,Acer Nitro,99999.0,Upper Mid-Range (75K-1.25L),AMD,Ryzen 5 Hexa Core 5600H,Ryzen 5,3,8,DDR4,1024,HDD,0.0078,15.6,Integrated,1,0,0,0,Windows 11 Home
Acer,Acer Nitro 5 Pro,172990.0,Premium / Flagship (>1.25L),Intel,Core i7 14th Gen 14650HX,Core i7,4,16,DDR5,1024,SSD,0.0156,16.0,Integrated,1,0,0,0,Windows 11 Home
ASUS,ASUS TUF Gaming F16,113990.0,Upper Mid-Range (75K-1.25L),Intel,Core 5 205H,Core 5 205H,3,16,DDR5,512,SSD,0.0312,16.0,Integrated,1,0,0,0,Windows 11 Home
Acer,Acer Predator Helios 300,150490.0,Premium / Flagship (>1.25L),Intel,Core i7 10th Gen 10870H,Core i7,4,16,DDR4,2048,SSD,0.0078,15.6,Integrated,1,0,0,0,Windows 10 Home
Acer,Acer Nitro 5,101564.0,Upper Mid-Range (75K-1.25L),AMD,Ryzen 5 Hexa Core 4600H,Ryzen 5,3,8,DDR4,1024,HDD,0.0078,15.6,Integrated,1,0,0,0,Windows 11
Acer,Acer 3 Years Warranty ALG Gaming,99340.0,Upper Mid-Range (75K-1.25L),Intel,Core i5 13th Gen 13420H,Core i5,3,16,DDR4,512,SSD,0.0312,15.6,Integrated,1,0,0,0,Windows 11 Home
Acer,Acer Predator Triton 300,160190.0,Premium / Flagship (>1.25L),Intel,Core i7 10th Gen 10750H,Core i7,4,16,DDR4,2048,SSD,0.0078,15.6,Integrated,1,0,0,0,Windows 10 Home
Acer,Acer Aspire 7,89999.0,Upper Mid-Range (75K-1.25L),Intel,Core i5 12th Gen 1240P,Core i5,3,8,DDR4,512,SSD,0.0156,15.6,Integrated,0,0,0,0,Windows 11 Home
Acer,Acer Aspire 7,89999.0,Upper Mid-Range (75K-1.25L),Intel,Core i5 12th Gen 12450H,Core i5,3,16,DDR4,512,SSD,0.0312,15.6,Integrated,0,0,0,0,Windows 11 Home
Acer,Acer Predator Helios 300,109990.0,Upper Mid-Range (75K-1.25L),Intel,Core i5 7th Gen 7300HQ,Core i5,3,16,DDR4,1024,HDD,0.0156,15.6,Integrated,1,0,0,0,Windows 10 Home
Acer,Acer Nitro V,108999.0,Upper Mid-Range (75K-1.25L),AMD,Ryzen 5 Hexa Core 6600H,Ryzen 5,3,16,DDR5,512,SSD,0.0312,15.6,Integrated,1,0,0,0,Windows 11 Home
Acer,Acer Aspire 7,89990.0,Upper Mid-Range (75K-1.25L),Intel,Core i5 13th Gen,Core i5,3,8,DDR4,512,SSD,0.0156,15.6,Integrated,0,0,0,0,Windows 11 Home
Acer,Acer NITRO V15,145220.0,Premium / Flagship (>1.25L),Intel,Core i7 13th Gen,Core i7,4,16,DDR4,512,SSD,0.0312,15.6,Integrated,1,0,0,0,Windows 11 Home
Acer,Acer Aspire 3D 15 SpatialLabs Edition,150999.0,Premium / Flagship (>1.25L),Intel,Core i5 13th Gen 13420H,Core i5,3,16,DDR5,512,SSD,0.0312,15.6,Integrated,0,0,0,0,Windows 11
Acer,Acer Swift X,134999.0,Premium / Flagship (>1.25L),Intel,Core i7 11th Gen 11390H,Core i7,4,16,LPDDR4X,1024,SSD,0.0156,16.1,Integrated,0,0,0,0,Windows 11 Home
Acer,"Acer Aspire 5 Metal AI PC, Backlit Keyboard",74990.0,Mid-Range (40K-75K),Intel,Core Ultra 5 226V,Core Ultra 5,4,16,LPDDR5X,512,SSD,0.0312,14.0,Integrated,0,0,0,0,Windows 11 Home
Acer,Acer Aspire 5,72308.0,Mid-Range (40K-75K),Intel,Core i5 11th Gen 1135G,Core i5,3,8,DDR4,512,SSD,0.0156,15.6,Integrated,0,0,0,0,Windows 11 Home
Acer,Acer Aspire 5 15,70045.0,Mid-Range (40K-75K),Intel,Core i5 13th Gen 1335U,Core i5,3,8,LPDDR5,512,SSD,0.0156,15.6,Integrated,0,0,0,0,Windows 11 Home
Acer,Acer Aspire 5,62511.0,Mid-Range (40K-75K),Intel,Core i5 8th Gen 8265U,Core i5,3,8,DDR4,1024,HDD,0.0078,15.6,Integrated,0,0,0,0,Windows 10 Home
Acer,Acer Aspire 5,75800.0,Upper Mid-Range (75K-1.25L),AMD,Ryzen 7 Octa Core 5700U,Ryzen 7,3,8,DDR4,512,SSD,0.0156,15.6,Integrated,0,0,0,0,Windows 10 Home
Acer,Acer Aspire 15 Lite,78999.0,Upper Mid-Range (75K-1.25L),Intel,Core 5 210H,Core 5 210H,3,16,LPDDR5,512,SSD,0.0312,15.6,Integrated,0,0,0,0,Windows 11 Home
Acer,Acer Aspire 5 15,52999.0,Mid-Range (40K-75K),Intel,Core i3 13th Gen 1305U,Core i3,2,8,LPDDR5,512,SSD,0.0156,15.6,Integrated,0,0,0,0,Windows 11 Home
Acer,Acer Aspire 7,89999.0,Upper Mid-Range (75K-1.25L),Intel,Core i5 10th Gen 10300H,Core i5,3,8,DDR4,512,SSD,0.0156,15.6,Integrated,0,0,0,0,Windows 11 Home
Acer,Acer ConceptD 5,119999.0,Upper Mid-Range (75K-1.25L),Intel,Core i5 8th Gen 8305G,Core i5,3,8,DDR4,512,SSD,0.0156,15.6,Integrated,0,0,0,0,Windows 10 Home
Acer,Acer Aspire 7,99999.0,Upper Mid-Range (75K-1.25L),Intel,Core i7 9th Gen 9750H,Core i7,4,8,DDR4,512,SSD,0.0156,15.6,Integrated,0,0,0,0,Windows 10 Home
ASUS,ASUS TUF Gaming A15,70990.0,Mid-Range (40K-75K),AMD,Ryzen 7 Processor,Ryzen 7,4,16,DDR5,512,SSD,0.0312,15.6,Integrated,1,0,0,0,Windows 11 Home
ASUS,ASUS TUF Gaming A15,55990.0,Mid-Range (40K-75K),AMD,Ryzen 7 Octa Core 7435HS,Ryzen 7,4,16,DDR5,512,SSD,0.0312,15.6,Integrated,1,0,0,0,Windows 11 Home
ASUS,ASUS TUF Gaming A15,68990.0,Mid-Range (40K-75K),AMD,Ryzen 7 7445HS,Ryzen 7,4,16,DDR5,512,SSD,0.0312,15.6,Integrated,1,0,0,0,Windows 11 Home
ASUS,ASUS TUF Gaming A16 with Office 2024 + M365 Basic,108990.0,Upper Mid-Range (75K-1.25L),AMD,Ryzen 7 Processor,Ryzen 7,4,16,DDR5,1024,SSD,0.0156,16.0,Integrated,1,0,0,0,Windows 11 Home
MSI,MSI Thin A15,92990.0,Upper Mid-Range (75K-1.25L),AMD,Ryzen 7 Octa Core 7735HS,Ryzen 7,4,16,DDR5,1024,SSD,0.0156,15.6,Integrated,0,0,0,0,Windows 11 Home
ASUS,ASUS TUF Gaming F15,48990.0,Mid-Range (40K-75K),Intel,Core i5 11th Gen 11260H,Core i5,3,8,DDR4,512,SSD,0.0156,15.6,Integrated,1,0,0,0,Windows 11
Acer,Acer Nitro V 15,119990.0,Upper Mid-Range (75K-1.25L),Intel,Core i7 13th Gen 13620H,Core i7,4,16,DDR4,512,SSD,0.0312,15.6,Integrated,1,0,0,0,Windows 11 Home
Gigabyte,GIGABYTE GAMING A16,139990.0,Premium / Flagship (>1.25L),AMD,Ryzen 7 Processor,Ryzen 7,4,16,DDR5,512,SSD,0.0312,16.0,Integrated,1,0,0,0,Windows 11 Home
Dell,DELL Alienware 15,126990.0,Premium / Flagship (>1.25L),AMD,Ryzen 7 Processor,Ryzen 7,4,16,DDR5,512,SSD,0.0312,15.3,Integrated,1,0,0,0,Windows 11 Home
HP,HP OMEN 16,149990.0,Premium / Flagship (>1.25L),Intel,Core Ultra 7 255,Core Ultra 7,5,24,DDR5,1024,SSD,0.0234,16.0,Integrated,1,0,0,0,Windows 11 Home
Dell,DELL Alienware 15,169990.0,Premium / Flagship (>1.25L),Intel,Core 7 240H,Core 7 240H,4,16,DDR5,512,SSD,0.0312,15.3,Integrated,1,0,0,0,Windows 11 Home
MSI,MSI Intel Core i7 12th Gen 12650H,101365.0,Upper Mid-Range (75K-1.25L),Intel,Core i7 12th Gen 12650H,Core i7,4,16,DDR4,512,SSD,0.0312,15.6,Integrated,0,0,0,0,Windows 11 Home
Lenovo,Lenovo LOQ Essential,139990.0,Premium / Flagship (>1.25L),Intel,Core i7 12650HX,Core i7,4,16,DDR5,512,SSD,0.0312,15.6,Integrated,1,0,0,0,Windows 11 Home
Acer,Acer Nitro V,107712.0,Upper Mid-Range (75K-1.25L),AMD,Ryzen 7 Octa Core 7735HS,Ryzen 7,4,16,DDR5,512,SSD,0.0312,15.6,Integrated,1,0,0,0,Windows 11 Home
Lenovo,Lenovo Legion 5 2025,186490.0,Premium / Flagship (>1.25L),AMD,Ryzen 7 Octa Core,Ryzen 7,4,16,DDR5,1024,SSD,0.0156,15.3,Integrated,1,0,0,0,Windows 11 Home
MSI,MSI Stealth,189990.0,Premium / Flagship (>1.25L),Intel,Core i7 8th Gen 8750H,Core i7,4,16,DDR4,512,SSD,0.0312,15.6,Discrete,1,0,0,0,Windows 10 Home
Acer,Acer Predator Helios 300,139999.0,Premium / Flagship (>1.25L),Intel,Core i7 8th Gen 8750H,Core i7,4,16,DDR4,1024,HDD,0.0156,15.6,Integrated,1,0,0,0,Windows 10 Home
Acer,Acer Nitro V,112970.0,Upper Mid-Range (75K-1.25L),Intel,Core i7 13th Gen 13620H,Core i7,4,16,DDR5,1024,SSD,0.0156,15.6,Integrated,1,0,0,0,Windows 11 Home
Acer,Acer Nitro 5,87990.0,Upper Mid-Range (75K-1.25L),Intel,Core i5 8th Gen 8300H,Core i5,3,8,DDR4,1024,HDD,0.0078,15.6,Integrated,1,0,0,0,Windows 10 Home
MSI,MSI GP,112990.0,Upper Mid-Range (75K-1.25L),Intel,Core i7 7th Gen 7700HQ,Core i7,4,16,DDR4,1024,HDD,0.0156,15.6,Integrated,0,0,0,0,Windows 10 Home
Lenovo,Lenovo Legion 5 WQXGA OLED,359890.0,Premium / Flagship (>1.25L),AMD,Ryzen 7 Octa Core,Ryzen 7,4,16,DDR5,512,SSD,0.0312,15.3,Integrated,1,0,0,1,Windows 11 Home
ASUS,ASUS TUF Gaming A16,135000.0,Premium / Flagship (>1.25L),AMD,Ryzen 7 7445HS,Ryzen 7,4,16,DDR5,1024,SSD,0.0156,16.0,Integrated,1,0,0,0,Windows 11 Home
Lenovo,Lenovo LOQ 2025,165490.0,Premium / Flagship (>1.25L),AMD,Ryzen 7 Octa Core,Ryzen 7,4,16,DDR5,512,SSD,0.0312,15.6,Integrated,1,0,0,0,Windows 11 Home
Acer,Acer Nitro 5,165990.0,Premium / Flagship (>1.25L),Intel,Core i5 14th Gen 14450HX,Core i5,3,16,DDR5,1024,SSD,0.0156,16.0,Integrated,1,0,0,0,Windows 11 Home
MSI,MSI GP66 Leopard,173990.0,Premium / Flagship (>1.25L),Intel,Core i7 11th Gen 11800H,Core i7,4,16,DDR4,1024,SSD,0.0156,15.6,Integrated,0,0,0,0,Windows 10 Home
ASUS,ASUS TUF Gaming A16,159990.0,Premium / Flagship (>1.25L),AMD,Ryzen 7 Processor,Ryzen 7,4,16,DDR5,512,SSD,0.0312,16.0,Integrated,1,0,0,0,Windows 11 Home
MSI,MSI Katana GF66,107990.0,Upper Mid-Range (75K-1.25L),Intel,Core i7 12th Gen 12650H,Core i7,4,8,DDR4,512,SSD,0.0156,15.6,Integrated,1,0,0,0,Windows 11 Home
ASUS,ASUS,96485.0,Upper Mid-Range (75K-1.25L),AMD,Ryzen 7 Octa Core 7435HS,Ryzen 7,4,16,DDR5,512,SSD,0.0312,15.6,Integrated,0,0,0,0,Windows 11 Home
Acer,Acer Aspire 14,74990.0,Mid-Range (40K-75K),Intel,Core 7 240H,Core 7 240H,4,16,LPDDR5,512,SSD,0.0312,14.0,Integrated,0,0,0,0,Windows 11 Home
Acer,Acer Aspire,69599.0,Mid-Range (40K-75K),Intel,Core i5 12th Gen 12450H,Core i5,3,12,LPDDR5,512,SSD,0.0234,15.6,Integrated,0,0,0,0,Windows 11 Home
Acer,Acer Aspire 7,79999.0,Upper Mid-Range (75K-1.25L),Intel,Core i5 13th Gen 13420H,Core i5,3,8,DDR4,512,SSD,0.0156,15.6,Integrated,0,0,0,0,Windows 11 Home
Acer,Acer Acer Aspire Lite AL15,53323.0,Mid-Range (40K-75K),Intel,Core i3 13th Gen,Core i3,2,8,DDR4,512,SSD,0.0156,15.6,Integrated,0,0,0,0,Windows 11 Home
Acer,Acer,45990.0,Mid-Range (40K-75K),AMD,Ryzen 3 Quad Core,Ryzen 3,2,8,DDR4,512,SSD,0.0156,15.6,Integrated,0,0,0,0,Windows 11 Home
Acer,Acer Aspire Lite,62462.0,Mid-Range (40K-75K),AMD,Ryzen 5 Hexa Core 5625U,Ryzen 5,3,8,DDR4,512,SSD,0.0156,15.6,Integrated,0,0,0,0,Windows 11 Home
Acer,Acer,45990.0,Mid-Range (40K-75K),AMD,Ryzen 3 5300U,Ryzen 3,2,8,DDR4,512,SSD,0.0156,15.6,Integrated,0,0,0,0,Windows 11 Home
Acer,Acer Aspire Lite,81990.0,Upper Mid-Range (75K-1.25L),Intel,Core i7 13th Gen 13620H,Core i7,4,16,LPDDR5,512,SSD,0.0312,15.6,Integrated,0,0,0,0,Windows 11 Home
Acer,Acer Aspire,68702.0,Mid-Range (40K-75K),Intel,Core i5 13th Gen,Core i5,3,16,LPDDR5,512,SSD,0.0312,15.6,Integrated,0,0,0,0,Windows 11 Home
Acer,Acer Aspire Lite,52398.0,Mid-Range (40K-75K),Intel,Core i3 12th Gen 1215U,Core i3,2,8,DDR4,512,SSD,0.0156,15.6,Integrated,0,0,0,0,Windows 11 Home
Acer,Acer Aspire Lite,66650.0,Mid-Range (40K-75K),Intel,Core i5 12th Gen 1235U,Core i5,3,8,DDR4,512,SSD,0.0156,15.6,Integrated,0,0,0,0,Windows 11 Home
Acer,"Acer Aspire Lite with Backlit Keyboard,",53999.0,Mid-Range (40K-75K),Intel,Core i7 12th Gen 1255U,Core i7,4,16,DDR4,512,SSD,0.0312,15.6,Integrated,0,0,0,0,Windows 11
Acer,Acer Aspire,69990.0,Mid-Range (40K-75K),Intel,Core i5 12th Gen,Core i5,3,16,LPDDR5,512,SSD,0.0312,15.6,Integrated,0,0,0,0,Windows 11 Home
Acer,Acer Aspire,66949.0,Mid-Range (40K-75K),Intel,Core i5 12th Gen,Core i5,3,12,LPDDR5,512,SSD,0.0234,15.6,Integrated,0,0,0,0,Windows 11 Home
Acer,Acer Aspire Lite,60124.0,Mid-Range (40K-75K),AMD,Ryzen 3 Quad Core 7330U,Ryzen 3,2,16,DDR4,512,SSD,0.0312,15.6,Integrated,0,0,0,0,Windows 11 Home
Acer,Acer One 14,40790.0,Mid-Range (40K-75K),AMD,Ryzen 3 Quad Core 7320U,Ryzen 3,2,8,LPDDR5,256,SSD,0.0312,14.0,Integrated,0,0,0,0,Windows 11 Home
Acer,Acer Aspire One,46499.0,Mid-Range (40K-75K),Intel,Celeron Dual Core N4500,Celeron Dual Core N4500,1,12,LPDDR4X,512,SSD,0.0234,14.0,Integrated,0,0,0,0,Windows 11 Home
Acer,Acer Professional 14,93559.0,Upper Mid-Range (75K-1.25L),AMD,Ryzen 7 Octa Core,Ryzen 7,4,32,DDR4,1024,SSD,0.0312,14.0,Integrated,0,0,0,0,Windows 11 Pro
Acer,Acer Aspire,55351.0,Mid-Range (40K-75K),Intel,Core i3 13th Gen 1305U,Core i3,2,8,DDR4,512,SSD,0.0156,15.6,Integrated,0,0,0,0,Windows 11 Home
Acer,Acer Aspire Lite,58441.0,Mid-Range (40K-75K),Intel,Core i3 11th Gen 1115G,Core i3,2,16,DDR4,512,SSD,0.0312,15.6,Integrated,0,0,0,0,Windows 11 Home
Acer,Acer Aspire Lite,53091.0,Mid-Range (40K-75K),Intel,Core i3 13th Gen 1305U,Core i3,2,8,DDR4,512,SSD,0.0156,15.6,Integrated,0,0,0,0,Windows 11 Home
Acer,Acer Aspire Lite,69990.0,Mid-Range (40K-75K),Intel,Core i5 13th Gen,Core i5,3,16,DDR5,512,SSD,0.0312,14.0,Integrated,0,0,0,0,Windows 11 Home
Acer,Acer 3 Years Warranty Aspire Lite Backlit,78990.0,Upper Mid-Range (75K-1.25L),Intel,Core i5 13th Gen,Core i5,3,16,DDR4,512,SSD,0.0312,15.6,Integrated,0,0,0,0,Windows 11 Home
Acer,Acer 3 Years Warranty Aspire Lite,73319.0,Mid-Range (40K-75K),Intel,Core i5 13th Gen 1334U,Core i5,3,16,DDR4,512,SSD,0.0312,15.6,Integrated,0,0,0,0,Windows 11 Home
Acer,Acer,69000.0,Mid-Range (40K-75K),Intel,Core i5 13th Gen,Core i5,3,16,DDR4,512,SSD,0.0312,15.6,Integrated,0,0,0,0,Windows 11 Home
Acer,Acer Chromebook,34900.0,Budget (<40K),MediaTek,Kompanio 540,Kompanio,1,4,LPDDR5X,128,eMMC,0.0312,15.6,Integrated,0,0,0,0,Windows 11 Home
Acer,Acer TravelLite,53990.0,Mid-Range (40K-75K),AMD,Ryzen 5 7430U,Ryzen 5,3,8,DDR4,512,SSD,0.0156,14.0,Integrated,0,0,0,0,Windows 11 Home
Acer,Acer N4500,26745.0,Budget (<40K),Intel,Celeron Dual Core,Celeron Dual Core,1,4,LPDDR4X,32,eMMC,0.125,11.6,Integrated,0,0,0,0,Windows 11 Home
Acer,Acer Chromebook,39890.0,Budget (<40K),Intel,Celeron Dual Core,Celeron Dual Core,1,8,LPDDR4X,128,eMMC,0.0625,15.6,Integrated,0,0,0,0,Windows 11 Home
MSI,MSI Thin 15,70990.0,Mid-Range (40K-75K),Intel,Core i5 12th Gen 12450H,Core i5,3,16,DDR4,512,SSD,0.0312,15.6,Integrated,0,0,0,0,Windows 11 Home
ASUS,"ASUS Gaming V16 for Creator with Office 2024 + M365 Basic*, AI PC",89990.0,Upper Mid-Range (75K-1.25L),Intel,Core 5 210,Core 5 210,3,16,DDR5,512,SSD,0.0312,16.0,Integrated,1,0,0,0,Windows 11 Home
Lenovo,Lenovo LOQ,146990.0,Premium / Flagship (>1.25L),Intel,Core i5 13th Gen 13450HX,Core i5,3,16,DDR5,512,SSD,0.0312,15.6,Integrated,1,0,0,0,Windows 11 Home
MSI,MSI Cyborg 15 AI PC,102990.0,Upper Mid-Range (75K-1.25L),Intel,Core Ultra 7 155H,Core Ultra 7,5,16,DDR5,1024,SSD,0.0156,15.6,Integrated,1,0,0,0,Windows 11 Home
Lenovo,Lenovo Legion Pro 5 WUXGA IPS,245490.0,Premium / Flagship (>1.25L),Intel,Core i9 14900HX,Core i9,5,32,DDR5,1024,SSD,0.0312,16.0,Integrated,1,0,0,0,Windows 11 Home
Lenovo,Lenovo,71795.0,Mid-Range (40K-75K),Intel,Core i5 11th Gen 11320H,Core i5,3,8,DDR4,512,SSD,0.0156,15.6,Integrated,0,0,0,0,Windows 11 Home
Lenovo,Lenovo Legion Pro 5 WQXGA OLED,266490.0,Premium / Flagship (>1.25L),AMD,Ryzen 9,Ryzen 9,5,32,DDR5,1024,SSD,0.0312,16.0,Integrated,1,0,0,1,Windows 11 Home
Lenovo,Lenovo Legion Pro 5 WQXGA OLED,259990.0,Premium / Flagship (>1.25L),Intel,Core Ultra 9 275HX,Core Ultra 9,5,32,DDR5,1024,SSD,0.0312,16.0,Integrated,1,0,0,1,Windows 11 Home
HP,HP Victus,112829.0,Upper Mid-Range (75K-1.25L),Intel,Core i5 13th Gen 13420,Core i5,3,16,DDR4,512,SSD,0.0312,15.6,Integrated,1,0,0,0,Windows 11 Home
ASUS,ASUS TUF Gaming,88990.0,Upper Mid-Range (75K-1.25L),Intel,Core i5 9th Gen 9300H,Core i5,3,8,DDR4,512,SSD,0.0156,15.6,Integrated,1,0,0,0,Windows 10 Home
Acer,Acer Nitro V,85999.0,Upper Mid-Range (75K-1.25L),AMD,Ryzen 5 Hexa Core 7535HS,Ryzen 5,3,16,DDR5,512,SSD,0.0312,15.6,Integrated,1,0,0,0,Windows 11 Home
ASUS,ASUS,77000.0,Upper Mid-Range (75K-1.25L),AMD,Ryzen AI 5 330 -,Ryzen AI,3,16,DDR5,512,SSD,0.0312,14.0,Integrated,0,0,0,0,Windows 11 Home
ASUS,ASUS ROG Strix G16,329990.0,Premium / Flagship (>1.25L),Intel,Core Ultra 9 290HX,Core Ultra 9,5,32,DDR5,1024,SSD,0.0312,16.0,Integrated,1,0,0,0,Windows 11 Home
Lenovo,Lenovo Legion Pro 5 WQXGA OLED,229990.0,Premium / Flagship (>1.25L),Intel,Core Ultra 7 255,Core Ultra 7,5,32,DDR5,1024,SSD,0.0312,16.0,Integrated,1,0,0,1,Windows 11 Home
ASUS,"ASUS Vivobook Pro 15 For Creator,",85752.0,Upper Mid-Range (75K-1.25L),AMD,Ryzen 5 Hexa Core 5600HS,Ryzen 5,3,8,DDR4,512,SSD,0.0156,15.6,Integrated,0,0,0,0,Windows 11 Home
Lenovo,Lenovo Legion 7 WQXGA OLED,253490.0,Premium / Flagship (>1.25L),Intel,Core Ultra 9 275HX,Core Ultra 9,5,32,DDR5,1024,SSD,0.0312,16.0,Integrated,1,0,0,1,Windows 11 Home
MSI,MSI Crosshair 16 HX AI,219990.0,Premium / Flagship (>1.25L),Intel,Core Ultra 9 275HX,Core Ultra 9,5,16,DDR5,1024,SSD,0.0156,16.0,Integrated,0,0,0,0,Windows 11 Home
Lenovo,Lenovo LOQ,93990.0,Upper Mid-Range (75K-1.25L),Intel,Core i5 12th Gen 12450H,Core i5,3,16,DDR5,512,SSD,0.0312,15.6,Integrated,1,0,0,0,Windows 11 Home
Lenovo,Lenovo Legion 5,169990.0,Premium / Flagship (>1.25L),Intel,Core i7 13650HX,Core i7,4,16,DDR5,512,SSD,0.0312,15.3,Integrated,1,0,0,0,Windows 11 Home
ASUS,ASUS TUF,95990.0,Upper Mid-Range (75K-1.25L),Intel,Core i7 8th Gen 8750H,Core i7,4,8,DDR4,1024,HDD,0.0078,15.6,Integrated,1,0,0,0,Windows 10 Home
ASUS,ASUS ROG Strix G15,114990.0,Upper Mid-Range (75K-1.25L),AMD,Ryzen 5 Hexa Core 5600H,Ryzen 5,3,8,DDR4,1024,SSD,0.0078,15.6,Integrated,1,0,0,0,Windows 10 Home
MSI,MSI Cyborg 15,89990.0,Upper Mid-Range (75K-1.25L),Intel,Core i5 12th Gen 12450H,Core i5,3,16,DDR5,512,SSD,0.0312,15.6,Integrated,1,0,0,0,Windows 11 Home
MSI,MSI Stealth GS66,313990.0,Premium / Flagship (>1.25L),Intel,Core i7 12th Gen 12700H,Core i7,4,32,DDR5,1024,SSD,0.0312,15.6,Integrated,0,0,0,0,Windows 11 Home
Dell,DELL Alienware,197345.0,Premium / Flagship (>1.25L),Intel,Core Ultra 7 155H,Core Ultra 7,5,16,DDR5,1024,SSD,0.0156,16.0,Integrated,1,0,0,0,Windows 11 Home
Lenovo,Lenovo Legion 5,182990.0,Premium / Flagship (>1.25L),AMD,Ryzen 7 Octa Core,Ryzen 7,4,16,DDR5,1024,SSD,0.0156,15.6,Integrated,1,0,0,0,Windows 11 Home
ASUS,ASUS ROG Strix G16 with Office 2024 + M365 Basic*,199990.0,Premium / Flagship (>1.25L),Intel,Core Ultra 9 275HX,Core Ultra 9,5,16,DDR5,1024,SSD,0.0156,16.0,Integrated,1,0,0,0,Windows 11 Home
ASUS,ASUS ROG Strix G16,223682.0,Premium / Flagship (>1.25L),AMD,Ryzen 9,Ryzen 9,5,16,DDR5,1024,SSD,0.0156,16.0,Integrated,1,0,0,0,Windows 11 Home
Lenovo,Lenovo Legion 7,325990.0,Premium / Flagship (>1.25L),Intel,Core Ultra 9 275HX,Core Ultra 9,5,32,DDR5,1024,SSD,0.0312,16.0,Integrated,1,0,0,0,Windows 11 Home
Lenovo,Lenovo,110200.0,Upper Mid-Range (75K-1.25L),AMD,Ryzen AI 5 Hexa Core 7th Gen -,Ryzen AI,4,12,LPDDR5,512,SSD,0.0234,15.6,Integrated,0,0,0,0,Windows 11 Home
Acer,Acer Swift X,109999.0,Upper Mid-Range (75K-1.25L),Intel,Core i5 11th Gen 11320H,Core i5,3,16,LPDDR4X,512,SSD,0.0312,16.1,Integrated,0,0,0,0,Windows 11 Home
ASUS,ASUS ROG Strix G16,239990.0,Premium / Flagship (>1.25L),Intel,Core Ultra 7 255HX,Core Ultra 7,5,16,DDR5,1024,SSD,0.0156,16.0,Integrated,1,0,0,0,Windows 11 Home
Acer,Acer Predator Helios Neo 14 AI PC,161999.0,Premium / Flagship (>1.25L),Intel,Core Ultra 7 155H,Core Ultra 7,5,16,LPDDR5X,1024,SSD,0.0156,14.5,Integrated,1,0,0,0,Windows 11 Home
Acer,Acer Predator Helios Neo 16,142999.0,Premium / Flagship (>1.25L),Intel,Core i7 14th Gen 14700HX,Core i7,4,16,DDR5,1024,SSD,0.0156,16.0,Integrated,1,0,0,0,Windows 11 Home
Acer,Acer Predator Helios 16,197999.0,Premium / Flagship (>1.25L),Intel,Core i7 14th Gen 14700HX,Core i7,4,16,DDR5,1024,SSD,0.0156,16.0,Integrated,1,0,0,0,Windows 11 Home
Acer,Acer Predator Helios 300,140990.0,Premium / Flagship (>1.25L),Intel,Core i7 11th Gen 11800H,Core i7,4,16,DDR4,1024,HDD,0.0156,15.6,Integrated,1,0,0,0,Windows 10 Home
Acer,Acer Predator Helios Neo 16S AI,262246.0,Premium / Flagship (>1.25L),Intel,Core Ultra 9 275HX,Core Ultra 9,5,16,DDR5,1024,SSD,0.0156,16.0,Integrated,1,0,0,0,Windows 11 Home
MSI,MSI Prestige 16 Studio AI PC,139990.0,Premium / Flagship (>1.25L),Intel,Core Ultra 7 155H,Core Ultra 7,5,32,LPDDR5,1024,SSD,0.0312,16.0,Integrated,0,0,0,0,Windows 11 Home
Acer,Acer Swift Lite OLED WUXGA,96485.0,Upper Mid-Range (75K-1.25L),Intel,Core Ultra 5 115U,Core Ultra 5,4,16,LPDDR5,512,SSD,0.0312,14.0,Integrated,0,0,0,1,Windows 11 Home
Acer,Acer Swift Go 14,93999.0,Upper Mid-Range (75K-1.25L),Intel,Core i5 13th Gen 13500H,Core i5,3,16,LPDDR5,512,SSD,0.0312,14.0,Integrated,0,0,0,0,Windows 11 Home
Acer,"Acer Aspire 14 with Backlit Keyboard,",69990.0,Mid-Range (40K-75K),Intel,Core i5 13th Gen,Core i5,3,16,LPDDR5,512,SSD,0.0312,14.0,Integrated,0,0,0,0,Windows 11 Home
Acer,Acer Swift Go 14 OLED EVO,110999.0,Upper Mid-Range (75K-1.25L),Intel,Core i7 13th Gen 13700H,Core i7,4,16,LPDDR5,1024,SSD,0.0156,14.0,Integrated,0,0,0,1,Windows 11 Home
ASUS,"ASUS Vivobook 16 AI PC with Office 2024 + M365 Basic*, Copilot+ PC",86990.0,Upper Mid-Range (75K-1.25L),AMD,Ryzen AI 7 Hexa Core 445,Ryzen AI,3,16,DDR5,512,SSD,0.0312,16.0,Integrated,0,0,0,0,Windows 11 Home
Acer,Acer Swift 3,62589.0,Mid-Range (40K-75K),Intel,Core i5 8th Gen 8265U,Core i5,3,8,DDR4,512,SSD,0.0156,14.0,Integrated,0,0,0,0,Windows 10 Home
Acer,Acer Swift 3,73199.0,Mid-Range (40K-75K),Intel,Core i5 8th Gen 8250U,Core i5,3,8,DDR4,1024,HDD,0.0078,15.6,Integrated,0,0,0,0,Windows 10 Home
Acer,Acer Swift Go 14 Powered EVO AI PC,88999.0,Upper Mid-Range (75K-1.25L),Intel,Core Ultra 5 125H,Core Ultra 5,4,16,LPDDR5X,512,SSD,0.0312,14.0,Integrated,0,0,0,0,Windows 11 Home
Acer,Acer Swift Go 14 Office 2024 + M365 Basic,69999.0,Mid-Range (40K-75K),AMD,Ryzen 5 Hexa Core 7430U,Ryzen 5,3,16,LPDDR4X,512,SSD,0.0312,14.0,Integrated,0,0,0,0,Windows 11
Acer,Acer Swift Go 14 TouchScreen AI PC,117781.0,Upper Mid-Range (75K-1.25L),Intel,Core Ultra 7 155H,Core Ultra 7,5,16,LPDDR5X,1024,SSD,0.0156,14.0,Integrated,0,0,1,0,Windows 11 Home
Acer,Acer Swift Go 14Office 2024 + M365 Basic,79999.0,Upper Mid-Range (75K-1.25L),AMD,Ryzen 7 Octa Core 7730U,Ryzen 7,4,16,LPDDR4X,512,SSD,0.0312,14.0,Integrated,0,0,0,0,Windows 11
Acer,Acer Swift Go 14 AI Office 2024 + M365 Basic,108799.0,Upper Mid-Range (75K-1.25L),Qualcomm,Snapdragon X Plus -,Snapdragon X,4,16,LPDDR5X,512,SSD,0.0312,14.5,Integrated,0,0,0,0,Windows 11 Home
ASUS,ASUS Vivobook Go 14 with Office 2024 + M365 Basic,55518.0,Mid-Range (40K-75K),AMD,Ryzen 3 Quad Core,Ryzen 3,2,8,LPDDR5,512,SSD,0.0156,14.0,Integrated,0,0,0,0,Windows 11 Home
ASUS,ASUS Vivobook Go 14 with Office 2024 + M365 Basic*,65549.0,Mid-Range (40K-75K),AMD,Ryzen 5 Quad Core 7520U,Ryzen 5,3,8,LPDDR5,512,SSD,0.0156,14.0,Integrated,0,0,0,0,Windows 11 Home
ASUS,ASUS Vivobook Go 14 with Office 2024 + M365 Basic*,54290.0,Mid-Range (40K-75K),AMD,Ryzen 3 Quad Core 7320U,Ryzen 3,2,8,LPDDR5,512,SSD,0.0156,14.0,Integrated,0,0,0,0,Windows 11 Home
ASUS,ASUS Vivobook Go 14 with Office 2024 + M365 Basic*,68499.0,Mid-Range (40K-75K),AMD,Ryzen 5 Quad Core 7520U,Ryzen 5,3,16,LPDDR5,512,SSD,0.0312,14.0,Integrated,0,0,0,0,Windows 11 Home
ASUS,"ASUS Vivobook 14 with Office 2024 + M365 Basic*,",75990.0,Upper Mid-Range (75K-1.25L),AMD,Ryzen AI 5 Quad Core -,Ryzen AI,3,16,DDR5,512,SSD,0.0312,14.0,Integrated,0,0,0,0,Windows 11 Home
Acer,Acer,66650.0,Mid-Range (40K-75K),Intel,Core i3 12th Gen 1215U,Core i3,2,16,DDR4,512,SSD,0.0312,14.0,Integrated,0,0,0,0,Windows 11 Home
Acer,Acer One14,46500.0,Mid-Range (40K-75K),AMD,Ryzen 5 3500U,Ryzen 5,3,8,DDR4,256,SSD,0.0312,14.0,Integrated,0,0,0,0,Windows 11 Home
Acer,Acer Chromebook,23990.0,Budget (<40K),Intel,Celeron Dual Core N4500,Celeron Dual Core N4500,1,8,LPDDR4X,64,eMMC,0.125,14.0,Integrated,0,0,0,0,Windows 11 Home
MSI,MSI Bravo,83990.0,Upper Mid-Range (75K-1.25L),AMD,Ryzen 5 Hexa Core 5600H,Ryzen 5,3,8,DDR4,512,SSD,0.0156,15.6,Integrated,1,0,0,0,Windows 10 Home
HP,HP Victus,63628.0,Mid-Range (40K-75K),AMD,Ryzen 5 Hexa Core 5600H,Ryzen 5,3,8,DDR4,512,SSD,0.0156,15.6,Integrated,1,0,0,0,Windows 11 Home
HP,HP Victus,75920.0,Upper Mid-Range (75K-1.25L),AMD,Ryzen 5 5600H,Ryzen 5,3,8,DDR4,512,SSD,0.0156,15.6,Discrete,1,0,0,0,Windows 11 Home
Dell,DELL Inspiron,66990.0,Mid-Range (40K-75K),AMD,Ryzen 5 Hexa Core 5500U,Ryzen 5,3,8,DDR4,512,SSD,0.0156,14.0,Integrated,0,0,0,0,Windows 10
Lenovo,Lenovo IdeaPad Slim 1,59671.0,Mid-Range (40K-75K),AMD,Ryzen 5 Hexa Core 5500U,Ryzen 5,3,8,DDR4,512,SSD,0.0156,15.6,Integrated,0,0,0,0,Windows 11 Home
Dell,DELL Dell Inspiron 3525,54699.0,Mid-Range (40K-75K),AMD,Ryzen 5 5500U,Ryzen 5,3,8,DDR4,512,SSD,0.0156,15.6,Integrated,0,0,0,0,Windows 11 Home
ASUS,ASUS Vivobook Go 15,64000.0,Mid-Range (40K-75K),AMD,Ryzen 5 Quad Core 7520U,Ryzen 5,3,16,LPDDR5,512,SSD,0.0312,15.6,Integrated,0,0,0,0,Windows 11 Home
HP,HP Pavilion,75658.0,Upper Mid-Range (75K-1.25L),AMD,Ryzen 5 Hexa Core 5625U,Ryzen 5,3,16,DDR4,512,SSD,0.0312,14.0,Integrated,0,0,0,0,Windows 11 Home
Lenovo,Lenovo IdeaPad Slim 3,61990.0,Mid-Range (40K-75K),AMD,Ryzen 5 Hexa Core 5500U,Ryzen 5,3,8,DDR4,512,SSD,0.0156,14.0,Integrated,0,0,0,0,Windows 11 Home
ASUS,ASUS Vivobook GO 15,68969.0,Mid-Range (40K-75K),AMD,Ryzen 5 Quad Core 7520U,Ryzen 5,3,16,LPDDR5,512,SSD,0.0312,15.6,Integrated,0,0,0,0,Windows 11 Home
Lenovo,Lenovo IdeaPad Slim 3,106990.0,Upper Mid-Range (75K-1.25L),AMD,Ryzen AI 5 Quad Core 330 -,Ryzen AI,2,16,DDR5,512,SSD,0.0312,14.0,Integrated,0,0,0,0,Windows 11 Home
HP,HP victus,74547.0,Mid-Range (40K-75K),AMD,Ryzen 5 Hexa Core 5600H,Ryzen 5,3,8,DDR4,512,SSD,0.0156,16.1,Integrated,1,0,0,0,Windows 10 Home
HP,HP 15s,68998.0,Mid-Range (40K-75K),AMD,Ryzen 5 Quad Core 7520U,Ryzen 5,3,16,LPDDR5,512,SSD,0.0312,15.6,Integrated,0,0,0,0,Windows 11 Home
Lenovo,Lenovo IdeaPad Slim 1,63890.0,Mid-Range (40K-75K),AMD,Ryzen 5 Hexa Core 5500U,Ryzen 5,3,16,DDR4,512,SSD,0.0312,15.6,Integrated,0,0,0,0,Windows 11 Home
Lenovo,Lenovo,61900.0,Mid-Range (40K-75K),AMD,Ryzen 5 Quad Core,Ryzen 5,3,8,DDR4,512,SSD,0.0156,15.6,Integrated,0,0,0,0,Windows 11 Home
ASUS,ASUS Vivobook Go 15,66990.0,Mid-Range (40K-75K),AMD,Ryzen 5,Ryzen 5,3,8,LPDDR5,512,SSD,0.0156,15.6,Integrated,0,0,0,0,Windows 11 Home
Lenovo,Lenovo IdeaPad 1,59999.0,Mid-Range (40K-75K),AMD,Ryzen 5 Hexa Core 5500U,Ryzen 5,3,8,DDR4,512,SSD,0.0156,15.6,Integrated,0,0,0,0,Windows 11 Home
ASUS,"ASUS Vivobook Go 15 with Office 2024 + M365 Basic*, Backlit Keyboard,",64518.0,Mid-Range (40K-75K),AMD,Ryzen 5 Quad Core,Ryzen 5,3,16,LPDDR5,512,SSD,0.0312,15.6,Integrated,0,0,0,0,Windows 11 Home
Lenovo,Lenovo Ideapad,61989.0,Mid-Range (40K-75K),AMD,Ryzen 5 Hexa Core 5500U,Ryzen 5,3,8,DDR4,512,SSD,0.0156,15.6,Integrated,0,0,0,0,Windows 11 Home
ASUS,"ASUS Vivobook Go 15 with Office 2024 + M365 Basic*,",46990.0,Mid-Range (40K-75K),AMD,Ryzen 5 Quad Core 7520U,Ryzen 5,3,8,LPDDR5,512,SSD,0.0156,15.6,Integrated,0,0,0,0,Windows 11 Home
Dell,DELL PRO 15 Backlit,57524.0,Mid-Range (40K-75K),AMD,Ryzen 5 Quad Core 7520U,Ryzen 5,3,8,LPDDR5,512,SSD,0.0156,15.6,Integrated,0,0,0,0,Windows 11 Home
Dell,DELL 15,54990.0,Mid-Range (40K-75K),AMD,Ryzen 5 Quad Core 7520U,Ryzen 5,3,8,LPDDR5,512,SSD,0.0156,15.6,Integrated,0,0,0,0,Windows 11 Home
Dell,DELL 15 Microsoft Office Home 2024,69331.0,Mid-Range (40K-75K),AMD,Ryzen 5 Hexa Core 7530U,Ryzen 5,3,16,DDR4,512,SSD,0.0312,15.6,Integrated,0,0,0,0,Windows 11
HP,HP {2026},59900.0,Mid-Range (40K-75K),AMD,Ryzen 5 Hexa Core 7535U,Ryzen 5,3,8,DDR5,512,SSD,0.0156,15.6,Integrated,0,0,0,0,Windows 11 Home
Dell,DELL 15,69490.0,Mid-Range (40K-75K),AMD,Ryzen 5 Hexa Core 7530U,Ryzen 5,3,16,DDR4,512,SSD,0.0312,15.6,Integrated,0,0,0,0,Windows 11 Home
ASUS,ASUS Vivobook Go 15,64690.0,Mid-Range (40K-75K),AMD,Ryzen 5 Quad Core 7520U,Ryzen 5,3,8,LPDDR5,512,SSD,0.0156,15.6,Integrated,0,0,0,0,Windows 11 Home
ASUS,ASUS Vivobook Go 15 OLED,45990.0,Mid-Range (40K-75K),AMD,Ryzen 3 Quad Core 7320U,Ryzen 3,2,8,LPDDR5,512,SSD,0.0156,15.6,Integrated,0,0,0,1,Windows 11 Home
HP,HP 15,61754.0,Mid-Range (40K-75K),AMD,Ryzen 5 Quad Core 7520U,Ryzen 5,3,8,DDR5,512,SSD,0.0156,15.6,Integrated,0,0,0,0,Windows 11 Home
Lenovo,Lenovo,37990.0,Budget (<40K),AMD,Ryzen 5 Processor,Ryzen 5,3,8,DDR4,512,SSD,0.0156,15.6,Integrated,0,0,0,0,Windows 11 Home
MSI,MSI Modern 14,66235.0,Mid-Range (40K-75K),AMD,Ryzen 5 Hexa Core 7430U,Ryzen 5,3,16,DDR4,512,SSD,0.0312,14.0,Integrated,0,0,0,0,Windows 11 Home
HP,HP 255 G10,57499.0,Mid-Range (40K-75K),AMD,Ryzen 5 Quad Core 7520U,Ryzen 5,3,8,DDR4,512,SSD,0.0156,15.6,Integrated,0,0,0,0,Windows 11 Home
Acer,Acer Aspire,64990.0,Mid-Range (40K-75K),AMD,Ryzen 5 Hexa Core 7430U,Ryzen 5,3,16,DDR4,1024,SSD,0.0156,15.6,Integrated,0,0,0,0,Windows 11 Home
Lenovo,Lenovo IdeaPad Slim 3 with 1Year ADP,61890.0,Mid-Range (40K-75K),AMD,Ryzen 5 Processor,Ryzen 5,3,16,LPDDR5,512,SSD,0.0312,15.6,Integrated,0,0,0,0,Windows 11 Home
Lenovo,Lenovo IdeaPad 1,55000.0,Mid-Range (40K-75K),AMD,Ryzen 5 Quad Core 3500U,Ryzen 5,2,8,DDR4,512,SSD,0.0156,15.6,Integrated,0,0,0,0,Windows 11 Home
MSI,MSI Modern 14,61990.0,Mid-Range (40K-75K),AMD,Ryzen 5 Hexa Core 7530U,Ryzen 5,3,8,DDR4,512,SSD,0.0156,14.0,Integrated,0,0,0,0,Windows 11 Home
Lenovo,Lenovo ThinkBook,80000.0,Upper Mid-Range (75K-1.25L),AMD,Ryzen 5 Hexa Core 7530U,Ryzen 5,3,16,DDR4,512,SSD,0.0312,16.0,Integrated,0,0,0,0,Windows 11 Home
Lenovo,Lenovo,61990.0,Mid-Range (40K-75K),AMD,Ryzen 5 Hexa Core,Ryzen 5,3,8,DDR4,512,SSD,0.0156,15.6,Integrated,0,0,0,0,Windows 11 Home
Lenovo,Lenovo,61990.0,Mid-Range (40K-75K),AMD,Ryzen 5 Quad Core,Ryzen 5,3,16,DDR4,512,SSD,0.0312,15.6,Integrated,0,0,0,0,Windows 11 Home
Lenovo,Lenovo IdeaPad,61939.0,Mid-Range (40K-75K),AMD,Ryzen 5 Hexa Core 5500U,Ryzen 5,3,8,DDR4,512,SSD,0.0156,15.6,Integrated,0,0,0,0,Windows 10 Home
Dell,DELL,65900.0,Mid-Range (40K-75K),AMD,Ryzen 5,Ryzen 5,3,8,DDR4,512,SSD,0.0156,15.6,Integrated,0,0,0,0,Windows 11 Home
Lenovo,Lenovo,96990.0,Upper Mid-Range (75K-1.25L),AMD,Ryzen 5 Hexa Core 7535HS,Ryzen 5,3,16,LPDDR5X,512,SSD,0.0312,13.3,Integrated,0,0,0,0,Windows 11 Home
Lenovo,Lenovo IdeaPad Slim 1,59990.0,Mid-Range (40K-75K),AMD,Ryzen 5 Quad Core 7520U,Ryzen 5,3,8,LPDDR5,512,SSD,0.0156,15.6,Integrated,0,0,0,0,Windows 11 Home
HP,HP 15s,58790.0,Mid-Range (40K-75K),AMD,Ryzen 5 Quad Core 3500U,Ryzen 5,2,8,DDR4,512,SSD,0.0156,15.6,Integrated,0,0,0,0,Windows 10 Home
ASUS,"ASUS Vivobook Go 15 OLED, with Backlit Keyboard,",54990.0,Mid-Range (40K-75K),AMD,Ryzen 5 Quad Core 7520U,Ryzen 5,3,8,LPDDR5,512,SSD,0.0156,15.6,Integrated,0,0,0,1,Windows 11
Lenovo,Lenovo ThinkPad E14,99741.0,Upper Mid-Range (75K-1.25L),AMD,Ryzen 5 Hexa Core 7530U,Ryzen 5,3,8,DDR4,512,SSD,0.0156,14.0,Integrated,0,0,0,0,Windows 11 Home
ASUS,ASUS,63100.0,Mid-Range (40K-75K),AMD,Ryzen 5 Quad Core,Ryzen 5,3,8,LPDDR5,512,SSD,0.0156,14.0,Integrated,0,0,0,0,Windows 11 Home
Lenovo,Lenovo V15,61500.0,Mid-Range (40K-75K),AMD,Ryzen 5 Hexa Core 5500U,Ryzen 5,3,8,DDR4,512,SSD,0.0156,15.6,Integrated,0,0,0,0,DOS
Lenovo,Lenovo V15,61990.0,Mid-Range (40K-75K),AMD,Ryzen 5 Quad Core 7520U,Ryzen 5,3,16,DDR4,512,SSD,0.0312,15.6,Integrated,0,0,0,0,Windows 11 Home
Lenovo,Lenovo IdeaPad Flex 5,60490.0,Mid-Range (40K-75K),AMD,Ryzen 5 Hexa Core 7530U,Ryzen 5,3,16,LPDDR4X,512,SSD,0.0312,14.0,Integrated,0,0,0,0,Windows 11 Home
HP,HP 15s,57970.0,Mid-Range (40K-75K),AMD,Ryzen 5 Quad Core 7520U,Ryzen 5,3,8,DDR4,512,SSD,0.0156,15.6,Integrated,0,0,0,0,Windows 11 Home
HP,HP OmniBook 5,79990.0,Upper Mid-Range (75K-1.25L),Intel,Core 5 340,Core 5 340,3,16,LPDDR5X,512,SSD,0.0312,16.0,Integrated,0,0,0,0,Windows 11 Home
ASUS,ASUS Vivobook 16 with MSO 2024 + M365 Basic*,81990.0,Upper Mid-Range (75K-1.25L),AMD,Ryzen 5 Hexa Core,Ryzen 5,3,16,DDR5,512,SSD,0.0312,16.0,Integrated,0,0,0,0,Windows 11 Home
ASUS,ASUS VivoBook 15,82169.0,Upper Mid-Range (75K-1.25L),AMD,Ryzen 7 Octa Core 5800HS,Ryzen 7,3,16,DDR4,512,SSD,0.0312,15.6,Integrated,0,0,0,0,Windows 11 Home
HP,HP 15,76300.0,Upper Mid-Range (75K-1.25L),AMD,Ryzen 7 Octa Core 7730U,Ryzen 7,4,16,DDR4,512,SSD,0.0312,15.6,Integrated,0,0,0,0,Windows 11 Home
Lenovo,Lenovo IdeaPad Gaming 3,63390.0,Mid-Range (40K-75K),AMD,Ryzen 7 Octa Core 5800H,Ryzen 7,3,8,DDR4,512,SSD,0.0156,15.6,Integrated,1,0,0,0,Windows 11 Home
HP,HP Victus,110990.0,Upper Mid-Range (75K-1.25L),AMD,Ryzen 7 Octa Core 5800H,Ryzen 7,3,16,DDR4,512,SSD,0.0312,15.6,Integrated,1,0,0,0,Windows 11 Home
Dell,DELL 15,78490.0,Upper Mid-Range (75K-1.25L),AMD,Ryzen 7 Octa Core 7730U,Ryzen 7,4,16,DDR4,512,SSD,0.0312,15.0,Integrated,0,0,0,0,Windows 11 Home
Lenovo,Lenovo,114990.0,Upper Mid-Range (75K-1.25L),AMD,Ryzen 7 Octa Core,Ryzen 7,4,16,DDR5,512,SSD,0.0312,15.6,Integrated,0,0,0,0,Windows 11
ASUS,ASUS,111000.0,Upper Mid-Range (75K-1.25L),AMD,Ryzen 7 Octa Core,Ryzen 7,4,16,DDR5,1024,SSD,0.0156,15.6,Integrated,0,0,0,0,Windows 11 Home
ASUS,ASUS VivoBook 15,75000.0,Upper Mid-Range (75K-1.25L),AMD,Ryzen 7 Octa Core 5825U,Ryzen 7,3,16,DDR4,512,SSD,0.0312,15.6,Integrated,0,0,0,0,Windows 11 Home
HP,HP Victus 15,114590.0,Upper Mid-Range (75K-1.25L),AMD,Ryzen 7 Octa Core 5800H,Ryzen 7,3,16,DDR4,512,SSD,0.0312,15.6,Integrated,1,0,0,0,Windows 11 Home
Lenovo,Lenovo IdeaPad Slim 1,34899.0,Budget (<40K),AMD,Ryzen 3 Quad Core 7320U,Ryzen 3,2,8,LPDDR5,512,SSD,0.0156,15.6,Integrated,0,0,0,0,Windows 11 Home
HP,HP 255R G10 Professional DDR5 5600Mhz,56446.0,Mid-Range (40K-75K),AMD,Ryzen 5 Hexa Core,Ryzen 5,3,8,DDR5,512,SSD,0.0156,15.6,Integrated,0,0,0,0,Windows 11 Pro
HP,HP 15,52990.0,Mid-Range (40K-75K),AMD,Ryzen 3 Quad Core 7320U,Ryzen 3,2,8,DDR4,512,SSD,0.0156,15.6,Integrated,0,0,0,0,Windows 11 Home
HP,HP 15,60399.0,Mid-Range (40K-75K),AMD,Ryzen 3 Quad Core 7320U,Ryzen 3,2,16,LPDDR5,512,SSD,0.0312,15.6,Integrated,0,0,0,0,Windows 11 Home
HP,"HP HP 15,",78990.0,Upper Mid-Range (75K-1.25L),AMD,Ryzen 7 Processor,Ryzen 7,4,16,DDR5,512,SSD,0.0312,15.6,Integrated,0,0,0,0,Windows 11 Home
ASUS,ASUS Vivobook Go 15,53321.0,Mid-Range (40K-75K),AMD,Ryzen 3 Quad Core 7320U,Ryzen 3,2,8,LPDDR5,512,SSD,0.0156,15.6,Integrated,0,0,0,0,Windows 11 Home
Lenovo,Lenovo V 15,51991.0,Mid-Range (40K-75K),AMD,Ryzen 3 Quad Core 7320U,Ryzen 3,2,8,LPDDR5,512,SSD,0.0156,15.6,Integrated,0,0,0,0,Windows 11 Pro
HP,HP Pavilion 15,75121.0,Upper Mid-Range (75K-1.25L),AMD,Ryzen 7 Octa Core 7730U,Ryzen 7,4,16,DDR4,512,SSD,0.0312,15.6,Integrated,0,0,0,0,Windows 11 Home
Lenovo,Lenovo,98991.0,Upper Mid-Range (75K-1.25L),AMD,Ryzen 7 7735HS,Ryzen 7,4,16,DDR5,512,SSD,0.0312,14.0,Integrated,0,0,0,0,Windows 11 Home
HP,HP Pavilion,87796.0,Upper Mid-Range (75K-1.25L),AMD,Ryzen 7 Octa Core 7730U,Ryzen 7,4,16,DDR4,512,SSD,0.0312,15.6,Integrated,0,0,0,0,Windows 11 Home
HP,"HP 15 Laptop with Backlit Keyboard & MSO'2024,",69990.0,Mid-Range (40K-75K),AMD,Ryzen 7 Octa Core 7730U,Ryzen 7,4,16,DDR4,512,SSD,0.0312,15.6,Integrated,0,0,0,0,Windows 11 Home
HP,HP Victus AI,159991.0,Premium / Flagship (>1.25L),AMD,Ryzen 7 Octa Core,Ryzen 7,4,24,DDR5,1024,SSD,0.0234,15.6,Integrated,1,0,0,0,Windows 11 Home
HP,HP 255 G10,77892.0,Upper Mid-Range (75K-1.25L),AMD,Ryzen 7 Octa Core 7730U,Ryzen 7,4,16,DDR4,512,SSD,0.0312,15.6,Integrated,0,0,0,0,Windows 11 Home
Lenovo,Lenovo,77500.0,Upper Mid-Range (75K-1.25L),AMD,Ryzen 7 Octa Core 7730U,Ryzen 7,4,16,DDR4,512,SSD,0.0312,15.6,Integrated,0,0,0,0,Windows 11 Home
Lenovo,Lenovo,118990.0,Upper Mid-Range (75K-1.25L),AMD,Ryzen 7 Octa Core,Ryzen 7,4,24,DDR5,512,SSD,0.0469,15.6,Discrete,1,0,0,0,Windows 11 Home
Lenovo,Lenovo V15,78900.0,Upper Mid-Range (75K-1.25L),AMD,Ryzen 7 Octa Core 7730U,Ryzen 7,4,16,DDR4,512,SSD,0.0312,15.6,Integrated,0,0,0,0,Windows 11 Home
HP,HP OmniBook 7 Aero,106308.0,Upper Mid-Range (75K-1.25L),AMD,Ryzen AI 7 Octa Core AI 7 350 -,Ryzen AI,3,16,LPDDR5X,512,SSD,0.0312,13.3,Integrated,0,0,0,0,Windows 11
Lenovo,Lenovo ThinkBook 15 G5,81970.0,Upper Mid-Range (75K-1.25L),AMD,Ryzen 7 Octa Core 7730U,Ryzen 7,4,16,DDR4,512,SSD,0.0312,15.6,Integrated,0,0,0,0,Windows 11 Home
HP,HP 15s Backlit Keyboard,58605.0,Mid-Range (40K-75K),AMD,Ryzen 3 Quad Core 7320U,Ryzen 3,2,8,LPDDR5,512,SSD,0.0156,15.6,Integrated,0,0,0,0,Windows 11 Home
ASUS,ASUS Vivobook 15 with Office 2024 + M365 Basic*,66664.0,Mid-Range (40K-75K),AMD,Ryzen 7 Octa Core 7730U,Ryzen 7,4,16,DDR4,512,SSD,0.0312,15.6,Integrated,0,0,0,0,Windows 11 Home
ASUS,ASUS Vivobook S14,119010.0,Upper Mid-Range (75K-1.25L),AMD,Ryzen 7 Processor,Ryzen 7,4,16,DDR5,1024,SSD,0.0156,14.0,Integrated,0,0,0,0,Windows 11 Home
Lenovo,Lenovo ThinkBook 15,74000.0,Mid-Range (40K-75K),AMD,Ryzen 7 Octa Core 7730U,Ryzen 7,4,8,DDR4,512,SSD,0.0156,15.6,Integrated,0,0,0,0,DOS
Dell,DELL,131143.0,Premium / Flagship (>1.25L),AMD,Ryzen 7 Octa Core 6800H,Ryzen 7,4,16,DDR5,512,SSD,0.0312,14.9,Discrete,1,0,0,0,Windows 11 Home
Lenovo,Lenovo IdeaPad Gaming 3,99990.0,Upper Mid-Range (75K-1.25L),AMD,Ryzen 7 Octa Core 7735HS,Ryzen 7,4,16,DDR5,512,SSD,0.0312,15.6,Integrated,1,0,0,0,Windows 11 Home
Lenovo,Lenovo Yoga Slim 7 WUXGA OLED Copilot+PC Full Metal Body,174000.0,Premium / Flagship (>1.25L),AMD,Ryzen AI 7 Octa Core AI 7 350 -,Ryzen AI,3,32,LPDDR5X,1024,SSD,0.0312,14.0,Integrated,0,0,1,1,Windows 11 Home
Dell,DELL,157867.0,Premium / Flagship (>1.25L),AMD,Ryzen 7 Octa Core 6800H,Ryzen 7,4,16,DDR5,512,SSD,0.0312,15.6,Integrated,0,0,0,0,Windows 11 Home
ASUS,ASUS Vivobook Go 15 with Office 2024 + M365 Basic*,57990.0,Mid-Range (40K-75K),AMD,Ryzen 3 Quad Core,Ryzen 3,2,8,DDR5,512,SSD,0.0156,15.6,Integrated,0,0,0,0,Windows 11 Home
HP,HP 255 R G10,58000.0,Mid-Range (40K-75K),AMD,Ryzen 5 Hexa Core 7535U,Ryzen 5,3,8,DDR5,512,SSD,0.0156,15.6,Integrated,0,0,0,0,Windows 11 Home
HP,HP 14 AI PC,94900.0,Upper Mid-Range (75K-1.25L),Intel,Core Ultra 7 155H,Core Ultra 7,5,16,DDR5,512,SSD,0.0312,14.0,Integrated,0,0,0,0,Windows 11 Home
HP,HP MS Office 2024,75991.0,Upper Mid-Range (75K-1.25L),AMD,Ryzen 7 Octa Core,Ryzen 7,4,16,DDR5,512,SSD,0.0312,15.6,Integrated,0,0,0,0,Windows 11 Home
ASUS,ASUS Vivobook GO 15 OLED,76046.0,Upper Mid-Range (75K-1.25L),AMD,Ryzen 7 Quad Core 7000,Ryzen 7,4,16,LPDDR5,512,SSD,0.0312,15.6,Integrated,0,0,0,1,Windows 11 Home
Lenovo,Lenovo IdeaPad 1,70769.0,Mid-Range (40K-75K),AMD,Ryzen 7 Octa Core 5700U,Ryzen 7,3,16,DDR4,512,SSD,0.0312,15.6,Integrated,0,0,0,0,Windows 11 Home
HP,HP 15s,84990.0,Upper Mid-Range (75K-1.25L),AMD,Ryzen 7 Octa Core 5700U,Ryzen 7,3,16,DDR4,512,SSD,0.0312,15.6,Integrated,0,0,0,0,Windows 11 Home
HP,HP Victus,116990.0,Upper Mid-Range (75K-1.25L),AMD,Ryzen 7 Hexa Core 7445HS,Ryzen 7,4,16,DDR5,512,SSD,0.0312,15.6,Integrated,1,0,0,0,Windows 11 Home
HP,HP OMEN 16,174237.0,Premium / Flagship (>1.25L),AMD,Ryzen AI 7 Octa Core -,Ryzen AI,3,24,DDR5,1024,SSD,0.0234,16.0,Integrated,1,0,0,0,Windows 11 Home
Lenovo,Lenovo LOQ,104290.0,Upper Mid-Range (75K-1.25L),AMD,Ryzen 7 Octa Core 7435HS,Ryzen 7,4,24,DDR5,512,SSD,0.0469,15.6,Integrated,1,0,0,0,Windows 11 Home
Dell,DELL 14 Microsoft Office Home 2024,107083.0,Upper Mid-Range (75K-1.25L),AMD,Ryzen AI 7 Octa Core 350 AI -,Ryzen AI,2,16,LPDDR5X,1024,SSD,0.0156,14.0,Integrated,0,0,0,0,Windows 11 Home
Dell,DELL Alienware 15,139990.0,Premium / Flagship (>1.25L),AMD,Ryzen 7 Processor,Ryzen 7,4,16,DDR5,512,SSD,0.0312,15.0,Integrated,1,0,0,0,Windows 11 Home
HP,HP Pavilion Plus,92319.0,Upper Mid-Range (75K-1.25L),AMD,Ryzen 7 Processor,Ryzen 7,4,16,LPDDR5X,1024,SSD,0.0156,14.0,Integrated,0,0,0,0,Windows 11 Home
HP,HP 255 G10,49990.0,Mid-Range (40K-75K),AMD,Ryzen 3 Octa Core,Ryzen 3,2,8,DDR4,512,SSD,0.0156,15.6,Integrated,0,0,0,0,Windows 11 Pro
Apple,Apple 2020 Macbook Air M1,109900.0,Upper Mid-Range (75K-1.25L),Apple,Apple M1 Pro,Apple M1,3,16,DDR4,256,SSD,0.0625,13.3,Integrated,0,1,0,0,macOS
Apple,Apple 2020 Macbook Air M1,89900.0,Upper Mid-Range (75K-1.25L),Apple,Apple M1 Pro,Apple M1,3,8,DDR4,256,SSD,0.0312,13.3,Integrated,0,1,0,0,macOS
Apple,Apple MacBook Air M1,110900.0,Upper Mid-Range (75K-1.25L),Apple,Apple M1 Pro,Apple M1,3,8,DDR4,512,SSD,0.0156,13.3,Integrated,0,1,0,0,macOS
Apple,Apple MacBook Air M3,134900.0,Premium / Flagship (>1.25L),Apple,Apple M3 Pro,Apple M3,4,16,Unified Memory,256,SSD,0.0625,15.3,Integrated,0,1,0,0,macOS Sequoia
Apple,Apple MacBook Air M4,151900.0,Premium / Flagship (>1.25L),Apple,Apple M4 Pro,Apple M4,5,24,Unified Memory,512,SSD,0.0469,15.3,Integrated,0,1,0,0,macOS Sequoia
Apple,Apple MacBook Air M3,154900.0,Premium / Flagship (>1.25L),Apple,Apple M3 Pro,Apple M3,4,8,Unified Memory,512,SSD,0.0156,15.0,Integrated,0,1,0,0,macOS Sonoma
Apple,Apple MacBook Pro M4,209900.0,Premium / Flagship (>1.25L),Apple,Apple M4 Pro,Apple M4,5,24,Unified Memory,1024,SSD,0.0234,14.0,Integrated,0,1,0,0,macOS Sequoia
Apple,Apple MacBook Air M3,114900.0,Upper Mid-Range (75K-1.25L),Apple,Apple M3 Pro,Apple M3,4,16,Unified Memory,256,SSD,0.0625,13.6,Integrated,0,1,0,0,macOS Sequoia
Apple,Apple MacBook Air M3,134900.0,Premium / Flagship (>1.25L),Apple,Apple M3 Pro,Apple M3,4,8,Unified Memory,512,SSD,0.0156,13.0,Integrated,0,1,0,0,macOS Sonoma
Apple,Apple MacBook AIR M2,109900.0,Upper Mid-Range (75K-1.25L),Apple,Apple M2 Pro,Apple M2,4,8,Unified Memory,512,SSD,0.0156,13.6,Integrated,0,1,0,0,macOS
Apple,Apple MacBook Air M3,134900.0,Premium / Flagship (>1.25L),Apple,Apple M3 Pro,Apple M3,4,16,Unified Memory,512,SSD,0.0312,13.0,Integrated,0,1,0,0,macOS Sonoma
Apple,Apple MacBook Air M3,154900.0,Premium / Flagship (>1.25L),Apple,Apple M3 Pro,Apple M3,4,24,Unified Memory,512,SSD,0.0469,13.6,Integrated,0,1,0,0,macOS Sequoia
Apple,Apple MacBook Pro M3,189900.0,Premium / Flagship (>1.25L),Apple,Apple M3 Pro,Apple M3,4,8,Unified Memory,1024,SSD,0.0078,14.0,Integrated,0,1,0,0,macOS Sonoma
Apple,Apple MacBook Pro M3,149900.0,Premium / Flagship (>1.25L),Apple,Apple M3 Pro,Apple M3,4,8,Unified Memory,512,SSD,0.0156,14.0,Integrated,0,1,0,0,macOS Sonoma
Apple,Apple MacBook AIR M2,159900.0,Premium / Flagship (>1.25L),Apple,Apple M2 Pro,Apple M2,4,16,Unified Memory,1024,SSD,0.0156,13.6,Integrated,0,1,0,0,macOS
Apple,Apple MacBook Pro M4 Pro,239900.0,Premium / Flagship (>1.25L),Apple,Apple M4 Pro,Apple M4,5,24,Unified Memory,1024,SSD,0.0234,14.0,Integrated,0,1,0,0,macOS Sequoia
Apple,Apple 2021 Macbook Pro M1 Max,329900.0,Premium / Flagship (>1.25L),Apple,Apple M1 Max,Apple M1,3,32,Unified Memory,1024,SSD,0.0312,16.2,Integrated,0,1,0,0,macOS
Apple,Apple MacBook Pro M3 Max,349900.0,Premium / Flagship (>1.25L),Apple,Apple M3 Max,Apple M3,4,36,Unified Memory,1024,SSD,0.0352,16.0,Integrated,0,1,0,0,macOS Sonoma
Apple,Apple 2021 Macbook Pro M1 Pro,239900.0,Premium / Flagship (>1.25L),Apple,Apple M1 Pro,Apple M1,3,16,Unified Memory,1024,SSD,0.0156,14.2,Integrated,0,1,0,0,macOS
Apple,Apple MacBook AIR M2,89900.0,Upper Mid-Range (75K-1.25L),Apple,Apple M2 Pro,Apple M2,4,8,Unified Memory,256,SSD,0.0312,13.6,Integrated,0,1,0,0,macOS
Apple,Apple MacBook Air M3,134900.0,Premium / Flagship (>1.25L),Apple,Apple M3 Pro,Apple M3,4,8,Unified Memory,256,SSD,0.0312,15.0,Integrated,0,1,0,0,macOS Sonoma
Apple,Apple M4 Max,399900.0,Premium / Flagship (>1.25L),Apple,Apple M4 Max,Apple M4,5,48,Unified Memory,256,SSD,0.1875,16.0,Integrated,0,1,0,0,macOS Sequoia
ASUS,ASUS Vivobook 15 with Office 2024 + M365 Basic*,54990.0,Mid-Range (40K-75K),Intel,Core i3 13th Gen,Core i3,2,16,DDR5,512,SSD,0.0312,15.6,Integrated,0,0,0,0,Windows 11 Home
ASUS,ASUS Vivobook 15 with Office 2024 + M365 Basic*,50990.0,Mid-Range (40K-75K),Intel,Core i3 13th Gen,Core i3,2,8,DDR5,512,SSD,0.0156,15.6,Integrated,0,0,0,0,Windows 11 Home
ASUS,"ASUS Vivobook 15 with Office 2024 + M365 Basic*,",74801.0,Mid-Range (40K-75K),AMD,Ryzen 5 Hexa Core,Ryzen 5,3,16,DDR5,512,SSD,0.0312,15.6,Integrated,0,0,0,0,Windows 11 Home
ASUS,"ASUS Vivobook 15 with Office 2024 + M365 Basic*, Backlit Keyboard,",62550.0,Mid-Range (40K-75K),Intel,Core i3 13th Gen 1315U,Core i3,2,16,DDR5,512,SSD,0.0312,15.6,Integrated,0,0,0,0,Windows 11 Home
ASUS,ASUS ExpertBook P3 with AI PC 1 Yr ADP,89990.0,Upper Mid-Range (75K-1.25L),Intel,Core Ultra 7 255H,Core Ultra 7,5,16,DDR5,512,SSD,0.0312,16.0,Integrated,0,0,0,0,Windows 11 Home
ASUS,ASUS ExpertBook P1 with 1 Yr ADP,47990.0,Mid-Range (40K-75K),Intel,Core 3 13th Gen 1315U,Core 3 13th Gen 1315U,2,8,DDR5,512,SSD,0.0156,14.0,Integrated,0,0,0,0,Windows 11 Home
ASUS,ASUS ExpertBook P1 with 1 Yr ADP,51990.0,Mid-Range (40K-75K),Intel,Core 3 13th Gen 1315U,Core 3 13th Gen 1315U,2,16,DDR5,512,SSD,0.0312,14.0,Integrated,0,0,0,0,Windows 11 Home
ASUS,ASUS ExpertBook P3 AI PC with 1 Yr ADP,82500.0,Upper Mid-Range (75K-1.25L),Intel,Core Ultra 5 225H,Core Ultra 5,4,16,DDR5,512,SSD,0.0312,16.0,Integrated,0,0,0,0,Windows 11 Home
ASUS,ASUS ExpertBook P1 with 1 Yr ADP,65990.0,Mid-Range (40K-75K),Intel,Core 3 14th Gen 100U,Core 3 14th Gen 100U,2,16,DDR5,512,SSD,0.0312,14.0,Integrated,0,0,0,0,Windows 11 Home
ASUS,ASUS ExpertBook P3 with AI PC IR Cam 1 Yr ADP,93500.0,Upper Mid-Range (75K-1.25L),Intel,Core Ultra 7 255H,Core Ultra 7,5,16,DDR5,512,SSD,0.0312,16.0,Integrated,0,0,0,0,Windows 11 Home
ASUS,ASUS ExpertBook P3 with AI PC 1 Yr ADP,92990.0,Upper Mid-Range (75K-1.25L),Intel,Core Ultra 7 255H,Core Ultra 7,5,16,DDR5,512,SSD,0.0312,14.0,Integrated,0,0,0,0,Windows 11 Home
Dell,DELL Inspiron MSO '2024,59481.0,Mid-Range (40K-75K),Intel,Core i3 13th Gen 1305U,Core i3,2,8,DDR4,512,SSD,0.0156,15.6,Integrated,0,0,0,0,Windows 11 Home
ASUS,ASUS ExpertBook P1 with 1 Yr ADP,65200.0,Mid-Range (40K-75K),Intel,Core 3 13th Gen 1315U,Core 3 13th Gen 1315U,2,16,DDR5,512,SSD,0.0312,15.6,Integrated,0,0,0,0,Windows 11 Home
ASUS,ASUS Vivobook 15,34990.0,Budget (<40K),Intel,Core i3 12th Gen 1215U,Core i3,2,8,DDR4,512,SSD,0.0156,15.6,Integrated,0,0,0,0,Windows 11 Home
ASUS,ASUS ExpertBook P3 AI PC with 1 Yr ADP,94990.0,Upper Mid-Range (75K-1.25L),Intel,Core Ultra 5 225H,Core Ultra 5,4,16,DDR5,512,SSD,0.0312,14.0,Integrated,0,0,0,0,Windows 11 Home
Samsung,Samsung Galaxy Book4 Metal,77490.0,Upper Mid-Range (75K-1.25L),Intel,Core i5 13th Gen 1335U,Core i5,3,16,LPDDR4X,512,SSD,0.0312,15.6,Integrated,0,0,0,0,Windows 11 Home
Motorola,MOTOROLA Motobook 60 Full Metal 2.8K OLED,79990.0,Upper Mid-Range (75K-1.25L),Intel,Core 7,Core 7,4,16,DDR5,1024,SSD,0.0156,14.0,Integrated,0,0,0,1,Windows 11
ASUS,ASUS ExpertBook P1 with 1 Yr ADP,61990.0,Mid-Range (40K-75K),Intel,Core 3 14th Gen 100U,Core 3 14th Gen 100U,2,8,DDR5,512,SSD,0.0156,14.0,Integrated,0,0,0,0,Windows 11 Home
ASUS,ASUS ExpertBook P1 with 1 Yr ADP,47990.0,Mid-Range (40K-75K),Intel,Core 3 13th Gen 1315U,Core 3 13th Gen 1315U,2,8,DDR5,512,SSD,0.0156,15.6,Integrated,0,0,0,0,Windows 11 Home
ASUS,ASUS ExpertBook PM1 with 1 Yr ADP,67990.0,Mid-Range (40K-75K),AMD,Ryzen 5 Hexa Core,Ryzen 5,3,16,DDR5,512,SSD,0.0312,14.0,Integrated,0,0,0,0,Windows 11 Home
ASUS,ASUS ExpertBook P1 with 1 Yr ADP,71990.0,Mid-Range (40K-75K),Intel,Core i5 13th Gen 13420H,Core i5,3,32,DDR5,512,SSD,0.0625,15.6,Integrated,0,0,0,0,Windows 11 Home
ASUS,ASUS Expertbook P1 High,99890.0,Upper Mid-Range (75K-1.25L),Intel,Core i7 13th Gen 13620H,Core i7,4,32,DDR5,512,SSD,0.0625,15.6,Integrated,0,0,0,0,Windows 11 Home
ASUS,ASUS ExpertBook P1 with 1 Yr ADP,98990.0,Upper Mid-Range (75K-1.25L),Intel,Core 7 240H,Core 7 240H,4,32,DDR5,512,SSD,0.0625,14.0,Integrated,0,0,0,0,Windows 11 Home
ASUS,ASUS ExpertBook P1 with 1 Yr ADP,77102.0,Upper Mid-Range (75K-1.25L),Intel,Core i5 13th Gen 13420H,Core i5,3,16,DDR5,512,SSD,0.0312,15.6,Integrated,0,0,0,0,Windows 11 Home
ASUS,ASUS ExpertBook P1 with 1 Yr ADP,98999.0,Upper Mid-Range (75K-1.25L),Intel,Core i7 13th Gen 13620H,Core i7,4,32,DDR5,512,SSD,0.0625,15.6,Integrated,0,0,0,0,Windows 11 Home
ASUS,ASUS ExpertBook P1 with 1 Yr ADP,96528.0,Upper Mid-Range (75K-1.25L),Intel,Core 7 240H,Core 7 240H,4,16,DDR5,512,SSD,0.0312,15.6,Integrated,0,0,0,0,Windows 11 Home
ASUS,ASUS ExpertBook P3 with 1 Yr ADP Metal,92990.0,Upper Mid-Range (75K-1.25L),Intel,Core i7 13th Gen 13620H,Core i7,4,32,DDR5,1024,SSD,0.0312,14.0,Integrated,0,0,0,0,Windows 11 Home
ASUS,ASUS ExpertBook P1 with 1 Yr ADP,86990.0,Upper Mid-Range (75K-1.25L),Intel,Core i5 13th Gen 13420H,Core i5,3,32,DDR5,512,SSD,0.0625,14.0,Integrated,0,0,0,0,Windows 11 Home
ASUS,ASUS ExpertBook P1 with 1 Yr ADP,85045.0,Upper Mid-Range (75K-1.25L),Intel,Core 5 210H,Core 5 210H,3,32,DDR5,512,SSD,0.0625,14.0,Integrated,0,0,0,0,Windows 11 Home
ASUS,ASUS ExpertBook B14,62990.0,Mid-Range (40K-75K),Intel,Core i3 12th Gen 1215U,Core i3,2,8,DDR4,512,SSD,0.0156,14.0,Integrated,0,0,0,0,Windows 11 Home
ASUS,ASUS ExpertBook P2,83990.0,Upper Mid-Range (75K-1.25L),Intel,Core i5 10th Gen 10210U,Core i5,3,8,DDR4,1024,HDD,0.0078,14.0,Integrated,0,0,0,0,Windows 10 Pro
ASUS,ASUS Chromebook CX15,32140.0,Budget (<40K),Intel,Celeron Dual Core N4500,Celeron Dual Core N4500,1,8,LPDDR4X,128,eMMC,0.0625,15.6,Integrated,0,0,0,0,Windows 11 Home
ASUS,ASUS Chromebook CX14,31166.0,Budget (<40K),Intel,Celeron Dual Core N50,Celeron Dual Core N50,1,4,LPDDR5,128,eMMC,0.0312,14.0,Integrated,0,0,0,0,Windows 11 Home
ASUS,ASUS Chromebook CX14,33409.0,Budget (<40K),Intel,Celeron Dual Core N4500,Celeron Dual Core N4500,1,4,LPDDR4X,128,eMMC,0.0312,14.0,Integrated,0,0,0,0,Windows 11 Home
ASUS,ASUS Chromebook CX14,28900.0,Budget (<40K),Intel,Celeron Dual Core N4500,Celeron Dual Core N4500,1,4,LPDDR4X,64,eMMC,0.0625,14.0,Integrated,0,0,0,0,Windows 11 Home
ASUS,"ASUS Vivobook S14 Flip with Touch Screen, Metallic Design,",72990.0,Mid-Range (40K-75K),Intel,Core i5 13th Gen 13420H,Core i5,3,16,DDR4,512,SSD,0.0312,14.0,Integrated,0,0,1,0,Windows 11 Home
ASUS,ASUS Chromebook CX15,37990.0,Budget (<40K),Intel,Celeron Dual Core N4500,Celeron Dual Core N4500,1,4,LPDDR4X,64,eMMC,0.0625,15.6,Integrated,0,0,0,0,Windows 11 Home
ASUS,ASUS Chromebook,29409.0,Budget (<40K),Intel,Celeron Dual Core N4500,Celeron Dual Core N4500,1,4,LPDDR4X,128,eMMC,0.0312,15.6,Integrated,0,0,0,0,Windows 11 Home
ASUS,"ASUS Vivobook 15 , AI PC with NPU up to 15TOPS,",55990.0,Mid-Range (40K-75K),Intel,Core 3 304,Core 3 304,2,8,DDR5,256,SSD,0.0312,15.6,Integrated,0,0,0,0,Windows 11 Home
ASUS,ASUS Vivobook 15 with Office 2024 + M365 Basic,56990.0,Mid-Range (40K-75K),Intel,Core 3 14th Gen 100U,Core 3 14th Gen 100U,2,8,DDR5,512,SSD,0.0156,15.6,Integrated,0,0,0,0,Windows 11 Home
ASUS,ASUS Vivobook Ultra 14,49990.0,Mid-Range (40K-75K),Intel,Core i3 10th Gen 1005G,Core i3,2,4,DDR4,512,SSD,0.0078,14.0,Integrated,0,0,0,0,Windows 11 Home
ASUS,ASUS Chromebook CX15,26990.0,Budget (<40K),Intel,Celeron Dual Core N50,Celeron Dual Core N50,1,4,LPDDR5,128,eMMC,0.0312,15.6,Integrated,0,0,0,0,Windows 11 Home
ASUS,"ASUS Vivobook S14 Flip OLED with Touch Screen,",167990.0,Premium / Flagship (>1.25L),Qualcomm,Snapdragon X -,Snapdragon X,4,8,LPDDR5X,512,SSD,0.0156,14.0,Integrated,0,0,1,1,Windows 11 Home
ASUS,ASUS ROG Zephyrus G16 AI PC,193975.0,Premium / Flagship (>1.25L),Intel,Core Ultra 7 155H,Core Ultra 7,5,16,LPDDR5X,1024,SSD,0.0156,16.0,Integrated,1,0,0,0,Windows 11 Home
ASUS,ASUS ROG Zephyrus Duo 16 OLED with Touch Screen,729990.0,Premium / Flagship (>1.25L),Intel,Core Ultra 9 386H,Core Ultra 9,5,64,LPDDR5X,2048,SSD,0.0312,16.0,Integrated,1,0,1,1,Windows 11 Home
ASUS,ASUS ROG Zephyrus G14 OLED,289990.0,Premium / Flagship (>1.25L),AMD,Ryzen AI 9 10 Core 465 -,Ryzen AI 9,3,32,LPDDR5X,2048,SSD,0.0156,14.0,Integrated,1,0,0,1,Windows 11 Home
ASUS,ASUS ROG Zephyrus G14 OLED,359990.0,Premium / Flagship (>1.25L),Intel,Core Ultra 9 386H,Core Ultra 9,5,32,LPDDR5X,1024,SSD,0.0312,14.0,Integrated,1,0,0,1,Windows 11 Home
ASUS,ASUS ROG Zephyrus G14 OLED,259990.0,Premium / Flagship (>1.25L),AMD,Ryzen AI 9 10 Core 465 -,Ryzen AI 9,3,16,LPDDR5X,1024,SSD,0.0156,14.0,Integrated,1,0,0,1,Windows 11 Home
ASUS,ASUS ROG Zephyrus G16 OLED,509990.0,Premium / Flagship (>1.25L),Intel,Core Ultra 9 386H,Core Ultra 9,5,32,LPDDR5X,2048,SSD,0.0156,16.0,Integrated,1,0,0,1,Windows 11 Home
ASUS,ASUS ROG Strix G16,180803.0,Premium / Flagship (>1.25L),Intel,Core i7 13th Gen 13650HX,Core i7,4,16,DDR5,1024,SSD,0.0156,16.0,Integrated,1,0,0,0,Windows 11 Home
ASUS,ASUS ROG,146490.0,Premium / Flagship (>1.25L),Intel,Core i7 7th Gen 7700HQ,Core i7,4,8,DDR4,1024,HDD,0.0078,15.6,Integrated,1,0,0,0,Windows 10 Home
ASUS,ASUS TUF Gaming A16 with Office 2024 + M365 Basic,140000.0,Premium / Flagship (>1.25L),AMD,Ryzen 7 Processor,Ryzen 7,4,16,DDR5,512,SSD,0.0312,16.0,Integrated,1,0,0,0,Windows 11 Home
ASUS,ASUS ROG Flow X13 with Radeon RX 6850M XT eGPU,234288.0,Premium / Flagship (>1.25L),AMD,Ryzen 7 Octa Core 6800HS,Ryzen 7,4,32,LPDDR5,1024,SSD,0.0312,13.4,Integrated,1,0,0,0,Windows 11
ASUS,"ASUS ROG Flow Z13 for Creator with Touch Screen, MSO 2024 + M365 Basic ,AI PC",275990.0,Premium / Flagship (>1.25L),AMD,Ryzen AI Max,Ryzen AI Max,5,32,LPDDR5X,1024,SSD,0.0312,13.4,Integrated,1,0,1,0,Windows 11 Home
ASUS,ASUS ROG Strix G16 AI PC with Office 2024 + M365 Basic*,292301.0,Premium / Flagship (>1.25L),Intel,Core Ultra 9 275HX,Core Ultra 9,5,32,DDR5,1024,SSD,0.0312,16.0,Integrated,1,0,0,0,Windows 11 Home
ASUS,ASUS ROG Strix SCAR 15,227990.0,Premium / Flagship (>1.25L),AMD,Ryzen 9 Octa Core 5900HX,Ryzen 9,3,32,DDR4,1024,SSD,0.0312,15.6,Integrated,1,0,0,0,Windows 10 Home
ASUS,ASUS ROG Strix Scar 16,279990.0,Premium / Flagship (>1.25L),Intel,Core i9 14th Gen 14900HX,Core i9,5,32,DDR5,2048,SSD,0.0156,16.0,Integrated,1,0,0,0,Windows 11 Home
ASUS,ASUS ROG Strix SCAR 18,489990.0,Premium / Flagship (>1.25L),Intel,Core Ultra 9 290HX,Core Ultra 9,5,32,DDR5,1024,SSD,0.0312,18.0,Integrated,1,0,0,0,Windows 11 Home
ASUS,ASUS TUF Gaming A15,95499.0,Upper Mid-Range (75K-1.25L),AMD,Ryzen 7 Hexa Core 7445HS,Ryzen 7,4,16,DDR5,512,SSD,0.0312,15.6,Integrated,1,0,0,0,Windows 11 Home
ASUS,ASUS TUF Gaming A15,99000.0,Upper Mid-Range (75K-1.25L),AMD,Ryzen 7 Hexa Core,Ryzen 7,4,16,DDR5,512,SSD,0.0312,15.6,Integrated,1,0,0,0,Windows 11 Home
ASUS,ASUS TUF Gaming F15,64990.0,Mid-Range (40K-75K),Intel,Core i5 12th Gen 12500H,Core i5,3,16,DDR4,512,SSD,0.0312,15.6,Integrated,1,0,0,0,Windows 11 Home
ASUS,ASUS TUF Gaming F16 with Office 2024 + M365 Basic*,186390.0,Premium / Flagship (>1.25L),Intel,Core i7 14th Gen 14650HX,Core i7,4,16,DDR5,1024,SSD,0.0156,16.0,Integrated,1,0,0,0,Windows 11 Home
ASUS,ASUS TUF Gaming F16 with MSO 2024+M365 Basic,74990.0,Mid-Range (40K-75K),Intel,Core 5,Core 5,3,16,DDR5,512,SSD,0.0312,16.0,Integrated,1,0,0,0,Windows 11 Home
ASUS,"ASUS TUF Gaming F16 for Creator with MSO 2024+M365 Basic*,AI PC,",141990.0,Premium / Flagship (>1.25L),Intel,Core 5 210H,Core 5 210H,3,16,DDR5,512,SSD,0.0312,16.0,Integrated,1,0,0,0,Windows 11 Home
ASUS,ASUS TUF Gaming 16,209990.0,Premium / Flagship (>1.25L),Intel,Core i7 14th Gen 14650HX,Core i7,4,16,DDR5,512,SSD,0.0312,16.0,Integrated,1,0,0,0,Windows 11 Home
ASUS,ASUS TUF Gaming 16,179990.0,Premium / Flagship (>1.25L),Intel,Core i5 14th Gen 14450HX,Core i5,3,16,DDR5,512,SSD,0.0312,16.0,Integrated,1,0,0,0,Windows 11 Home
ASUS,"ASUS TUF Gaming F16 with MSO 2024+M365 Basic,",119010.0,Upper Mid-Range (75K-1.25L),Intel,Core 5 210H,Core 5 210H,3,16,DDR5,1024,SSD,0.0156,16.0,Integrated,1,0,0,0,Windows 11 Home
ASUS,ASUS TUF Gaming F16,128649.0,Premium / Flagship (>1.25L),Intel,Core 5 210H,Core 5 210H,3,16,DDR5,512,SSD,0.0312,16.0,Integrated,1,0,0,0,Windows 11 Home
ASUS,ASUS TUF Gaming F16,159990.0,Premium / Flagship (>1.25L),Intel,Core i5 14th Gen 14450HX,Core i5,3,16,DDR5,512,SSD,0.0312,16.0,Integrated,1,0,0,0,Windows 11 Home
ASUS,ASUS TUF Gaming F16,229990.0,Premium / Flagship (>1.25L),Intel,Core i7 14th Gen 14650HX,Core i7,4,16,DDR5,1024,SSD,0.0156,16.0,Integrated,1,0,0,0,Windows 11 Home
HP,HP Victus,92990.0,Upper Mid-Range (75K-1.25L),Intel,Core 5 210H,Core 5 210H,3,24,DDR5,512,SSD,0.0469,15.6,Integrated,1,0,0,0,Windows 11 Home
HP,HP Victus,112853.0,Upper Mid-Range (75K-1.25L),Intel,Core i5 14th Gen 14450HX,Core i5,3,16,DDR5,512,SSD,0.0312,16.1,Integrated,1,0,0,0,Windows 11 Home
ASUS,"ASUS Gaming V16 for Creator with Office 2024 + M365 Basic*, AI PC",99990.0,Upper Mid-Range (75K-1.25L),Intel,Core 7 240,Core 7 240,4,16,DDR5,512,SSD,0.0312,16.0,Integrated,1,0,0,0,Windows 11 Home
ASUS,ASUS TUF Gaming A16 with Office 2024 + M365 Basic*,239990.0,Premium / Flagship (>1.25L),AMD,Ryzen 9,Ryzen 9,5,16,DDR5,1024,SSD,0.0156,16.0,Integrated,1,0,0,0,Windows 11 Home
ASUS,ASUS TUF Gaming A16,126990.0,Premium / Flagship (>1.25L),AMD,Ryzen 7 Processor,Ryzen 7,4,8,DDR5,512,SSD,0.0156,16.0,Integrated,1,0,0,0,Windows 11 Home
HP,HP Victus,111990.0,Upper Mid-Range (75K-1.25L),Intel,Core 5 210,Core 5 210,3,24,DDR5,512,SSD,0.0469,15.6,Integrated,1,0,0,0,Windows 11 Home
HP,HP Victus,112970.0,Upper Mid-Range (75K-1.25L),Intel,Core i5 14th Gen 14450HX,Core i5,3,24,DDR5,512,SSD,0.0469,15.6,Integrated,1,0,0,0,Windows 11 Home
MSI,MSI Stealth 17,347990.0,Premium / Flagship (>1.25L),Intel,Core i7 13th Gen 13700H,Core i7,4,16,DDR5,2048,SSD,0.0078,17.3,Integrated,0,0,0,0,Windows 11 Home
ASUS,"ASUS ProArt P16 for Creator with Touch Screen, MSO 2024 + M365 Basic ,AI PC",520990.0,Premium / Flagship (>1.25L),AMD,Ryzen AI 9 HX 1,Ryzen AI 9,3,64,LPDDR5X,2048,SSD,0.0312,16.0,Integrated,0,0,1,0,Windows 11 Home
ASUS,ASUS ROG Strix G18,389990.0,Premium / Flagship (>1.25L),Intel,Core Ultra 9 290HX,Core Ultra 9,5,32,DDR5,1024,SSD,0.0312,18.0,Integrated,1,0,0,0,Windows 11 Home
MSI,MSI Raider GE78 HX,339990.0,Premium / Flagship (>1.25L),Intel,Core i9 14th Gen 14900HX,Core i9,5,32,DDR5,2048,SSD,0.0156,18.0,Integrated,0,0,0,0,Windows 11 Home
MSI,MSI Titan GT77,548990.0,Premium / Flagship (>1.25L),Intel,Core i9 13th Gen 13980HX,Core i9,5,64,DDR5,2048,SSD,0.0312,17.3,Integrated,0,0,0,0,Windows 11 Home
MSI,MSI Vector GP68HX,229990.0,Premium / Flagship (>1.25L),Intel,Core i7 13th Gen 13700HX,Core i7,4,16,DDR5,1024,SSD,0.0156,16.0,Integrated,0,0,0,0,Windows 11 Home
ASUS,ASUS ROG Strix G16 with Office 2024 + M365 Basic*,251999.0,Premium / Flagship (>1.25L),Intel,Core Ultra 9 275HX,Core Ultra 9,5,32,DDR5,1024,SSD,0.0312,16.0,Integrated,1,0,0,0,Windows 11 Home
ASUS,ASUS VivoBook 14,50990.0,Mid-Range (40K-75K),Intel,Core i3 11th Gen 1115G,Core i3,2,8,DDR4,256,SSD,0.0312,14.0,Integrated,0,0,0,0,Windows 11 Home
ASUS,ASUS Vivobook 14 with Office 2024 + M365 Basic*,60413.0,Mid-Range (40K-75K),Intel,Core i3 13th Gen 1315U,Core i3,2,8,DDR4,512,SSD,0.0156,14.0,Integrated,0,0,0,0,Windows 11 Home
ASUS,ASUS Vivobook 15 with Office 2024 + M365 Basic,69990.0,Mid-Range (40K-75K),Intel,Core 3 14th Gen 100U,Core 3 14th Gen 100U,2,16,DDR5,512,SSD,0.0312,15.6,Integrated,0,0,0,0,Windows 11 Home
ASUS,"ASUS Vivobook 14 with Office 2024 + M365 Basic*, Backlit Keyboard,",59927.0,Mid-Range (40K-75K),Intel,Core i3 13th Gen 1315U,Core i3,2,8,DDR4,512,SSD,0.0156,14.0,Integrated,0,0,0,0,Windows 11 Home
ASUS,ASUS Vivobook 14,47990.0,Mid-Range (40K-75K),Intel,Core i3 13th Gen 1315U,Core i3,2,8,DDR4,512,SSD,0.0156,14.0,Integrated,0,0,0,0,Windows 11 Home
ASUS,ASUS Vivobook 15,28990.0,Budget (<40K),Intel,Core i3 11th Gen 1115G,Core i3,2,8,DDR4,256,SSD,0.0312,15.6,Integrated,0,0,0,0,Windows 11 Home
ASUS,"ASUS Vivobook 15, with Backlit Keyboard,",61250.0,Mid-Range (40K-75K),Intel,Core i3 13th Gen 1315U,Core i3,2,16,DDR4,512,SSD,0.0312,15.6,Integrated,0,0,0,0,Windows 11 Home
ASUS,ASUS Chromebook CX14,23030.0,Budget (<40K),Intel,Celeron Dual Core N50,Celeron Dual Core N50,1,4,LPDDR5,64,eMMC,0.0625,14.0,Integrated,0,0,0,0,Windows 11 Home
ASUS,"ASUS Vivobook 15, with Backlit Keyboard,",56699.0,Mid-Range (40K-75K),Intel,Core i3 13th Gen 1315U,Core i3,2,8,DDR4,512,SSD,0.0156,15.6,Integrated,0,0,0,0,Windows 11
ASUS,"ASUS Vivobook 15 with Office 2024 + M365 Basic*, Backlit Keyboard,",68990.0,Mid-Range (40K-75K),Intel,Core i5 13th Gen 1335U,Core i5,3,8,DDR4,512,SSD,0.0156,15.6,Integrated,0,0,0,0,Windows 11
ASUS,"ASUS Vivobook 15, with Backlit Keyboard,",68990.0,Mid-Range (40K-75K),Intel,Core i7 13th Gen 13620H,Core i7,4,16,DDR4,512,SSD,0.0312,15.6,Integrated,0,0,0,0,Windows 11 Home
ASUS,ASUS Vivobook Go 15,56411.0,Mid-Range (40K-75K),Intel,Core i3,Core i3,2,8,DDR4,512,SSD,0.0156,15.6,Integrated,0,0,0,0,Windows 11 Home
ASUS,ASUS VivoBook 14,59876.0,Mid-Range (40K-75K),Intel,Core i5 10th Gen 10210U,Core i5,3,8,DDR4,1024,HDD,0.0078,14.0,Integrated,0,0,0,0,Windows 10 Home
ASUS,"ASUS Vivobook Go 14, Equivalent to",56961.0,Mid-Range (40K-75K),Intel,Core i3,Core i3,2,8,DDR4,512,SSD,0.0156,14.0,Integrated,0,0,0,0,Windows 11
ASUS,ASUS Vivobook S14 with Office 2024 + M365 Basic* Backlit Keyboard,79999.0,Upper Mid-Range (75K-1.25L),Intel,Core 5 210,Core 5 210,3,16,DDR5,512,SSD,0.0312,14.0,Integrated,0,0,0,0,Windows 11 Home
ASUS,ASUS Vivobook 14 Flip,189990.0,Premium / Flagship (>1.25L),Intel,Core Ultra 7 355,Core Ultra 7,5,16,LPDDR5X,1024,SSD,0.0156,14.0,Integrated,0,0,1,0,Windows 11 Home
ASUS,ASUS Vivobook S14,118990.0,Upper Mid-Range (75K-1.25L),Intel,Core 7 350,Core 7 350,4,16,LPDDR5X,512,SSD,0.0312,14.0,Integrated,0,0,0,0,Windows 11 Home
ASUS,ASUS Vivobook S14 OLED,70990.0,Mid-Range (40K-75K),Intel,Core i5 12th Gen 12500H,Core i5,3,16,DDR4,512,SSD,0.0312,14.0,Integrated,0,0,0,1,Windows 11 Home
ASUS,"ASUS Vivobook 14 with Office 2024 + M365 Basic*,",68199.0,Mid-Range (40K-75K),Intel,Core i5 13th Gen 1335U,Core i5,3,8,DDR4,512,SSD,0.0156,14.0,Integrated,0,0,0,0,Windows 11 Home
ASUS,ASUS Vivobook,58400.0,Mid-Range (40K-75K),AMD,Ryzen 3 Quad Core 7320U,Ryzen 3,2,8,LPDDR5,1024,SSD,0.0078,14.0,Integrated,0,0,0,0,Windows 11 Home
ASUS,ASUS Vivobook 14 with Office 2024 + M365 Basic*,76990.0,Upper Mid-Range (75K-1.25L),Intel,Core 5 120U,Core 5 120U,3,16,DDR4,512,SSD,0.0312,14.0,Integrated,0,0,0,0,Windows 11 Home
ASUS,ASUS Vivobook,76990.0,Upper Mid-Range (75K-1.25L),Intel,Core 5,Core 5,3,16,DDR4,512,SSD,0.0312,14.0,Integrated,0,0,0,0,Windows 11 Home
ASUS,ASUS Vivobook 14 Flip,179990.0,Premium / Flagship (>1.25L),Intel,Core Ultra 7 355,Core Ultra 7,5,16,LPDDR5X,512,SSD,0.0312,14.0,Integrated,0,0,1,0,Windows 11 Home
ASUS,"ASUS Vivobook S14 with Backlit Keyboard, Metallic Design*,",103990.0,Upper Mid-Range (75K-1.25L),Intel,Core Ultra 7 255H,Core Ultra 7,5,16,DDR5,512,SSD,0.0312,14.0,Integrated,0,0,0,0,Windows 11 Home
ASUS,ASUS Vivobook 14 with Office 2024 + M365 Basic*,74873.0,Mid-Range (40K-75K),Intel,Core i5 13th Gen 1334U,Core i5,3,8,DDR4,512,SSD,0.0156,14.0,Integrated,0,0,0,0,Windows 11 Home
ASUS,ASUS Vivobook Flip,110990.0,Upper Mid-Range (75K-1.25L),Intel,Core Ultra 7 256V,Core Ultra 7,5,16,LPDDR5X,512,SSD,0.0312,14.0,Integrated,0,0,1,0,Windows 11 Home
ASUS,ASUS Vivobook 14,99000.0,Upper Mid-Range (75K-1.25L),Intel,Core i5 13th Gen 1335U,Core i5,3,8,DDR4,512,SSD,0.0156,14.0,Integrated,0,0,0,0,Windows 11 Home
ASUS,ASUS Vivobook 14,68990.0,Mid-Range (40K-75K),Intel,Core 5 120U,Core 5 120U,3,8,DDR5,512,SSD,0.0156,14.0,Integrated,0,0,0,0,Windows 11 Home
ASUS,"ASUS Vivobook 14 with Office 2024 + M365 Basic*,",74990.0,Mid-Range (40K-75K),Intel,Core Ultra 5 225H,Core Ultra 5,4,16,DDR5,512,SSD,0.0312,14.0,Integrated,0,0,0,0,Windows 11 Home
ASUS,ASUS Vivobook Go 14,54400.0,Mid-Range (40K-75K),AMD,Ryzen 3 Quad Core 7320U,Ryzen 3,2,8,LPDDR5,512,SSD,0.0156,14.0,Integrated,0,0,0,0,Windows 11 Home
ASUS,ASUS Vivobook Go 14 with Office 2024 + M365 Basic,71990.0,Mid-Range (40K-75K),AMD,Ryzen 5 Processor,Ryzen 5,3,16,LPDDR5,512,SSD,0.0312,14.0,Integrated,0,0,0,0,Windows 11 Home
ASUS,"ASUS Vivobook S14 with Office 2024 + M365 Basic*, Backlit Keyboard,",93187.0,Upper Mid-Range (75K-1.25L),Intel,Core i5 13th Gen 1342,Core i5,3,16,DDR5,512,SSD,0.0312,14.0,Integrated,0,0,0,0,Windows 11 Home
ASUS,ASUS Vivobook 14 with Office 2024 + M365 Basic*,72990.0,Mid-Range (40K-75K),Intel,Core i5 13th Gen 1334U,Core i5,3,16,DDR4,512,SSD,0.0312,14.0,Integrated,0,0,0,0,Windows 11 Home
ASUS,ASUS Vivobook S 14,65990.0,Mid-Range (40K-75K),Intel,Core i5 12th Gen 12500H,Core i5,3,16,DDR4,512,SSD,0.0312,14.0,Integrated,0,0,0,0,Windows 11
ASUS,ASUS Vivobook S 14,68890.0,Mid-Range (40K-75K),Intel,Core i5 12th Gen 12500H,Core i5,3,8,DDR4,512,SSD,0.0156,14.0,Integrated,0,0,0,0,Windows 11 Home
ASUS,"ASUS Vivobook 14 with Office 2024 + M365 Basic*,",69990.0,Mid-Range (40K-75K),Intel,Core i5 13th Gen 1335U,Core i5,3,16,DDR4,512,SSD,0.0312,14.0,Integrated,0,0,0,0,Windows 11 Home
ASUS,ASUS,64661.0,Mid-Range (40K-75K),AMD,Ryzen 3 Quad Core,Ryzen 3,2,8,DDR5,512,SSD,0.0156,14.0,Integrated,0,0,0,0,Windows 11 Home
ASUS,ASUS Vivobook Go 14,98484.0,Upper Mid-Range (75K-1.25L),AMD,Ryzen 5 Quad Core 7520U,Ryzen 5,3,8,LPDDR5,512,SSD,0.0156,14.0,Integrated,0,0,0,0,Windows 11 Home
ASUS,"ASUS Vivobook 14 Flip OLED with Touch Screen, Metallic Design,",110990.0,Upper Mid-Range (75K-1.25L),Intel,Core Ultra 7 256V,Core Ultra 7,5,16,LPDDR5X,512,SSD,0.0312,14.0,Integrated,0,0,1,1,Windows 11 Home
ASUS,"ASUS Vivobook 14X OLED For Creator,",110990.0,Upper Mid-Range (75K-1.25L),Intel,Core i5 13th Gen 13500H,Core i5,3,16,DDR4,512,SSD,0.0312,14.0,Integrated,0,0,0,1,Windows 11
ASUS,"ASUS Vivobook S14 Flip with Office 2024 + M365 Basic*, A",98700.0,Upper Mid-Range (75K-1.25L),Intel,Core i5,Core i5,3,16,DDR4,512,SSD,0.0312,14.0,Integrated,0,0,1,0,Windows 11 Home
ASUS,"ASUS Vivobook S14 Flip with Office 2024 + M365 Basic*, Metallic Design,",95900.0,Upper Mid-Range (75K-1.25L),Intel,Core i5 13th Gen,Core i5,3,16,DDR4,512,SSD,0.0312,14.0,Integrated,0,0,1,0,Windows 11 Home
ASUS,"ASUS Vivobook 15 with MSO 2024 + M365 Basic, Backlit Keyboard,",73936.0,Mid-Range (40K-75K),Intel,Core 5 120U,Core 5 120U,3,16,DDR4,512,SSD,0.0312,15.6,Integrated,0,0,0,0,Windows 11 Home
ASUS,"ASUS Vivobook 15, Backlit Keyboard,",52990.0,Mid-Range (40K-75K),Intel,Core i3 13th Gen 1315U,Core i3,2,12,DDR4,512,SSD,0.0234,15.6,Integrated,0,0,0,0,Windows 11 Home
ASUS,ASUS Vivobook Go 15,50126.0,Mid-Range (40K-75K),Intel,Celeron Dual Core N4500,Celeron Dual Core N4500,1,8,DDR4,512,SSD,0.0156,15.6,Integrated,0,0,0,0,Windows 11 Home
ASUS,ASUS Vivobook,73990.0,Mid-Range (40K-75K),Intel,Core 5 120U,Core 5 120U,3,16,DDR5,512,SSD,0.0312,15.6,Integrated,0,0,0,0,Windows 11 Home
ASUS,ASUS Vivobook 15,66474.0,Mid-Range (40K-75K),Intel,Core i5 11th Gen 1135G,Core i5,3,8,DDR4,512,SSD,0.0156,15.6,Integrated,0,0,0,0,Windows 11 Home
ASUS,ASUS Vivobook 15,46990.0,Mid-Range (40K-75K),Intel,Core i5 12th Gen 1235U,Core i5,3,8,DDR4,512,SSD,0.0156,15.6,Integrated,0,0,0,0,Windows 11 Home
ASUS,ASUS Vivobook 15,75690.0,Upper Mid-Range (75K-1.25L),Intel,Core i5 13th Gen,Core i5,3,16,DDR4,512,SSD,0.0312,15.6,Integrated,0,0,0,0,Windows 11 Home
ASUS,"ASUS Vivobook 15, with Backlit Keyboard,",69974.0,Mid-Range (40K-75K),Intel,Core i5 12th Gen 1235U,Core i5,3,8,DDR4,512,SSD,0.0156,15.6,Integrated,0,0,0,0,Windows 11
ASUS,"ASUS Vivobook 15, with Backlit Keyboard,",70756.0,Mid-Range (40K-75K),Intel,Core i5 13th Gen 1335U,Core i5,3,8,DDR4,512,SSD,0.0156,15.6,Integrated,0,0,0,0,Windows 11 Home
ASUS,ASUS Vivobook 15,67677.0,Mid-Range (40K-75K),Intel,Core i5 13th Gen 1335U,Core i5,3,8,DDR4,512,SSD,0.0156,15.6,Integrated,0,0,0,0,Windows 11 Home
ASUS,ASUS Vivobook 15 with Office 2024 + M365 Basic*,73499.0,Mid-Range (40K-75K),Intel,Core i5 14th Gen 120U,Core i5,3,16,DDR4,512,SSD,0.0312,15.6,Integrated,0,0,0,0,Windows 11 Home
ASUS,"ASUS Vivobook 15 with MSO 2024 + M365 Basic*, Backlit Keyboard,",69990.0,Mid-Range (40K-75K),Intel,Core 5 120U,Core 5 120U,3,8,DDR4,512,SSD,0.0156,15.6,Integrated,0,0,0,0,Windows 11 Home
ASUS,ASUS VIvobook 15,75116.0,Upper Mid-Range (75K-1.25L),Intel,Core i5 12th Gen 1235U,Core i5,3,16,DDR4,512,SSD,0.0312,15.6,Integrated,0,0,0,0,Windows 11 Home
ASUS,ASUS Vivobook 15,82990.0,Upper Mid-Range (75K-1.25L),Intel,Core 5 315,Core 5 315,3,8,DDR5,512,SSD,0.0156,15.6,Integrated,0,0,0,0,Windows 11 Home
ASUS,ASUS Vivobook 15,75658.0,Upper Mid-Range (75K-1.25L),Intel,Core i5 13th Gen 1335U,Core i5,3,16,DDR4,512,SSD,0.0312,15.6,Integrated,0,0,0,0,Windows 11 Home
ASUS,"ASUS Vivobook 15 with Touchscreen & Backlit Keyboard,",51990.0,Mid-Range (40K-75K),Intel,Core i3 13th Gen 1315U,Core i3,2,8,DDR4,512,SSD,0.0156,15.6,Integrated,0,0,1,0,Windows 11 Home
ASUS,"ASUS Vivobook 15, with Backlit Keyboard,",50990.0,Mid-Range (40K-75K),Intel,Core i5 12th Gen 1235U,Core i5,3,16,DDR4,512,SSD,0.0312,15.6,Integrated,0,0,0,0,Windows 11
ASUS,ASUS Vivobook 15,58900.0,Mid-Range (40K-75K),Intel,Core i3 13th Gen 1315U,Core i3,2,8,DDR4,512,SSD,0.0156,15.6,Integrated,0,0,0,0,Windows 11 Home
ASUS,"ASUS Vivobook 16 , Copilot + PC with Backlit Keyboard, AI PC,",68990.0,Mid-Range (40K-75K),Qualcomm,Snapdragon X -,Snapdragon X,4,16,LPDDR5X,512,SSD,0.0312,16.0,Integrated,0,0,0,0,Windows 11 Home
ASUS,ASUS Vivobook 15,52990.0,Mid-Range (40K-75K),Intel,Core i3 13th Gen 1315U,Core i3,2,12,DDR4,512,SSD,0.0234,15.6,Integrated,0,0,0,0,Windows 11 Home
ASUS,ASUS Vivobook 15,58990.0,Mid-Range (40K-75K),Intel,Core 3 304,Core 3 304,2,8,DDR5,512,SSD,0.0156,15.6,Integrated,0,0,0,0,Windows 11 Home
ASUS,ASUS Vivobook 15,63990.0,Mid-Range (40K-75K),Intel,Core 3 100U,Core 3 100U,2,8,DDR5,512,SSD,0.0156,15.6,Integrated,0,0,0,0,Windows 11 Home
ASUS,ASUS VivoBook 15,27990.0,Budget (<40K),Intel,Core i3 10th Gen 1005G,Core i3,2,8,DDR4,512,SSD,0.0156,15.6,Integrated,0,0,0,0,Windows 11 Home
ASUS,ASUS,64312.0,Mid-Range (40K-75K),AMD,Ryzen 3,Ryzen 3,2,8,DDR4,256,SSD,0.0312,15.6,Integrated,0,0,0,0,Windows 11 Home
ASUS,ASUS Vivobook 15,66990.0,Mid-Range (40K-75K),Intel,Core 5 120U,Core 5 120U,3,8,DDR5,512,SSD,0.0156,15.6,Integrated,0,0,0,0,Windows 11 Home
ASUS,ASUS,74758.0,Mid-Range (40K-75K),Intel,Core i5 12th Gen,Core i5,3,8,DDR4,512,SSD,0.0156,15.6,Integrated,0,0,0,0,Windows 11 Home
ASUS,"ASUS Vivobook 15 , AI PC with NPU up to 15TOPS,",82990.0,Upper Mid-Range (75K-1.25L),Intel,Core 5 315,Core 5 315,3,8,DDR5,512,SSD,0.0156,15.6,Integrated,0,0,0,0,Windows 11 Home
ASUS,ASUS,76999.0,Upper Mid-Range (75K-1.25L),Intel,Core i5 5th Gen,Core i5,3,16,DDR4,512,SSD,0.0312,15.6,Integrated,0,0,0,0,Windows 11 Home
ASUS,ASUS Vivobook 15,57990.0,Mid-Range (40K-75K),Intel,Core i3 11th Gen,Core i3,2,8,DDR4,512,SSD,0.0156,15.6,Integrated,0,0,0,0,Windows 11 Home
ASUS,ASUS Vivobook 15,71789.0,Mid-Range (40K-75K),Intel,Core i7 11th Gen 1165G,Core i7,4,16,DDR4,512,SSD,0.0312,15.6,Integrated,0,0,0,0,Windows 11 Home
ASUS,"ASUS Vivobook 15 , AI PC with NPU up to 16TOPS,",99990.0,Upper Mid-Range (75K-1.25L),Intel,Core 5 320,Core 5 320,3,16,DDR5,512,SSD,0.0312,15.6,Integrated,0,0,0,0,Windows 11 Home
ASUS,"ASUS Vivobook 15 with Office 2024 + M365 Basic*,",62772.0,Mid-Range (40K-75K),Intel,Core i3 13th Gen 1315U,Core i3,2,8,DDR4,512,SSD,0.0156,15.6,Integrated,0,0,0,0,Windows 11 Home
ASUS,"ASUS Vivobook 15 with Office 2024 + M365 Basic*, Backlit Keyboard,",61941.0,Mid-Range (40K-75K),Intel,Core i3 13th Gen 1315U,Core i3,2,8,DDR5,512,SSD,0.0156,15.6,Integrated,0,0,0,0,Windows 11 Home
ASUS,ASUS Vivobook 16 with Office 2024 + M365 Basic*,84542.0,Upper Mid-Range (75K-1.25L),Intel,Core i5 13th Gen 13420H,Core i5,3,16,DDR4,512,SSD,0.0312,16.0,Integrated,0,0,0,0,Windows 11 Home
ASUS,ASUS Vivobook 16 with Office 2024 + M365 Basic*,81499.0,Upper Mid-Range (75K-1.25L),Intel,Core i7 13th Gen 13620H,Core i7,4,16,DDR4,512,SSD,0.0312,16.0,Integrated,0,0,0,0,Windows 11 Home
ASUS,ASUS Vivobook 16 with Office 2024 + M365 Basic*,90268.0,Upper Mid-Range (75K-1.25L),Intel,Core i9 13th Gen 13900H,Core i9,5,16,DDR4,512,SSD,0.0312,16.0,Integrated,0,0,0,0,Windows 11 Home
ASUS,ASUS Vivobook,108749.0,Upper Mid-Range (75K-1.25L),Intel,Core i7 13th Gen 13700H,Core i7,4,16,DDR4,512,SSD,0.0312,16.0,Integrated,0,0,0,0,Windows 11 Home
ASUS,ASUS Vivobook 16,75890.0,Upper Mid-Range (75K-1.25L),Intel,Core i5 12th Gen 12500H,Core i5,3,16,DDR4,512,SSD,0.0312,16.0,Integrated,0,0,0,0,Windows 11 Home
ASUS,ASUS ASUS Vivobook 16,88590.0,Upper Mid-Range (75K-1.25L),Intel,Core 5 14th Gen 210H,Core 5 14th Gen 210H,3,16,DDR5,512,SSD,0.0312,16.0,Integrated,0,0,0,0,Windows 11 Home
ASUS,ASUS Vivobook S 15 OLED,106300.0,Upper Mid-Range (75K-1.25L),Intel,Core i5 13th Gen 13500H,Core i5,3,16,LPDDR5,512,SSD,0.0312,15.6,Integrated,0,0,0,1,Windows 11
ASUS,ASUS Vivobook,139533.0,Premium / Flagship (>1.25L),Intel,Core i9 13th Gen 13900H,Core i9,5,8,DDR4,512,SSD,0.0156,16.0,Integrated,0,0,0,0,Windows 11 Home
ASUS,"ASUS Vivobook 16X for Creator,",125999.0,Premium / Flagship (>1.25L),Intel,Core i5 12th Gen 12500H,Core i5,3,16,DDR4,512,SSD,0.0312,16.0,Integrated,0,0,0,0,Windows 11 Home
ASUS,"ASUS Vivobook 16 , Copilot + PC with Backlit Keyboard, AI PC",76599.0,Upper Mid-Range (75K-1.25L),Qualcomm,Snapdragon X -,Snapdragon X,4,16,LPDDR5X,512,SSD,0.0312,16.0,Integrated,0,0,0,0,Windows 11 Home
ASUS,ASUS Vivobook 16X with Office 2024 + M365 Basic*,93207.0,Upper Mid-Range (75K-1.25L),Intel,Core i5 13th Gen 13420H,Core i5,3,16,DDR4,512,SSD,0.0312,16.0,Integrated,0,0,0,0,Windows 11 Home
ASUS,ASUS Vivobook S16,121990.0,Upper Mid-Range (75K-1.25L),Intel,Core 7 350,Core 7 350,4,16,LPDDR5X,512,SSD,0.0312,16.0,Integrated,0,0,0,0,Windows 11 Home
ASUS,"ASUS Vivobook S 15 OLED Powered,",119010.0,Upper Mid-Range (75K-1.25L),Intel,Core Ultra 7 155H,Core Ultra 7,5,16,LPDDR5X,1024,SSD,0.0156,15.6,Integrated,0,0,0,1,Windows 11
ASUS,"ASUS Vivobook 16X For Creator,",98658.0,Upper Mid-Range (75K-1.25L),Intel,Core i5 13th Gen 13420H,Core i5,3,16,DDR4,512,SSD,0.0312,16.0,Integrated,0,0,0,0,Windows 11
ASUS,"ASUS Vivobook S15 OLED, A",139533.0,Premium / Flagship (>1.25L),Intel,Core i9 13th Gen 13900H,Core i9,5,16,LPDDR5,512,SSD,0.0312,15.6,Integrated,0,0,0,1,Windows 11
ASUS,"ASUS Vivobook 16 with Office 2024 + M365 Basic*, Metallic Design, H",98499.0,Upper Mid-Range (75K-1.25L),Intel,Core i7,Core i7,4,16,DDR4,512,SSD,0.0312,16.0,Integrated,0,0,0,0,Windows 11 Home
ASUS,"ASUS Vivobook 16X for Creator with Office 2024 + M365 Basic,",95991.0,Upper Mid-Range (75K-1.25L),Intel,Core i5 13th Gen 13420H,Core i5,3,16,DDR4,512,SSD,0.0312,16.0,Integrated,0,0,0,0,Windows 11 Home
ASUS,ASUS Vivobook 16 {2026},94990.0,Upper Mid-Range (75K-1.25L),Intel,Core i7 13th Gen 13620H,Core i7,4,16,DDR5,512,SSD,0.0312,16.0,Integrated,0,0,0,0,Windows 11 Home
ASUS,ASUS Vivobook S 15 OLED,135499.0,Premium / Flagship (>1.25L),Intel,Core i9 13th Gen 13900H,Core i9,5,16,LPDDR5,1024,SSD,0.0156,15.6,Integrated,0,0,0,1,Windows 11 Home
ASUS,"ASUS Vivobook Pro 15 OLED For Creator,",171551.0,Premium / Flagship (>1.25L),Intel,Core i9 13th Gen 13900H,Core i9,5,16,DDR5,1024,SSD,0.0156,15.6,Integrated,0,0,0,1,Windows 11
ASUS,"ASUS ASUS Vivobook 16 with Office 2024 + M365 Basic, NPU up to 50TOPS",78990.0,Upper Mid-Range (75K-1.25L),AMD,Ryzen 5 Processor,Ryzen 5,3,16,DDR5,512,SSD,0.0312,16.0,Integrated,0,0,0,0,Windows 11 Home
ASUS,"ASUS Vivobook S16 with Office 2024 + M365 Basic*, Metal Body*,",89368.0,Upper Mid-Range (75K-1.25L),Intel,Core Ultra 5 225H,Core Ultra 5,4,16,DDR5,512,SSD,0.0312,16.0,Integrated,0,0,0,0,Windows 11 Home
ASUS,ASUS Vivobook Go 15 with Office 2024 + M365 Basic*,73990.0,Mid-Range (40K-75K),AMD,Ryzen 5 Processor,Ryzen 5,3,8,DDR5,512,SSD,0.0156,15.6,Integrated,0,0,0,0,Windows 11 Home
ASUS,ASUS Vivobook GO 15 OLED,70990.0,Mid-Range (40K-75K),AMD,Ryzen 5 Quad Core 7520U,Ryzen 5,3,16,LPDDR5,512,SSD,0.0312,15.6,Integrated,0,0,0,1,Windows 11 Home
ASUS,ASUS ASUS Vivobook Go 15,57990.0,Mid-Range (40K-75K),AMD,Ryzen 3 Processor,Ryzen 3,2,8,LPDDR5,512,SSD,0.0156,15.6,Integrated,0,0,0,0,Windows 11 Home
ASUS,ASUS Vivobook Go 15 with Office 2024 + M365 Basic*,71990.0,Mid-Range (40K-75K),AMD,Ryzen 5 Processor,Ryzen 5,3,16,DDR5,512,SSD,0.0312,15.6,Integrated,0,0,0,0,Windows 11 Home
ASUS,ASUS ExpertBook P1 with 1 Yr ADP,65990.0,Mid-Range (40K-75K),Intel,Core 3 14th Gen 100U,Core 3 14th Gen 100U,2,16,DDR5,512,SSD,0.0312,15.6,Integrated,0,0,0,0,Windows 11 Home
ASUS,ASUS Vivobook Go 15,71990.0,Mid-Range (40K-75K),AMD,Ryzen 5 Processor,Ryzen 5,3,16,LPDDR5,512,SSD,0.0312,15.6,Integrated,0,0,0,0,Windows 11 Home
ASUS,"ASUS Vivobook Go 15 OLED, Equivalent to",63990.0,Mid-Range (40K-75K),Intel,Core i3,Core i3,2,8,DDR4,512,SSD,0.0156,15.6,Integrated,0,0,0,1,Windows 11
ASUS,ASUS Vivobook Go 15 OLED,71803.0,Mid-Range (40K-75K),AMD,Ryzen 5 Quad Core 7520U,Ryzen 5,3,16,LPDDR5,512,SSD,0.0312,15.6,Integrated,0,0,0,1,Windows 11 Home
ASUS,"ASUS Vivobook Go 15 with Office 2024 + M365 Basic*, Backlit Keyboard,",57990.0,Mid-Range (40K-75K),AMD,Ryzen 3 Quad Core,Ryzen 3,2,8,LPDDR5,512,SSD,0.0156,15.6,Integrated,0,0,0,0,Windows 11 Home
ASUS,ASUS Vivobook 15,79990.0,Upper Mid-Range (75K-1.25L),Intel,Core 5 120U,Core 5 120U,3,16,DDR5,512,SSD,0.0312,15.6,Integrated,0,0,0,0,Windows 11 Home
ASUS,"ASUS Vivobook S16 with Office 2024 + M365 Basic*, Metal Body*,",116038.0,Upper Mid-Range (75K-1.25L),Intel,Core Ultra 7 255H,Core Ultra 7,5,16,DDR5,512,SSD,0.0312,16.0,Integrated,0,0,0,0,Windows 11 Home
ASUS,ASUS Chromebook,29499.0,Budget (<40K),Intel,Celeron Dual Core N4500,Celeron Dual Core N4500,1,4,LPDDR4X,64,eMMC,0.0625,11.6,Integrated,0,0,0,0,Windows 11 Home
ASUS,ASUS Zenbook 14 OLED AI PC,149999.0,Premium / Flagship (>1.25L),Intel,Core Ultra 7 155H,Core Ultra 7,5,16,LPDDR5X,1024,SSD,0.0156,14.0,Integrated,0,0,0,1,Windows 11 Home
ASUS,"ASUS Zenbook A14 OLED , MSO 2024 + M365 Basic, Metal Body, Backlit Keyboard,",92325.0,Upper Mid-Range (75K-1.25L),Qualcomm,Snapdragon X Processor 16 GB LPDDR5X RAM Windows 11 Home Operating System 512 GB SSD 35,Snapdragon X,4,16,LPDDR5X,512,SSD,0.0312,14.0,Integrated,0,0,0,1,Windows 11 Home
ASUS,ASUS Zenbook 14 OLED AI PC,161802.0,Premium / Flagship (>1.25L),Intel,Core Ultra 9 185H,Core Ultra 9,5,32,LPDDR5X,1024,SSD,0.0312,14.0,Integrated,0,0,0,1,Windows 11 Home
ASUS,"ASUS Zenbook A14 OLED , MSO 2024 + M365 Basic, Metal Body, Backlit Keyboard,",88499.0,Upper Mid-Range (75K-1.25L),Qualcomm,Snapdragon X Elite Processor 16 GB LPDDR5X RAM Windows 11 Home Operating System 512 GB SSD 35,Snapdragon X,4,16,LPDDR5X,512,SSD,0.0312,14.0,Integrated,0,0,0,1,Windows 11 Home
ASUS,ASUS Zenbook 14 Flip OLED,132556.0,Premium / Flagship (>1.25L),Intel,Core i7 12th Gen 12700H,Core i7,4,16,LPDDR5,512,SSD,0.0312,14.0,Integrated,0,0,1,1,Windows 11
ASUS,ASUS Zenbook Duo OLED AI PC,264900.0,Premium / Flagship (>1.25L),Intel,Core Ultra 9 185H,Core Ultra 9,5,32,LPDDR5X,2048,SSD,0.0156,14.0,Integrated,0,0,0,1,Windows 11 Home
ASUS,ASUS ExpertBook P5 with Full Metal AI PC with 1 Yr ADP,138990.0,Premium / Flagship (>1.25L),Intel,Core Ultra 7 258V,Core Ultra 7,5,32,LPDDR5X,1024,SSD,0.0312,14.0,Integrated,0,0,0,0,Windows 11 Home
ASUS,ASUS ExpertBook P3 with 1 Yr ADP Metal,77102.0,Upper Mid-Range (75K-1.25L),Intel,Core i5 13th Gen 13420H,Core i5,3,16,DDR5,512,SSD,0.0312,14.0,Integrated,0,0,0,0,Windows 11 Home
ASUS,ASUS Expertbook P3 Metal High,85564.0,Upper Mid-Range (75K-1.25L),Intel,Core i5 13th Gen 13420H,Core i5,3,16,DDR5,512,SSD,0.0312,14.0,Integrated,0,0,0,0,Windows 11 Home
ASUS,ASUS ZenBook 13 OLED,97989.0,Upper Mid-Range (75K-1.25L),Intel,Core i5 11th Gen 1135G,Core i5,3,16,LPDDR4X,512,SSD,0.0312,13.3,Integrated,0,0,0,1,Windows 10
ASUS,ASUS ZenBook Pro 15,209990.0,Premium / Flagship (>1.25L),Intel,Core i9 8th Gen 8950HK,Core i9,5,16,DDR4,1024,SSD,0.0156,15.6,Integrated,0,0,0,0,Windows 10 Home
Samsung,Samsung Galaxy Book5 AI Metal,91990.0,Upper Mid-Range (75K-1.25L),Intel,Core Ultra 7 255U,Core Ultra 7,5,16,LPDDR5X,512,SSD,0.0312,15.6,Integrated,0,0,0,0,Windows 11 Home
Dell,DELL 15 AI Powered,81998.0,Upper Mid-Range (75K-1.25L),Intel,Core Ultra 5 225H,Core Ultra 5,4,8,DDR5,512,SSD,0.0156,15.6,Integrated,0,0,0,0,Windows 11 Home
HP,HP Pavilion AI PC,84999.0,Upper Mid-Range (75K-1.25L),Intel,Core Ultra 7 155U,Core Ultra 7,5,16,LPDDR5X,512,SSD,0.0312,16.0,Integrated,0,0,0,0,Windows 11 Home
HP,HP AI PC,89398.0,Upper Mid-Range (75K-1.25L),Intel,Core Ultra 5 125H,Core Ultra 5,4,16,DDR5,512,SSD,0.0312,14.0,Integrated,0,0,0,0,Windows 11 Home
Dell,DELL Previously Inspiron,178089.0,Premium / Flagship (>1.25L),Intel,Core Ultra 5 322,Core Ultra 5,4,16,LPDDR5X,512,SSD,0.0312,14.0,Integrated,0,0,0,0,Windows 11 Home
Infinix,Infinix ZERO BOOK ULTRA Series Laptop,129990.0,Premium / Flagship (>1.25L),Intel,Core i9 12th Gen 12900H,Core i9,5,16,LPDDR5,512,SSD,0.0312,15.6,Integrated,0,0,0,0,Windows 11
Dell,DELL 15 AI Powered,88400.0,Upper Mid-Range (75K-1.25L),Intel,Core Ultra 5 225H,Core Ultra 5,4,16,DDR5,512,SSD,0.0312,15.6,Integrated,0,0,0,0,Windows 11 Home
Dell,DELL 18 Area 51,525900.0,Premium / Flagship (>1.25L),Intel,Core Ultra 9 275HX,Core Ultra 9,5,64,DDR5,2048,SSD,0.0312,18.0,Integrated,0,0,0,0,Windows 11 Home
Dell,DELL 16 Area 51,349990.0,Premium / Flagship (>1.25L),Intel,Core Ultra 9 275HX,Core Ultra 9,5,32,DDR5,1024,SSD,0.0312,16.0,Integrated,0,0,0,0,Windows 11 Home
HP,HP 14 Omnibook X Flip Next Gen AI PC,172990.0,Premium / Flagship (>1.25L),Intel,Core Ultra 7 256V,Core Ultra 7,5,16,LPDDR5X,1024,SSD,0.0156,14.0,Integrated,0,0,1,0,Windows 11 Home
HP,HP Pavilion AI PC,89990.0,Upper Mid-Range (75K-1.25L),Intel,Core Ultra 5 125U,Core Ultra 5,4,16,LPDDR5,512,SSD,0.0312,16.0,Integrated,0,0,0,0,Windows 11 Home
Lenovo,Lenovo Yoga Slim Series,164890.0,Premium / Flagship (>1.25L),Intel,Core Ultra 9 185H,Core Ultra 9,5,32,LPDDR5,1024,SSD,0.0312,14.0,Integrated,0,0,1,0,Windows 11 Home
Samsung,Samsung Galaxy Book5 AI Metal,146990.0,Premium / Flagship (>1.25L),Intel,Core Ultra 7 255U,Core Ultra 7,5,32,LPDDR5X,1024,SSD,0.0312,15.6,Integrated,0,0,0,0,Windows 11 Home
Lenovo,Lenovo IdeaPad Slim 5 WUXGA IPS AI PC with 1Yr ADP,106990.0,Upper Mid-Range (75K-1.25L),Intel,Core Ultra 5 125H,Core Ultra 5,4,16,LPDDR5X,512,SSD,0.0312,14.0,Integrated,0,0,0,0,Windows 11
ASUS,ASUS ROG Strix SCAR 18,699990.0,Premium / Flagship (>1.25L),Intel,Core Ultra 9 290HX,Core Ultra 9,5,64,DDR5,2048,SSD,0.0312,18.0,Integrated,1,0,0,0,Windows 11 Home
Dell,DELL Inspiron,98990.0,Upper Mid-Range (75K-1.25L),Intel,Core Ultra 5 125H,Core Ultra 5,4,16,LPDDR5X,512,SSD,0.0312,13.3,Integrated,0,0,0,0,Windows 11 Home
HP,HP ENVY AI PC,120925.0,Upper Mid-Range (75K-1.25L),Intel,Core Ultra 5 125U,Core Ultra 5,4,16,LPDDR5,512,SSD,0.0312,14.0,Integrated,0,0,0,0,Windows 11 Home
Lenovo,Lenovo Yoga Slim 7 AI PC,99499.0,Upper Mid-Range (75K-1.25L),Intel,Core Ultra 5 125H,Core Ultra 5,4,16,LPDDR5X,512,SSD,0.0312,14.0,Integrated,0,0,1,0,Windows 11 Home
Samsung,Samsung Galaxy Book4 Pro 360 Evo AI PC,159999.0,Premium / Flagship (>1.25L),Intel,Core Ultra 7 155H,Core Ultra 7,5,16,LPDDR5X,512,SSD,0.0312,16.0,Integrated,0,0,1,0,Windows 11 Home
HP,HP AI PC,97313.0,Upper Mid-Range (75K-1.25L),Intel,Core Ultra 7 155H,Core Ultra 7,5,16,DDR5,512,SSD,0.0312,14.0,Integrated,0,0,0,0,Windows 11 Home
Dell,DELL,56900.0,Mid-Range (40K-75K),Intel,Core i3 13th Gen,Core i3,2,8,DDR4,512,SSD,0.0156,14.0,Integrated,0,0,0,0,Windows 11 Home
Dell,DELL 14,58800.0,Mid-Range (40K-75K),Intel,Core i3 13th Gen 1305U,Core i3,2,8,DDR5,512,SSD,0.0156,14.0,Integrated,0,0,0,0,Windows 11 Home
Dell,DELL 14,69990.0,Mid-Range (40K-75K),Intel,Core 3 100U,Core 3 100U,2,8,DDR5,512,SSD,0.0156,14.0,Integrated,0,0,0,0,Windows 11 Home
Dell,DELL Inspiron 5440,54996.0,Mid-Range (40K-75K),Intel,Core i3 14th Gen,Core i3,2,8,DDR4,512,SSD,0.0156,14.0,Integrated,0,0,0,0,Windows 11 Pro
Dell,DELL,67490.0,Mid-Range (40K-75K),Intel,Core i3 13th Gen 1315U,Core i3,2,8,LPDDR5,256,SSD,0.0312,14.0,Integrated,0,0,0,0,Windows 11 Home
Dell,DELL Inspiron 5440,56730.0,Mid-Range (40K-75K),Intel,Core 3 14th Gen 100U,Core 3 14th Gen 100U,2,8,DDR5,512,SSD,0.0156,14.0,Integrated,0,0,0,0,Windows 11 Home
Dell,DELL INSPIRON,58800.0,Mid-Range (40K-75K),Intel,Core 3 14th Gen 100U,Core 3 14th Gen 100U,2,8,DDR5,512,HDD,0.0156,15.6,Integrated,0,0,0,0,Windows 11 Home
Dell,DELL Inspiron 5440,54990.0,Mid-Range (40K-75K),Intel,Core i3 13th Gen 1305U,Core i3,2,8,DDR5,512,SSD,0.0156,14.0,Integrated,0,0,0,0,Windows 11 Home
Dell,DELL Inspiron 5440,64890.0,Mid-Range (40K-75K),Intel,Core 3 14th Gen 100U,Core 3 14th Gen 100U,2,16,DDR5,512,SSD,0.0312,14.0,Integrated,0,0,0,0,Windows 11 Pro
Dell,DELL Vostro,52000.0,Mid-Range (40K-75K),Intel,Core i3 11th Gen 1115G,Core i3,2,8,DDR4,512,SSD,0.0156,14.0,Integrated,0,0,0,0,Windows 11 Home
Dell,DELL PRO 15 DDR5 5600Mhz,51790.0,Mid-Range (40K-75K),Intel,Core 3 14th Gen 100U,Core 3 14th Gen 100U,2,8,DDR5,512,SSD,0.0156,15.6,Integrated,0,0,0,0,Windows 11 Pro
Dell,DELL Inspiron 15 Microsoft Office Home 2024,66990.0,Mid-Range (40K-75K),Intel,Core i5 13th Gen 1334U,Core i5,3,8,DDR4,512,SSD,0.0156,15.6,Integrated,0,0,0,0,Windows 11
Dell,DELL 15,70990.0,Mid-Range (40K-75K),Intel,Core i5 13th Gen 1334U,Core i5,3,16,DDR4,512,SSD,0.0312,15.0,Integrated,0,0,0,0,Windows 11 Home
MSI,MSI Modern 14,42990.0,Mid-Range (40K-75K),Intel,Core i3 12th Gen 1215U,Core i3,2,8,DDR4,512,SSD,0.0156,14.0,Integrated,0,0,0,0,Windows 11 Home
Dell,DELL Inspiron 15,53973.0,Mid-Range (40K-75K),Intel,Core i3 12th Gen 1215U,Core i3,2,8,DDR4,512,SSD,0.0156,15.6,Integrated,0,0,0,0,Windows 11 Home
HP,HP 15,78700.0,Upper Mid-Range (75K-1.25L),Intel,Core 5 120U,Core 5 120U,3,16,DDR5,512,SSD,0.0312,15.6,Integrated,0,0,0,0,Windows 11 Home
Dell,DELL 14 Plus Next Gen AI PC Microsoft Office Home 2024,78990.0,Upper Mid-Range (75K-1.25L),Intel,Core Ultra 5 226V,Core Ultra 5,4,16,LPDDR5X,512,SSD,0.0312,14.0,Integrated,0,0,0,0,Windows 11 Home
Lenovo,Lenovo IdeaPad Slim 3 with 1Yr ADP,57500.0,Mid-Range (40K-75K),Intel,Core i3 13th Gen 1315U,Core i3,2,8,LPDDR5,512,SSD,0.0156,15.6,Integrated,0,0,0,0,Windows 11 Home
Dell,DELL 14 Next Gen AI PC Microsoft Office Home 2024,91490.0,Upper Mid-Range (75K-1.25L),Intel,Core Ultra 5 226V,Core Ultra 5,4,16,LPDDR5X,512,SSD,0.0312,14.0,Integrated,0,0,0,0,Windows 11
Dell,DELL 14 Plus Microsoft Office Home 2024,102990.0,Upper Mid-Range (75K-1.25L),Intel,Core Ultra 7 256V,Core Ultra 7,5,16,LPDDR5X,512,SSD,0.0312,14.0,Integrated,0,0,0,0,Windows 11 Home
Dell,DELL Vostro 15,68500.0,Mid-Range (40K-75K),Intel,Core i3 13th Gen 1305U,Core i3,2,16,DDR4,512,SSD,0.0312,15.6,Integrated,0,0,0,0,Windows 11 Home
Dell,DELL,55990.0,Mid-Range (40K-75K),Intel,Core i3 13th Gen,Core i3,2,8,DDR4,512,SSD,0.0156,15.6,Integrated,0,0,0,0,Windows 11 Home
Dell,DELL,59691.0,Mid-Range (40K-75K),Intel,Core i3 13th Gen 1305U,Core i3,2,8,DDR4,512,SSD,0.0156,15.6,Integrated,0,0,0,0,Windows 11 Home
Dell,DELL 15,76990.0,Upper Mid-Range (75K-1.25L),Intel,Core i5 13th Gen 1334U,Core i5,3,16,DDR4,512,SSD,0.0312,15.6,Integrated,0,0,0,0,Windows 11 Home
Dell,DELL 15,65490.0,Mid-Range (40K-75K),Intel,Core i5 13th Gen 1334U,Core i5,3,8,DDR4,512,SSD,0.0156,15.6,Integrated,0,0,0,0,Windows 11 Home
Dell,"DELL Inspiron 15 3520 with Backlit Keyboard,",73999.0,Mid-Range (40K-75K),Intel,Core i5 12th Gen,Core i5,3,16,DDR4,512,SSD,0.0312,15.6,Integrated,0,0,0,0,Windows 11
Dell,DELL Inspiron,66990.0,Mid-Range (40K-75K),Intel,Core i5 13th Gen 1334U,Core i5,3,8,DDR4,512,SSD,0.0156,15.6,Integrated,0,0,0,0,Windows 11 Home
Dell,"DELL Inspiron 15 with Backlit Keyboard,",71990.0,Mid-Range (40K-75K),Intel,Core i5 13th Gen 1334U,Core i5,3,16,DDR4,512,SSD,0.0312,15.6,Integrated,0,0,0,0,Windows 11
Dell,DELL Inspiron,88255.0,Upper Mid-Range (75K-1.25L),Intel,Core i5 13th Gen 13420H,Core i5,3,16,LPDDR5,512,SSD,0.0312,16.0,Integrated,0,0,0,0,Windows 11 Home
Dell,DELL,79139.0,Upper Mid-Range (75K-1.25L),Intel,Core i5 12th Gen 1235U,Core i5,3,16,DDR4,512,SSD,0.0312,15.6,Integrated,0,0,0,0,Windows 11 Home
Dell,DELL,62626.0,Mid-Range (40K-75K),Intel,Core i5 12th Gen 1235U,Core i5,3,8,DDR4,512,SSD,0.0156,15.0,Integrated,0,0,0,0,Windows 11 Home
Dell,DELL 3 Years Warranty Vostro 3530,72890.0,Mid-Range (40K-75K),Intel,Core i5 13th Gen 1334U,Core i5,3,16,DDR4,512,SSD,0.0312,15.6,Integrated,0,0,0,0,Windows 11 Home
Dell,DELL Inspiron,69990.0,Mid-Range (40K-75K),Intel,Core i5 11th Gen 11300H,Core i5,3,16,DDR4,512,SSD,0.0312,15.6,Integrated,0,0,0,0,Windows 10
Dell,"DELL Inspiron 15 with Backlit Keyboard,",67990.0,Mid-Range (40K-75K),Intel,Core i5 13th Gen 1334U,Core i5,3,8,DDR4,512,SSD,0.0156,15.6,Integrated,0,0,0,0,Windows 11
Dell,DELL Inspiron 3530,62990.0,Mid-Range (40K-75K),Intel,Core i5 13th Gen 1334U,Core i5,3,8,DDR4,512,SSD,0.0156,15.6,Integrated,0,0,0,0,Windows 11 Home
Dell,DELL Inspiron 3520,65900.0,Mid-Range (40K-75K),Intel,Core i5 12th Gen 1235U,Core i5,3,8,DDR4,512,SSD,0.0156,15.6,Integrated,0,0,0,0,Windows 11 Home
Dell,DELL XPS,99900.0,Upper Mid-Range (75K-1.25L),Intel,Core i5 11th Gen 1135G,Core i5,3,16,LPDDR4X,512,SSD,0.0312,13.4,Integrated,0,0,0,0,Windows 10
Dell,DELL Vostro,89990.0,Upper Mid-Range (75K-1.25L),Intel,Core i5 12th Gen 1240P,Core i5,3,8,DDR4,512,SSD,0.0156,16.0,Integrated,0,0,0,0,Windows 11 Home
Dell,DELL Inspiron,81300.0,Upper Mid-Range (75K-1.25L),Intel,Core i5 12th Gen 1240P,Core i5,3,16,DDR4,512,SSD,0.0312,14.0,Integrated,0,0,0,0,Windows 11 Home
Dell,DELL,70990.0,Mid-Range (40K-75K),Intel,Core i5 13th Gen 1334U,Core i5,3,8,DDR4,512,SSD,0.0156,15.6,Integrated,0,0,0,0,Windows 11 Home
Dell,DELL,74561.0,Mid-Range (40K-75K),Intel,Core i5 13th Gen 1334U,Core i5,3,16,DDR4,512,SSD,0.0312,15.6,Integrated,0,0,0,0,Windows 11 Home
Dell,DELL,72480.0,Mid-Range (40K-75K),Intel,Core i5 11th Gen,Core i5,3,16,DDR4,512,SSD,0.0312,15.6,Integrated,0,0,0,0,Windows 10 Home
Dell,DELL Vostro 3530,72900.0,Mid-Range (40K-75K),Intel,Core i5 1334U,Core i5,3,16,DDR4,512,SSD,0.0312,15.6,Integrated,0,0,0,0,Windows 11 Home
Dell,DELL,101990.0,Upper Mid-Range (75K-1.25L),Intel,Core i5 12th Gen,Core i5,3,16,DDR4,512,SSD,0.0312,16.0,Integrated,0,0,0,0,Windows 11 Home
Dell,DELL Inspiron 14,86090.0,Upper Mid-Range (75K-1.25L),Intel,Core i5 13th Gen 1334U,Core i5,3,16,DDR5,512,SSD,0.0312,14.0,Integrated,0,0,0,0,Windows 11 Home
Dell,DELL,72770.0,Mid-Range (40K-75K),Intel,Core i5 13th Gen 1335U,Core i5,3,8,DDR4,512,SSD,0.0156,15.6,Integrated,0,0,0,0,Windows 11 Home
Dell,DELL G15,95989.0,Upper Mid-Range (75K-1.25L),Intel,Core i5 13450HX,Core i5,3,8,DDR5,512,SSD,0.0156,15.6,Integrated,1,0,0,0,Windows 11 Home
Dell,DELL,108690.0,Upper Mid-Range (75K-1.25L),Intel,Core i5 13450HX,Core i5,3,16,DDR5,512,SSD,0.0312,15.6,Discrete,1,0,0,0,Windows 11 Home
Dell,DELL Inspiron,90783.0,Upper Mid-Range (75K-1.25L),Intel,Core i5 11th Gen 11320H,Core i5,3,16,DDR4,512,SSD,0.0312,15.6,Integrated,0,0,0,0,Windows 11 Home
Infinix,Infinix,46990.0,Mid-Range (40K-75K),Intel,Core i7 10th Gen 1065G,Core i7,4,8,LPDDR4X,512,SSD,0.0156,14.0,Integrated,0,0,0,0,Windows 11 Home
HP,HP MS Office 2024,67990.0,Mid-Range (40K-75K),Intel,Core i5 13th Gen 13420H,Core i5,3,16,DDR4,512,SSD,0.0312,15.6,Integrated,0,0,0,0,Windows 11 Home
Samsung,Samsung Galaxy Book5 AI Metal,86990.0,Upper Mid-Range (75K-1.25L),Intel,Core Ultra 5 225U,Core Ultra 5,4,16,LPDDR5X,512,SSD,0.0312,15.6,Integrated,0,0,0,0,Windows 11 Home
HP,HP MSO 2024,50903.0,Mid-Range (40K-75K),Intel,Core i3 13th Gen 1315U,Core i3,2,16,DDR4,512,SSD,0.0312,15.6,Integrated,0,0,0,0,Windows 11 Home
Samsung,Samsung Galaxy Book4 Metal,60990.0,Mid-Range (40K-75K),Intel,Core i5 13th Gen 1335U,Core i5,3,8,LPDDR4X,512,SSD,0.0156,15.6,Integrated,0,0,0,0,Windows 11 Home
Dell,DELL G15,149790.0,Premium / Flagship (>1.25L),Intel,Core i7 13th Gen 13650HX,Core i7,4,16,DDR5,1024,SSD,0.0156,15.6,Integrated,1,0,0,0,Windows 11 Home
Dell,DELL G15,94990.0,Upper Mid-Range (75K-1.25L),Intel,Core i5 12th Gen 12500H,Core i5,3,8,DDR5,512,SSD,0.0156,15.6,Integrated,1,0,0,0,Windows 11 Home
Dell,DELL,124990.0,Upper Mid-Range (75K-1.25L),Intel,Core i5 13th Gen,Core i5,3,16,DDR5,1024,SSD,0.0156,15.6,Discrete,1,0,0,0,Windows 11 Home
Dell,DELL G15,95990.0,Upper Mid-Range (75K-1.25L),Intel,Core i5 12th Gen 12500H,Core i5,3,16,DDR5,512,SSD,0.0312,14.9,Integrated,1,0,0,0,Windows 11 Home
Dell,DELL G15,93021.0,Upper Mid-Range (75K-1.25L),Intel,Core i5 13th Gen 13450HX,Core i5,3,16,DDR5,512,SSD,0.0312,15.6,Integrated,1,0,0,0,Windows 11 Home
Dell,DELL G7,169990.0,Premium / Flagship (>1.25L),Intel,Core i7 10th Gen 10750H,Core i7,4,16,DDR4,1024,SSD,0.0156,15.6,Integrated,0,0,0,0,Windows 10 Home
Dell,DELL Inspiron,109700.0,Upper Mid-Range (75K-1.25L),Intel,Core i5 13th Gen 13450HX,Core i5,3,16,DDR5,512,SSD,0.0312,15.6,Integrated,0,0,0,0,Windows 11 Home
Dell,DELL,161531.0,Premium / Flagship (>1.25L),Intel,Core i7 12th Gen 12650H,Core i7,4,16,DDR5,512,SSD,0.0312,14.9,Integrated,0,0,0,0,Windows 11 Home
Dell,DELL G7,227250.0,Premium / Flagship (>1.25L),Intel,Core i9 10th Gen 10885H,Core i9,5,16,DDR4,1024,SSD,0.0156,15.6,Discrete,1,0,0,0,Windows 10 Home
Dell,DELL,124990.0,Upper Mid-Range (75K-1.25L),Intel,Core i5 13th Gen 13450HX,Core i5,3,16,DDR5,1024,SSD,0.0156,15.6,Integrated,0,0,0,0,Windows 11 Home
Dell,DELL Inspiron,95990.0,Upper Mid-Range (75K-1.25L),Intel,Core i5 13th Gen 13450HX,Core i5,3,8,DDR5,512,SSD,0.0156,15.6,Integrated,0,0,0,0,Windows 11 Home
Dell,DELL G15,99990.0,Upper Mid-Range (75K-1.25L),Intel,Core i5 13th Gen 13450HX,Core i5,3,8,DDR5,512,SSD,0.0156,15.6,Integrated,1,0,0,0,Windows 11 Pro
Dell,DELL Inspiron 5370,93451.0,Upper Mid-Range (75K-1.25L),Intel,Core i7 8th Gen 8550U,Core i7,4,8,DDR4,256,SSD,0.0312,13.3,Integrated,0,0,0,0,Windows 11 Home
Dell,DELL XPS,249890.0,Premium / Flagship (>1.25L),Intel,Core Ultra 7 155H,Core Ultra 7,5,32,LPDDR5,1024,SSD,0.0312,14.5,Integrated,0,0,0,0,Windows 11 Home
MSI,MSI Stealth 15,162990.0,Premium / Flagship (>1.25L),Intel,Core i7 13th Gen 13620H,Core i7,4,16,DDR5,1024,SSD,0.0156,15.6,Integrated,0,0,0,0,Windows 11 Home
Dell,DELL G3,78584.0,Upper Mid-Range (75K-1.25L),Intel,Core i5 10th Gen 10300H,Core i5,3,8,DDR4,1024,HDD,0.0078,15.6,Integrated,0,0,0,0,Windows 10 Home
HP,HP 15R,69990.0,Mid-Range (40K-75K),Intel,Core i3 13th Gen 1315U,Core i3,2,16,DDR4,512,SSD,0.0312,15.6,Integrated,0,0,0,0,Windows 11 Home
Dell,DELL Inspiron 5430,76990.0,Upper Mid-Range (75K-1.25L),Intel,Core i5 13th Gen,Core i5,3,16,LPDDR5,512,SSD,0.0312,14.0,Integrated,0,0,0,0,Windows 11 Home
Dell,DELL Inspiron,75658.0,Upper Mid-Range (75K-1.25L),Intel,Core i5 13th Gen 1335U,Core i5,3,8,LPDDR5X,1024,SSD,0.0078,14.0,Integrated,0,0,0,0,Windows 11 Home
Dell,DELL Inspiron 5430,74990.0,Mid-Range (40K-75K),Intel,Core i5 13th Gen,Core i5,3,8,LPDDR5,512,SSD,0.0156,14.0,Integrated,0,0,0,0,Windows 11 Home
Dell,DELL Inspiron,73451.0,Mid-Range (40K-75K),Intel,Core i5 13th Gen 1335U,Core i5,3,8,LPDDR5,512,SSD,0.0156,14.0,Integrated,0,0,0,0,Windows 11 Home
Dell,DELL Microsoft Office 2024,79990.0,Upper Mid-Range (75K-1.25L),Intel,Core 5,Core 5,3,16,DDR5,512,SSD,0.0312,14.0,Integrated,0,0,0,0,Windows 11 Home
Dell,DELL 15 Inspiron,57490.0,Mid-Range (40K-75K),Intel,Core 3 100U,Core 3 100U,2,8,DDR4,512,SSD,0.0156,15.6,Integrated,0,0,0,0,Windows 11 Home
Dell,DELL Inspiron 15 3530,74990.0,Mid-Range (40K-75K),Intel,Core i5 13th Gen,Core i5,3,8,DDR4,1024,SSD,0.0078,15.6,Integrated,0,0,0,0,Windows 11 Home
Dell,DELL 15 Inspiron,61990.0,Mid-Range (40K-75K),Intel,Core 3,Core 3,2,16,DDR4,512,SSD,0.0312,15.6,Integrated,0,0,0,0,Windows 11 Home
Dell,DELL Inspiron,57990.0,Mid-Range (40K-75K),AMD,Ryzen 3,Ryzen 3,2,8,DDR4,256,SSD,0.0312,15.6,Integrated,0,0,0,0,Windows 11 Home
Dell,DELL Inspiron,64990.0,Mid-Range (40K-75K),AMD,Ryzen 5,Ryzen 5,3,8,DDR4,512,SSD,0.0156,15.6,Integrated,0,0,0,0,Windows 11 Home
Dell,DELL Inspiron,68990.0,Mid-Range (40K-75K),AMD,Ryzen 5 Hexa Core 5625U,Ryzen 5,3,8,DDR4,512,SSD,0.0156,15.6,Integrated,0,0,0,0,Windows 11 Home
Dell,DELL Inspiron,52900.0,Mid-Range (40K-75K),Intel,Core i3 13th Gen 1305U,Core i3,2,8,DDR4,512,SSD,0.0156,15.6,Integrated,0,0,0,0,Windows 11 Home
Dell,DELL Inspiron,59990.0,Mid-Range (40K-75K),AMD,Ryzen 3,Ryzen 3,2,8,DDR4,512,SSD,0.0156,14.9,Integrated,0,0,0,0,Windows 11 Home
Dell,DELL Inspiron 15,61990.0,Mid-Range (40K-75K),AMD,Ryzen 5 Quad Core 5500u,Ryzen 5,3,8,DDR4,512,SSD,0.0156,15.6,Integrated,0,0,0,0,Windows 11 Home
Dell,DELL 15,57990.0,Mid-Range (40K-75K),Intel,Core i3 12th Gen 1215U,Core i3,2,8,DDR4,512,SSD,0.0156,15.6,Integrated,0,0,0,0,Windows 11 Home
Dell,DELL,68990.0,Mid-Range (40K-75K),Intel,Core i5 12th Gen 1235U,Core i5,3,8,DDR4,1024,HDD,0.0078,15.6,Integrated,0,0,0,0,Windows 11 Home
Dell,DELL inspiron 15,54559.0,Mid-Range (40K-75K),AMD,Ryzen 5 Quad Core 7520U,Ryzen 5,3,8,LPDDR5,512,SSD,0.0156,15.6,Integrated,0,0,0,0,Windows 11 Home
Dell,DELL ESSENTIAL 15,54800.0,Mid-Range (40K-75K),AMD,Ryzen 5 Processor,Ryzen 5,3,8,DDR5,512,SSD,0.0156,15.6,Integrated,0,0,0,0,Windows 11 Home
Dell,DELL Inspiron 15 MSO'24,86763.0,Upper Mid-Range (75K-1.25L),Intel,Core i5 13th Gen 1334U,Core i5,3,16,DDR4,1024,SSD,0.0156,15.0,Integrated,0,0,0,0,Windows 11 Home
Dell,DELL,58990.0,Mid-Range (40K-75K),Intel,Core i3 12th Gen,Core i3,2,8,DDR4,512,SSD,0.0156,15.6,Integrated,0,0,0,0,Windows 11
Dell,DELL,59990.0,Mid-Range (40K-75K),Intel,Core i3 12th Gen 1215U,Core i3,2,8,DDR4,512,SSD,0.0156,15.6,Integrated,0,0,0,0,Windows 11 Home
Dell,DELL Inspiron,59990.0,Mid-Range (40K-75K),AMD,Ryzen 5 Quad Core 3450U,Ryzen 5,2,8,DDR4,256,SSD,0.0312,15.6,Integrated,0,0,0,0,Windows 11 Home
Dell,DELL Inspiron,66990.0,Mid-Range (40K-75K),Intel,Core i5 13th Gen,Core i5,3,8,DDR4,512,SSD,0.0156,15.6,Integrated,0,0,0,0,Windows 11 Home
Dell,DELL Inspiron 3530,93500.0,Upper Mid-Range (75K-1.25L),Intel,Core i7 13th Gen 1355U,Core i7,4,16,DDR4,512,SSD,0.0312,15.6,Integrated,0,0,0,0,Windows 11 Home
Dell,DELL 15,55990.0,Mid-Range (40K-75K),Intel,Core i3 13th Gen 1305U,Core i3,2,8,DDR4,512,SSD,0.0156,15.6,Integrated,0,0,0,0,Windows 11 Home
Dell,DELL 15,92990.0,Upper Mid-Range (75K-1.25L),Intel,Core i7 13th Gen 1355U,Core i7,4,16,DDR4,512,SSD,0.0312,15.6,Integrated,0,0,0,0,Windows 11 Home
Dell,DELL Inspiron,129990.0,Premium / Flagship (>1.25L),Intel,Core Ultra 7 155H,Core Ultra 7,5,16,LPDDR5X,1024,SSD,0.0156,13.3,Integrated,0,0,0,0,Windows 11 Home
Dell,DELL Vostro,54781.0,Mid-Range (40K-75K),Intel,Core i3 10th Gen 1005G,Core i3,2,8,DDR4,1024,HDD,0.0078,15.6,Integrated,0,0,0,0,Windows 11 Home
Dell,DELL G15 Microsoft Office Home 2024,119990.0,Upper Mid-Range (75K-1.25L),Intel,Core i5 13th Gen 13450HX,Core i5,3,16,DDR5,1024,SSD,0.0156,15.6,Integrated,1,0,0,0,Windows 11 Home
Dell,DELL 16 14 Microsoft Office Home 2024,96990.0,Upper Mid-Range (75K-1.25L),AMD,Ryzen AI 5 Hexa Core 340 AI -,Ryzen AI,2,16,LPDDR5X,512,SSD,0.0312,16.0,Integrated,0,0,0,0,Windows 11
Dell,DELL Dell Pro 15 Essential PV15250,64990.0,Mid-Range (40K-75K),Intel,Core i5 13th Gen 1334U,Core i5,3,8,DDR5,512,SSD,0.0156,15.6,Integrated,0,0,0,0,Linux
Dell,DELL Pro Essential 15,54507.0,Mid-Range (40K-75K),Intel,Core 3 14th Gen 100U,Core 3 14th Gen 100U,2,8,DDR5,512,SSD,0.0156,15.6,Integrated,0,0,0,0,Linux
Dell,DELL DC 15250,55490.0,Mid-Range (40K-75K),Intel,Core 3 14th Gen 100U,Core 3 14th Gen 100U,2,8,DDR4,512,SSD,0.0156,15.6,Integrated,0,0,0,0,Windows 11 Home
Dell,DELL 15,54689.0,Mid-Range (40K-75K),AMD,Ryzen 3 Quad Core 7320U,Ryzen 3,2,8,LPDDR5,512,SSD,0.0156,15.6,Integrated,0,0,0,0,Windows 11 Home
Dell,DELL 14,94135.0,Upper Mid-Range (75K-1.25L),Intel,Core 7 240H,Core 7 240H,4,16,LPDDR5X,512,SSD,0.0312,14.0,Integrated,0,0,0,0,Windows 11 Home
Dell,DELL Alienware 16 Aurora Microsoft Office Home 2024,154598.0,Premium / Flagship (>1.25L),Intel,Core 7 240H,Core 7 240H,4,16,DDR5,1024,SSD,0.0156,16.0,Integrated,1,0,0,0,Windows 11
Dell,DELL 14,99990.0,Upper Mid-Range (75K-1.25L),Qualcomm,Snapdragon X Plus -,Snapdragon X,4,16,LPDDR5,512,SSD,0.0312,14.0,Integrated,0,0,0,0,Windows 11 Home
HP,HP 250 G9,52690.0,Mid-Range (40K-75K),Intel,Core i3 12th Gen 1215U,Core i3,2,8,DDR4,512,SSD,0.0156,15.6,Integrated,0,0,0,0,Windows 11 Home
Dell,DELL Alienware 16 Aurora Microsoft Office Home 2024,144397.0,Premium / Flagship (>1.25L),Intel,Core 7 240,Core 7 240,4,16,DDR5,1024,SSD,0.0156,16.0,Integrated,1,0,0,0,Windows 11 Home
Dell,DELL 16,130855.0,Premium / Flagship (>1.25L),Intel,Core Ultra 7 256V,Core Ultra 7,5,16,LPDDR5X,512,SSD,0.0312,16.0,Integrated,0,0,0,0,Windows 11 Home
Dell,DELL 22X09D4,55676.0,Mid-Range (40K-75K),Intel,Core 3,Core 3,2,8,DDR4,512,eMMC,0.0156,15.6,Integrated,0,0,0,0,Windows 11 Home
Dell,DELL Inspiron 15,58775.0,Mid-Range (40K-75K),Intel,Core i3 14th Gen,Core i3,2,8,DDR4,512,SSD,0.0156,15.6,Integrated,0,0,0,0,Windows 11 Home
Dell,DELL PRO 15 DDR5 5600Mhz,69991.0,Mid-Range (40K-75K),Intel,Core 3 14th Gen 100U,Core 3 14th Gen 100U,2,16,DDR5,512,SSD,0.0312,15.6,Integrated,0,0,0,0,Windows 11 Home
Dell,DELL Vostro,78990.0,Upper Mid-Range (75K-1.25L),Intel,Core i5 12th Gen 1240P,Core i5,3,16,DDR4,512,SSD,0.0312,16.0,Integrated,0,0,0,0,Windows 11 Home
Dell,DELL,65900.0,Mid-Range (40K-75K),Intel,Core i5 12th Gen 1235U,Core i5,3,8,DDR4,512,SSD,0.0156,14.0,Integrated,0,0,0,0,Windows 11 Home
HP,HP OMEN AI,149990.0,Premium / Flagship (>1.25L),AMD,Ryzen AI 7 Octa Core AI 7 350 -,Ryzen AI,3,24,DDR5,1024,SSD,0.0234,16.0,Integrated,1,0,0,0,Windows 11 Home
HP,HP 250R G10,53990.0,Mid-Range (40K-75K),Intel,Core 3 14th Gen 100U,Core 3 14th Gen 100U,2,8,DDR4,512,SSD,0.0156,15.6,Integrated,0,0,0,0,Windows 11 Home
HP,HP 15,50843.0,Mid-Range (40K-75K),Intel,Core 3 100U,Core 3 100U,2,16,DDR4,512,SSD,0.0312,15.6,Integrated,0,0,0,0,Windows 11 Home
HP,HP Laptop,58990.0,Mid-Range (40K-75K),Intel,Core i3 12th Gen 1215U,Core i3,2,8,DDR4,256,SSD,0.0312,15.6,Integrated,0,0,0,0,Windows 11 Home
HP,HP Victus,114999.0,Upper Mid-Range (75K-1.25L),Intel,Core i5 13th Gen 13420H,Core i5,3,16,DDR4,512,SSD,0.0312,15.6,Integrated,1,0,0,0,Windows 11 Home
HP,HP HyperX Omen,167931.0,Premium / Flagship (>1.25L),Intel,Core i7 14th Gen 14650HX,Core i7,4,24,DDR5,1024,SSD,0.0234,15.3,Integrated,1,0,0,0,Windows 11 Home
MSI,MSI GL Series,69990.0,Mid-Range (40K-75K),Intel,Core i5 8th Gen 8300H,Core i5,3,8,DDR4,1024,HDD,0.0078,15.6,Integrated,0,0,0,0,Windows 10 Home
MSI,MSI Thin 15,67990.0,Mid-Range (40K-75K),Intel,Core i5 12th Gen 12450H,Core i5,3,8,DDR4,512,SSD,0.0156,15.6,Integrated,0,0,0,0,Windows 11 Home
HP,HP Victus,94990.0,Upper Mid-Range (75K-1.25L),Intel,Core 5 210,Core 5 210,3,16,DDR4,512,SSD,0.0312,15.6,Integrated,1,0,0,0,Windows 11 Home
HP,HP OMEN,146134.0,Premium / Flagship (>1.25L),Intel,Core 7 240H,Core 7 240H,4,24,DDR5,1024,SSD,0.0234,16.0,Integrated,1,0,0,0,Windows 11 Home
MSI,MSI Thin 15,98645.0,Upper Mid-Range (75K-1.25L),Intel,Core i5 13th Gen 13420H,Core i5,3,16,DDR4,512,SSD,0.0312,15.6,Integrated,0,0,0,0,Windows 11 Home
Lenovo,Lenovo LOQ,80090.0,Upper Mid-Range (75K-1.25L),Intel,Core i5 12th Gen 12450HX,Core i5,3,12,DDR5,512,SSD,0.0234,15.6,Integrated,1,0,0,0,Windows 11 Home
Lenovo,Lenovo LOQe,99990.0,Upper Mid-Range (75K-1.25L),AMD,Ryzen 5 Hexa Core 7535HS,Ryzen 5,3,16,DDR5,512,SSD,0.0312,15.6,Integrated,1,0,0,0,Windows 11 Home
HP,HP OMEN,157945.0,Premium / Flagship (>1.25L),Intel,Core i7 14th Gen 14650HX,Core i7,4,16,DDR5,1024,SSD,0.0156,16.1,Integrated,1,0,0,0,Windows 11 Home
MSI,MSI Katana 15,102990.0,Upper Mid-Range (75K-1.25L),Intel,Core i5 13th Gen 13420H,Core i5,3,16,DDR5,1024,SSD,0.0156,15.6,Integrated,1,0,0,0,Windows 11 Home
MSI,MSI GF65 Thin,99990.0,Upper Mid-Range (75K-1.25L),Intel,Core i5 9th Gen 9300H,Core i5,3,16,DDR4,512,SSD,0.0312,15.6,Integrated,0,0,0,0,Windows 10 Home
ASUS,ASUS ROG Strix G16 with Office 2024 + M365 Basic*,279990.0,Premium / Flagship (>1.25L),AMD,Ryzen 9,Ryzen 9,5,16,DDR5,1024,SSD,0.0156,16.0,Integrated,1,0,0,0,Windows 11 Home
Lenovo,Lenovo LOQ 2025,186990.0,Premium / Flagship (>1.25L),Intel,Core i7 14th Gen 14700HX,Core i7,4,16,DDR5,512,SSD,0.0312,15.6,Integrated,1,0,0,0,Windows 11 Home
Lenovo,Lenovo LOQ,168990.0,Premium / Flagship (>1.25L),Intel,Core i7 14th Gen 14700HX,Core i7,4,16,DDR5,1024,SSD,0.0156,15.6,Integrated,1,0,0,0,Windows 11 Home
MSI,MSI GF65 Thin,106990.0,Upper Mid-Range (75K-1.25L),Intel,Core i5 10th Gen 10500H,Core i5,3,16,DDR4,512,SSD,0.0312,15.6,Integrated,0,0,0,0,Windows 10 Home
HP,HP Victus,94990.0,Upper Mid-Range (75K-1.25L),Intel,Core i5 12th Gen 12450H,Core i5,3,16,DDR4,1024,SSD,0.0156,15.6,Integrated,1,0,0,0,Windows 11 Home
Infinix,Infinix GT Book,99990.0,Upper Mid-Range (75K-1.25L),Intel,Core i5 12th Gen 12450H,Core i5,3,16,LPDDR5,512,SSD,0.0312,16.0,Integrated,0,0,0,0,Windows 11 Home
Lenovo,Lenovo IdeaPad Gaming 3,53990.0,Mid-Range (40K-75K),Intel,Core i5 11th Gen 11320H,Core i5,3,8,DDR4,512,SSD,0.0156,15.6,Integrated,1,0,0,0,Windows 11 Home
Lenovo,Lenovo IdeaPad Slim 5i,62999.0,Mid-Range (40K-75K),Intel,Core i5 11th Gen 1135G,Core i5,3,16,DDR4,512,SSD,0.0312,15.6,Integrated,0,0,0,0,Windows 11 Home
HP,HP Victus,76354.0,Upper Mid-Range (75K-1.25L),Intel,Core i5 12th Gen 12450H,Core i5,3,16,DDR4,512,SSD,0.0312,15.6,Integrated,1,0,0,0,Windows 11 Home
HP,HP 15R,55999.0,Mid-Range (40K-75K),Intel,Core i3 13th Gen 1315U,Core i3,2,8,DDR4,512,SSD,0.0156,15.6,Integrated,0,0,0,0,Windows 11 Pro
Lenovo,Lenovo Lenovo Legion 9,390999.0,Premium / Flagship (>1.25L),Intel,Core i9 14th Gen 14900HX,Core i9,5,64,DDR5,2048,SSD,0.0312,16.0,Integrated,1,0,0,0,Windows 11 Home
Lenovo,Lenovo LOQ,110990.0,Upper Mid-Range (75K-1.25L),Intel,Core i7 13th Gen 13650HX,Core i7,4,16,DDR5,512,SSD,0.0312,15.6,Integrated,1,0,0,0,Windows 11 Home
HP,HP OMEN,116746.0,Upper Mid-Range (75K-1.25L),Intel,Core i5 13th Gen 13420H,Core i5,3,16,DDR5,512,SSD,0.0312,16.1,Integrated,1,0,0,0,Windows 11 Home
HP,HP Victus 15,85656.0,Upper Mid-Range (75K-1.25L),Intel,Core i5 12th Gen 12450H,Core i5,3,8,DDR4,512,SSD,0.0156,15.6,Integrated,1,0,0,0,Windows 11 Home
Lenovo,Lenovo LOQ,170990.0,Premium / Flagship (>1.25L),Intel,Core i7 13th Gen,Core i7,4,16,DDR5,512,SSD,0.0312,15.6,Integrated,1,0,0,0,Windows 11 Home
HP,HP Victus 15,92110.0,Upper Mid-Range (75K-1.25L),Intel,Core i5 13th Gen 13420H,Core i5,3,16,DDR4,512,SSD,0.0312,15.6,Integrated,1,0,0,0,Windows 11 Home
ASUS,ASUS TUF Gaming A15,85390.0,Upper Mid-Range (75K-1.25L),AMD,Ryzen 7 Octa Core 7435HS,Ryzen 7,4,8,DDR5,512,SSD,0.0156,15.6,Integrated,1,0,0,0,Windows 11 Home
HP,HP 15s,82990.0,Upper Mid-Range (75K-1.25L),Intel,Core i5 13th Gen 1335U,Core i5,3,8,DDR4,1024,SSD,0.0078,15.6,Integrated,0,0,0,0,Windows 11 Home
HP,HP Victus,94990.0,Upper Mid-Range (75K-1.25L),Intel,Core i5 12th Gen 12450H,Core i5,3,8,DDR4,512,SSD,0.0156,15.6,Integrated,1,0,0,0,Windows 11 Pro
Lenovo,Lenovo IdeaPad Gaming 3,71990.0,Mid-Range (40K-75K),Intel,Core i5 11th Gen 11300H,Core i5,3,16,DDR4,512,SSD,0.0312,15.6,Integrated,1,0,0,0,Windows 11 Home
MSI,MSI Katana 15 HX B14,135000.0,Premium / Flagship (>1.25L),Intel,Core i5 14450HX,Core i5,3,16,DDR5,512,SSD,0.0312,15.6,Integrated,1,0,0,0,Windows 11 Home
HP,HP Victus,100515.0,Upper Mid-Range (75K-1.25L),Intel,Core i7 12th Gen 12650H,Core i7,4,8,DDR4,512,SSD,0.0156,15.6,Integrated,1,0,0,0,Windows 11 Home
Lenovo,Lenovo LOQ,100190.0,Upper Mid-Range (75K-1.25L),AMD,Ryzen 5 Quad Core 7235HS,Ryzen 5,3,24,DDR5,512,SSD,0.0469,15.6,Integrated,1,0,0,0,Windows 11 Home
Colorful,Colorful P15,139999.0,Premium / Flagship (>1.25L),Intel,Core i7 13th Gen 13620H,Core i7,4,16,DDR5,512,SSD,0.0312,15.6,Integrated,0,0,0,0,Windows 11 Home
HP,HP 14s,58990.0,Mid-Range (40K-75K),AMD,Ryzen 5 Quad Core 3450U,Ryzen 5,2,8,DDR4,512,SSD,0.0156,14.0,Integrated,0,0,0,0,Windows 10 Home
HP,HP 14s,55750.0,Mid-Range (40K-75K),AMD,Ryzen 5 Hexa Core 5500U,Ryzen 5,3,8,DDR4,512,SSD,0.0156,14.0,Integrated,0,0,0,0,Windows 10 Home
HP,HP G9,64312.0,Mid-Range (40K-75K),AMD,Ryzen 5 Hexa Core,Ryzen 5,3,16,DDR4,512,SSD,0.0312,15.6,Integrated,0,0,0,0,Windows 11 Home
HP,HP Pavilion,67931.0,Mid-Range (40K-75K),AMD,Ryzen 5 Hexa Core 5500U,Ryzen 5,3,8,DDR4,512,SSD,0.0156,14.0,Integrated,0,0,0,0,Windows 10 Home
HP,HP 255 G10,50490.0,Mid-Range (40K-75K),AMD,Ryzen 3 Quad Core 7320U,Ryzen 3,2,8,DDR4,512,SSD,0.0156,15.6,Integrated,0,0,0,0,Windows 11 Home
HP,HP 255R G10 Professional,49990.0,Mid-Range (40K-75K),AMD,Ryzen 3 Quad Core 7335U,Ryzen 3,2,8,DDR5,512,SSD,0.0156,15.6,Integrated,0,0,0,0,Windows 11 Pro
HP,HP 841w6pa 255 g9,52990.0,Mid-Range (40K-75K),AMD,Ryzen 3,Ryzen 3,2,8,DDR4,512,SSD,0.0156,15.6,Integrated,0,0,0,0,DOS
HP,HP 245 G9 Silver,54690.0,Mid-Range (40K-75K),AMD,Ryzen 5 Hexa Core 5625U,Ryzen 5,3,8,DDR4,512,SSD,0.0156,14.1,Integrated,0,0,0,0,Windows 11 Home
HP,HP 255R G10 Professional DDR5 5600Mhz,52790.0,Mid-Range (40K-75K),AMD,Ryzen 3 Quad Core 7335U,Ryzen 3,2,8,DDR5,512,SSD,0.0156,15.6,Integrated,0,0,0,0,Windows 11 Home
HP,HP Omen AI,174237.0,Premium / Flagship (>1.25L),AMD,Ryzen AI 7 Octa Core 350 -,Ryzen AI,2,24,DDR5,1024,SSD,0.0234,16.0,Integrated,1,0,0,0,Windows 11 Home
HP,HP 240 G10 Professional,56890.0,Mid-Range (40K-75K),Intel,Core i3 13th Gen 1315U,Core i3,2,8,DDR4,512,SSD,0.0156,14.0,Integrated,0,0,0,0,Windows 11 Home
HP,"HP Professional 14,",82999.0,Upper Mid-Range (75K-1.25L),Intel,Core i5 13th Gen 1334U,Core i5,3,16,DDR5,512,SSD,0.0312,14.0,Integrated,0,0,0,0,Windows 11 Pro
HP,HP 15,54980.0,Mid-Range (40K-75K),Intel,Core 3 13th Gen 1315U,Core 3 13th Gen 1315U,2,8,DDR4,512,SSD,0.0156,15.6,Integrated,0,0,0,0,Windows 11 Home
HP,HP 250R G9,54990.0,Mid-Range (40K-75K),Intel,Core i3 13th Gen 1315U,Core i3,2,8,DDR4,512,SSD,0.0156,15.6,Integrated,0,0,0,0,Windows 11 Home
HP,HP 15 with Office 2024,56990.0,Mid-Range (40K-75K),Intel,Core 3 14th Gen 100U,Core 3 14th Gen 100U,2,8,DDR5,512,SSD,0.0156,15.6,Integrated,0,0,0,0,Windows 11 Home
HP,HP Pavilion Plus MSO 2024,78990.0,Upper Mid-Range (75K-1.25L),Intel,Core i5 13th Gen 1335U,Core i5,3,16,LPDDR5X,512,SSD,0.0312,14.0,Integrated,0,0,0,0,Windows 11 Home
HP,HP 250R G10,64108.0,Mid-Range (40K-75K),Intel,Core 3 14th Gen 100U,Core 3 14th Gen 100U,2,16,DDR4,512,SSD,0.0312,15.6,Integrated,0,0,0,0,Windows 11 Pro
HP,HP Omnibook 3 Next Gen AI PC,71690.0,Mid-Range (40K-75K),Qualcomm,Snapdragon X -,Snapdragon X,4,16,DDR5,512,SSD,0.0312,14.0,Integrated,0,0,0,0,Windows 11 Home
HP,HP Laptop,58947.0,Mid-Range (40K-75K),Intel,Core i3 13th Gen 1315U,Core i3,2,8,DDR4,512,SSD,0.0156,14.0,Integrated,0,0,0,0,Windows 11 Home
HP,HP Pavilion Plus Metal Body,92746.0,Upper Mid-Range (75K-1.25L),Intel,Core i5 13th Gen 1335U,Core i5,3,16,DDR5,512,SSD,0.0312,14.0,Integrated,0,0,0,0,Windows 11 Home
HP,HP Essentials,65623.0,Mid-Range (40K-75K),Intel,Core i3 13th Gen 1315U,Core i3,2,8,DDR4,512,SSD,0.0156,15.0,Integrated,0,0,0,0,Windows 11 Home
HP,HP 14R,57990.0,Mid-Range (40K-75K),Intel,Core i3 13th Gen 1315U,Core i3,2,8,DDR4,512,SSD,0.0156,14.0,Integrated,0,0,0,0,Windows 11 Pro
HP,HP 245G9,52291.0,Mid-Range (40K-75K),AMD,Ryzen 3,Ryzen 3,2,8,DDR4,512,SSD,0.0156,14.0,Integrated,0,0,0,0,Windows 11 Home
HP,HP 245G9 Silver,52990.0,Mid-Range (40K-75K),AMD,Ryzen 3,Ryzen 3,2,8,DDR4,512,SSD,0.0156,14.0,Integrated,0,0,0,0,Windows 11 Home
HP,HP Omnibook 5 2K OLED,91155.0,Upper Mid-Range (75K-1.25L),Qualcomm,Snapdragon X -,Snapdragon X,4,16,LPDDR5X,512,SSD,0.0312,14.0,Integrated,0,0,0,1,Windows 11 Home
HP,HP Pavilion 14 X360,101158.0,Upper Mid-Range (75K-1.25L),Intel,Core i5 13th Gen 1335U,Core i5,3,16,DDR4,512,SSD,0.0312,14.0,Integrated,0,0,1,0,Windows 11 Home
HP,HP Pavilion 14 X360,113089.0,Upper Mid-Range (75K-1.25L),Intel,Core i7 13th Gen 1355U,Core i7,4,16,DDR4,512,SSD,0.0312,14.0,Integrated,0,0,1,0,Windows 11 Home
HP,HP Pavilion Plus,82990.0,Upper Mid-Range (75K-1.25L),Intel,Core i5 13th Gen 1340P,Core i5,3,16,LPDDR5,512,SSD,0.0312,14.0,Integrated,0,0,0,0,Windows 11 Home
HP,HP 240 G8,51737.0,Mid-Range (40K-75K),Intel,Core i3 11th Gen,Core i3,2,8,DDR4,512,SSD,0.0156,14.0,Integrated,0,0,0,0,DOS
HP,HP 240 G10 Professional,62990.0,Mid-Range (40K-75K),Intel,Core i3 13th Gen 1315U,Core i3,2,16,DDR4,512,SSD,0.0312,14.0,Integrated,0,0,0,0,Windows 11 Home
HP,HP 14s,57499.0,Mid-Range (40K-75K),Intel,Core i3 11th Gen 1125G,Core i3,2,8,DDR4,256,SSD,0.0312,14.0,Integrated,0,0,0,0,Windows 11 Home
HP,HP 15,72899.0,Mid-Range (40K-75K),Intel,Core 5 120U,Core 5 120U,3,8,DDR4,512,SSD,0.0156,15.6,Integrated,0,0,0,0,Windows 11 Home
HP,HP 14s,57690.0,Mid-Range (40K-75K),Intel,Core i3 12th Gen 1215U,Core i3,2,8,DDR4,512,SSD,0.0156,14.0,Integrated,0,0,0,0,Windows 11 Home
HP,HP 14s Backlit,58990.0,Mid-Range (40K-75K),Intel,Core i3 11th Gen 1115G,Core i3,2,8,DDR4,512,SSD,0.0156,14.0,Integrated,0,0,0,0,Windows 11 Home
HP,HP 240R G9,81553.0,Upper Mid-Range (75K-1.25L),Intel,Core 5 14th Gen 120U,Core 5 14th Gen 120U,3,16,DDR4,512,SSD,0.0312,14.0,Integrated,0,0,0,0,Windows 11 Pro
HP,HP ENVY,97460.0,Upper Mid-Range (75K-1.25L),AMD,Ryzen 5 Hexa Core 8640HS,Ryzen 5,3,16,LPDDR5,512,SSD,0.0312,14.0,Integrated,0,0,0,0,Windows 11 Home
HP,HP Omnibook 3 2K WUXGA,75690.0,Upper Mid-Range (75K-1.25L),Qualcomm,Snapdragon X -,Snapdragon X,4,16,LPDDR5X,512,SSD,0.0312,14.0,Integrated,0,0,0,0,Windows 11 Home
HP,HP Omnibook 3 with MS Office 2024,61990.0,Mid-Range (40K-75K),AMD,Ryzen 3 Quad Core,Ryzen 3,2,8,LPDDR5,512,SSD,0.0156,14.0,Integrated,0,0,0,0,Windows 11 Home
HP,HP 14 G9,52990.0,Mid-Range (40K-75K),AMD,Ryzen 3,Ryzen 3,2,8,DDR4,512,SSD,0.0156,14.0,Integrated,0,0,0,0,Windows 11 Pro
HP,HP Envy x360,97144.0,Upper Mid-Range (75K-1.25L),Intel,Core i5 13th Gen 1335U,Core i5,3,16,LPDDR5,512,SSD,0.0312,15.6,Integrated,0,0,1,0,Windows 11 Home
HP,HP 14s,57890.0,Mid-Range (40K-75K),Intel,Core i3 11th Gen,Core i3,2,8,DDR4,256,SSD,0.0312,14.0,Integrated,0,0,0,0,Windows 11 Home
HP,HP 240 G9,64105.0,Mid-Range (40K-75K),Intel,Core i3 12th Gen 1215,Core i3,2,8,DDR4,512,SSD,0.0156,14.0,Integrated,0,0,0,0,Windows 11 Home
HP,HP 14s,57990.0,Mid-Range (40K-75K),Intel,Core i3 11th Gen 1115G,Core i3,2,8,DDR4,256,SSD,0.0312,14.0,Integrated,0,0,0,0,Windows 11 Home
HP,HP 240R G10 Professional,69990.0,Mid-Range (40K-75K),Intel,Core 3 14th Gen 100U,Core 3 14th Gen 100U,2,16,DDR4,512,SSD,0.0312,14.0,Integrated,0,0,0,0,Windows 11 Home
HP,HP 14s,57790.0,Mid-Range (40K-75K),Intel,Core i3 11th Gen,Core i3,2,8,DDR4,512,SSD,0.0156,14.0,Integrated,0,0,0,0,Windows 11 Home
HP,HP OmniBook X Flip,160689.0,Premium / Flagship (>1.25L),Intel,Core Ultra 7 258V,Core Ultra 7,5,32,LPDDR5X,1024,SSD,0.0312,14.0,Integrated,0,0,1,0,Windows 11 Home
HP,HP 14s,57990.0,Mid-Range (40K-75K),Intel,Core i3 11th Gen 1115G,Core i3,2,8,DDR4,512,SSD,0.0156,14.0,Integrated,0,0,0,0,Windows 11 Home
HP,HP Essentials,81999.0,Upper Mid-Range (75K-1.25L),Intel,Core 5 13th Gen 120U,Core 5 13th Gen 120U,3,16,DDR4,512,SSD,0.0312,14.0,Integrated,0,0,0,0,Windows 11 Home
HP,HP 14s,72990.0,Mid-Range (40K-75K),Intel,Core i5 11th Gen 1135G,Core i5,3,8,DDR4,512,SSD,0.0156,14.0,Integrated,0,0,0,0,Windows 10 Home
HP,HP Laptop,57890.0,Mid-Range (40K-75K),Intel,Core i3 13th Gen 1315U,Core i3,2,8,DDR4,512,SSD,0.0156,15.6,Integrated,0,0,0,0,Windows 11 Home
HP,HP 15,55576.0,Mid-Range (40K-75K),Intel,Core i3 13th Gen 1315U,Core i3,2,8,DDR4,512,SSD,0.0156,15.6,Integrated,0,0,0,0,Windows 11 Home
HP,HP OmniBook 5,78778.0,Upper Mid-Range (75K-1.25L),Intel,Core i5 13th Gen 1334U,Core i5,3,16,LPDDR5X,512,SSD,0.0312,16.0,Integrated,0,0,0,0,Windows 11 Home
HP,HP Essentials,79991.0,Upper Mid-Range (75K-1.25L),Intel,Core 5 13th Gen 120U,Core 5 13th Gen 120U,3,8,DDR4,1024,SSD,0.0078,15.6,Integrated,0,0,0,0,Windows 11 Home
HP,HP 15s,74690.0,Mid-Range (40K-75K),Intel,Core i7 12th Gen 1255U,Core i7,4,16,DDR4,512,SSD,0.0312,15.6,Integrated,0,0,0,0,Windows 11 Home
HP,HP 15s,62526.0,Mid-Range (40K-75K),Intel,Core i5 12th Gen 1235U,Core i5,3,16,DDR4,512,SSD,0.0312,15.6,Integrated,0,0,0,0,Windows 11 Home
HP,HP 15s Metal,54990.0,Mid-Range (40K-75K),Intel,Core i3 13th Gen 1315U,Core i3,2,8,DDR4,512,SSD,0.0156,15.6,Integrated,0,0,0,0,Windows 11 Home
HP,HP Professional,95990.0,Upper Mid-Range (75K-1.25L),Intel,Core i5 13th Gen 1334U,Core i5,3,32,DDR4,512,SSD,0.0625,15.6,Integrated,0,0,0,0,Windows 11 Pro
HP,HP 15s,59440.0,Mid-Range (40K-75K),Intel,Core i3 11th Gen 1115G,Core i3,2,8,DDR4,512,SSD,0.0156,15.6,Integrated,0,0,0,0,Windows 11 Home
HP,HP MS Office 2024,54990.0,Mid-Range (40K-75K),Intel,Core i3 13th Gen 1315U,Core i3,2,8,DDR4,512,SSD,0.0156,15.6,Integrated,0,0,0,0,Windows 11 Home
HP,HP Pavilion,85097.0,Upper Mid-Range (75K-1.25L),Intel,Core i5 13th Gen 1340P,Core i5,3,16,DDR4,512,SSD,0.0312,15.6,Integrated,0,0,0,0,Windows 11 Home
HP,HP 15s,89572.0,Upper Mid-Range (75K-1.25L),Intel,Core i7 13th Gen 1360P,Core i7,4,16,DDR4,512,SSD,0.0312,15.6,Integrated,0,0,0,0,Windows 11 Home
HP,HP 15s,64312.0,Mid-Range (40K-75K),Intel,Core i5 11th Gen 1135G,Core i5,3,8,DDR4,512,SSD,0.0156,15.6,Integrated,0,0,0,0,Windows 11 Home
HP,HP Laptop,68346.0,Mid-Range (40K-75K),Intel,Core i5 12th Gen 1235U,Core i5,3,8,DDR4,512,SSD,0.0156,15.6,Integrated,0,0,0,0,Windows 11 Home
HP,HP 15s,70064.0,Mid-Range (40K-75K),Intel,Core i5 12th Gen 1235U,Core i5,3,8,DDR4,512,SSD,0.0156,15.6,Integrated,0,0,0,0,Windows 11 Home
HP,HP 15s,72990.0,Mid-Range (40K-75K),Intel,Core i5 13th Gen 1335U,Core i5,3,8,DDR4,512,SSD,0.0156,15.6,Integrated,0,0,0,0,Windows 11 Home
HP,HP 15s,72990.0,Mid-Range (40K-75K),Intel,Core i5 12th Gen,Core i5,3,8,DDR4,512,SSD,0.0156,15.6,Integrated,0,0,0,0,Windows 11 Home
HP,HP 15s,72990.0,Mid-Range (40K-75K),Intel,Core i5 12th Gen 1240P,Core i5,3,8,DDR4,512,SSD,0.0156,15.6,Integrated,0,0,0,0,Windows 11 Home
HP,HP 15s,57990.0,Mid-Range (40K-75K),Intel,Core i3 11th Gen 1115G,Core i3,2,8,DDR4,256,SSD,0.0312,15.6,Integrated,0,0,0,0,Windows 11 Home
HP,HP 15s,79126.0,Upper Mid-Range (75K-1.25L),Intel,Core i5 13th Gen 1334U,Core i5,3,16,DDR4,512,SSD,0.0312,15.6,Integrated,0,0,0,0,Windows 11 Home
HP,HP 15s,54990.0,Mid-Range (40K-75K),Intel,Core i3 11th Gen 1125G,Core i3,2,8,DDR4,512,SSD,0.0156,15.6,Integrated,0,0,0,0,Windows 11 Home
HP,HP 15,75690.0,Upper Mid-Range (75K-1.25L),Intel,Core i5 13th Gen 1335U,Core i5,3,16,DDR4,512,SSD,0.0312,15.6,Integrated,0,0,0,0,Windows 11 Home
HP,HP 15s,49999.0,Mid-Range (40K-75K),Intel,Core i3 11th Gen 1115G,Core i3,2,8,DDR4,1024,HDD,0.0078,15.6,Integrated,0,0,0,0,Windows 11 Home
HP,HP 15s,54990.0,Mid-Range (40K-75K),Intel,Core i3 13th Gen 1315U,Core i3,2,8,DDR4,512,SSD,0.0156,15.6,Integrated,0,0,0,0,Windows 11 Home
HP,HP 15s,51266.0,Mid-Range (40K-75K),Intel,Core i3 12th Gen 1215U,Core i3,2,8,DDR4,512,SSD,0.0156,15.6,Integrated,0,0,0,0,Windows 11 Home
HP,HP 15s,57990.0,Mid-Range (40K-75K),Intel,Core i3 11th Gen 1125G,Core i3,2,8,DDR4,256,SSD,0.0312,15.6,Integrated,0,0,0,0,Windows 11 Home
HP,HP 15s,52990.0,Mid-Range (40K-75K),AMD,Ryzen 3,Ryzen 3,2,8,DDR4,256,SSD,0.0312,15.6,Integrated,0,0,0,0,Windows 11 Home
HP,HP 15,82990.0,Upper Mid-Range (75K-1.25L),Intel,Core 5 120U,Core 5 120U,3,24,DDR5,512,SSD,0.0469,15.6,Integrated,0,0,0,0,Windows 11 Home
HP,HP 15,61399.0,Mid-Range (40K-75K),Intel,Core i3 13th Gen 1315U,Core i3,2,16,DDR4,512,SSD,0.0312,15.6,Integrated,0,0,0,0,Windows 11 Home
HP,HP 15s,57980.0,Mid-Range (40K-75K),AMD,Ryzen 5 Hexa Core 5500U,Ryzen 5,3,8,DDR4,512,SSD,0.0156,15.6,Integrated,0,0,0,0,Windows 11 Home
HP,HP Laptop,55683.0,Mid-Range (40K-75K),AMD,Ryzen 3 Quad Core 5300U,Ryzen 3,2,8,DDR4,512,SSD,0.0156,15.5,Integrated,0,0,0,0,Windows 11 Home
HP,HP 15s,52900.0,Mid-Range (40K-75K),AMD,Ryzen 3 Quad Core 5300U,Ryzen 3,2,8,DDR4,512,SSD,0.0156,15.6,Integrated,0,0,0,0,Windows 11 Home
HP,HP 15s,52991.0,Mid-Range (40K-75K),AMD,Ryzen 3,Ryzen 3,2,8,DDR4,512,SSD,0.0156,15.6,Integrated,0,0,0,0,Windows 11 Home
HP,HP 15s,58790.0,Mid-Range (40K-75K),AMD,Ryzen 5 Hexa Core 4500U,Ryzen 5,3,8,DDR4,256,SSD,0.0312,15.6,Integrated,0,0,0,0,Windows 10 Home
HP,HP 15s,53892.0,Mid-Range (40K-75K),AMD,Ryzen 3,Ryzen 3,2,8,DDR4,1024,HDD,0.0078,15.6,Integrated,0,0,0,0,Windows 10 Home
HP,HP 15s,85890.0,Upper Mid-Range (75K-1.25L),AMD,Ryzen 7 Quad Core 3700U,Ryzen 7,2,8,DDR4,512,SSD,0.0156,15.6,Integrated,0,0,0,0,Windows 10 Home
HP,HP 15 with MSO'2024,51980.0,Mid-Range (40K-75K),AMD,Ryzen 3 Quad Core 7320U,Ryzen 3,2,8,DDR4,512,SSD,0.0156,15.6,Integrated,0,0,0,0,Windows 11 Home
HP,HP 240,95500.0,Upper Mid-Range (75K-1.25L),Intel,Core i7 13th Gen 1335U,Core i7,4,8,DDR5,512,HDD,0.0156,14.0,Integrated,0,0,0,0,Windows 11 Home
HP,HP 240 G9,67980.0,Mid-Range (40K-75K),Intel,Core i5 12th Gen 1235U,Core i5,3,8,DDR4,512,SSD,0.0156,14.0,Integrated,0,0,0,0,Windows 11 Pro
HP,HP 240 G8,57938.0,Mid-Range (40K-75K),Intel,Core i3 11th Gen 1115G,Core i3,2,8,DDR4,512,SSD,0.0156,14.0,Integrated,0,0,0,0,Windows 11 Home
HP,HP 240R G9,78494.0,Upper Mid-Range (75K-1.25L),Intel,Core 5 14th Gen 120U,Core 5 14th Gen 120U,3,8,DDR4,512,SSD,0.0156,14.0,Integrated,0,0,0,0,Windows 11 Pro
HP,HP 250R G9,59899.0,Mid-Range (40K-75K),Intel,Core i3 13th Gen 1315U,Core i3,2,16,DDR4,512,SSD,0.0312,15.6,Integrated,0,0,0,0,Windows 11 Pro
HP,HP G9,59894.0,Mid-Range (40K-75K),Intel,Core i3 13th Gen 1315U,Core i3,2,16,DDR4,512,SSD,0.0312,15.6,Integrated,0,0,0,0,Windows 11 Pro
HP,HP 15 G9,51990.0,Mid-Range (40K-75K),AMD,Ryzen 3,Ryzen 3,2,8,DDR4,512,SSD,0.0156,15.6,Integrated,0,0,0,0,Windows 11 Home
HP,HP 15 G10,51990.0,Mid-Range (40K-75K),AMD,Ryzen 3 Quad Core 7320U,Ryzen 3,2,8,DDR4,512,SSD,0.0156,15.6,Integrated,0,0,0,0,Windows 11 Home
HP,HP 240R G9,95990.0,Upper Mid-Range (75K-1.25L),Intel,Core i5 13th Gen 1334U,Core i5,3,32,DDR4,512,SSD,0.0625,14.0,Integrated,0,0,0,0,Windows 11 Home
HP,HP 250 G9,67239.0,Mid-Range (40K-75K),Intel,Core i5 12th Gen 1235U,Core i5,3,16,DDR4,512,SSD,0.0312,15.6,Integrated,0,0,0,0,Windows 11 Home
HP,HP 250 G8,55735.0,Mid-Range (40K-75K),Intel,Core i3 11th Gen,Core i3,2,8,DDR4,512,SSD,0.0156,15.6,Integrated,0,0,0,0,Windows 11 Home
HP,HP 250 G9,52991.0,Mid-Range (40K-75K),Intel,Celeron Dual Core 12th,Celeron Dual Core 12th,1,8,DDR4,256,SSD,0.0312,15.6,Integrated,0,0,0,0,DOS
HP,HP 250 G9,50990.0,Mid-Range (40K-75K),Intel,Celeron Dual Core N4500,Celeron Dual Core N4500,1,8,DDR4,256,SSD,0.0312,15.6,Integrated,0,0,0,0,Windows 11 Home
HP,HP Professional,89990.0,Upper Mid-Range (75K-1.25L),Intel,Core i5 13th Gen 1334U,Core i5,3,8,DDR4,512,SSD,0.0156,15.6,Integrated,0,0,0,0,Windows 11 Pro
HP,HP 255 G9 Silver,55238.0,Mid-Range (40K-75K),AMD,Ryzen 5 Hexa Core 5625U,Ryzen 5,3,8,DDR4,512,SSD,0.0156,15.6,Integrated,0,0,0,0,Windows 11 Home
Lenovo,Lenovo IdeaPad Slim 3,58990.0,Mid-Range (40K-75K),Intel,Core i3 11th Gen 1115G,Core i3,2,8,DDR4,512,SSD,0.0156,14.0,Integrated,0,0,0,0,Windows 11 Home
Lenovo,Lenovo,37990.0,Budget (<40K),Intel,Core i3 11th Gen 1115G,Core i3,2,8,DDR4,512,SSD,0.0156,15.6,Integrated,0,0,0,0,Windows 11 Home
HP,HP Omnibook 5 2K OLED,79900.0,Upper Mid-Range (75K-1.25L),Qualcomm,Snapdragon X -,Snapdragon X,4,16,LPDDR5X,1024,SSD,0.0156,16.0,Integrated,0,0,0,1,Windows 11 Home
HP,HP HyperX Omen 16,227990.0,Premium / Flagship (>1.25L),AMD,Ryzen 7 Octa Core 8745HX,Ryzen 7,4,16,DDR5,1024,SSD,0.0156,16.0,Integrated,1,0,0,0,Windows 11 Home
HP,HP OMEN,277278.0,Premium / Flagship (>1.25L),Intel,Core i9 13th Gen 13900HX,Core i9,5,32,DDR5,1024,SSD,0.0312,16.0,Integrated,1,0,0,0,Windows 11 Home
HP,HP OMEN,153625.0,Premium / Flagship (>1.25L),Intel,Core i5 13th Gen 13500HX,Core i5,3,16,DDR5,512,SSD,0.0312,16.1,Integrated,1,0,0,0,Windows 11 Home
HP,HP OMEN Slim,184899.0,Premium / Flagship (>1.25L),Intel,Core Ultra 7 255H,Core Ultra 7,5,24,DDR5,1024,SSD,0.0234,16.0,Integrated,1,0,0,0,Windows 11 Home
HP,HP OMEN,189599.0,Premium / Flagship (>1.25L),Intel,Core i7 14th Gen 14700HX,Core i7,4,16,DDR5,1024,SSD,0.0156,16.1,Integrated,1,0,0,0,Windows 11 Home
HP,HP OMEN,176108.0,Premium / Flagship (>1.25L),Intel,Core i7 13th Gen 13700HX,Core i7,4,16,DDR5,512,SSD,0.0312,16.1,Integrated,1,0,0,0,Windows 11 Home
HP,HP OMEN,181599.0,Premium / Flagship (>1.25L),Intel,Core i7 12th Gen 12700H,Core i7,4,16,DDR5,1024,SSD,0.0156,16.1,Integrated,1,0,0,0,Windows 11 Home
HP,HP OmniBook 7,85299.0,Upper Mid-Range (75K-1.25L),Intel,Core 5 210H,Core 5 210H,3,16,LPDDR5,512,SSD,0.0312,14.0,Integrated,0,0,0,0,Windows 11 Home
HP,HP Omnibook 3 with Backlit Keyboard,97900.0,Upper Mid-Range (75K-1.25L),AMD,Ryzen AI 5 Quad Core -,Ryzen AI,3,24,DDR5,1024,SSD,0.0234,15.6,Integrated,0,0,0,0,Windows 11 Home
HP,HP Pavilion MSO 2021,85652.0,Upper Mid-Range (75K-1.25L),AMD,Ryzen 5 Hexa Core 8540U,Ryzen 5,3,16,LPDDR5,512,SSD,0.0312,16.0,Integrated,0,0,0,0,Windows 11 Home
HP,"HP OmniBook 5 Flip with Touchscreen, Backlit Keyboard & MSO'2024,",105000.0,Upper Mid-Range (75K-1.25L),Intel,Core i5 13th Gen 1334U,Core i5,3,16,LPDDR5,512,SSD,0.0312,14.0,Integrated,0,0,1,0,Windows 11 Home
HP,HP 255 G10 Backlit + FingerPrint,68806.0,Mid-Range (40K-75K),AMD,Ryzen 5 Quad Core 7520U,Ryzen 5,3,16,LPDDR5,512,SSD,0.0312,15.6,Integrated,0,0,0,0,Windows 11 Home
HP,HP 15 G9,68002.0,Mid-Range (40K-75K),AMD,Ryzen 5 Hexa Core 5625U,Ryzen 5,3,16,DDR4,512,SSD,0.0312,15.6,Integrated,0,0,0,0,Windows 11 Pro
HP,HP HP Smartchoice OmniBook 5,117856.0,Upper Mid-Range (75K-1.25L),AMD,Ryzen 7 Processor,Ryzen 7,4,16,DDR5,512,SSD,0.0312,16.0,Integrated,0,0,0,0,Windows 11 Home
HP,HP Pavilion Plus,82320.0,Upper Mid-Range (75K-1.25L),Intel,Core i5 13th Gen 1335U,Core i5,3,16,LPDDR5X,512,SSD,0.0312,14.0,Integrated,0,0,0,0,Windows 11 Home
HP,HP OmniBook X AI PC,153945.0,Premium / Flagship (>1.25L),Qualcomm,Snapdragon X Elite -,Snapdragon X,4,16,LPDDR5X,1024,SSD,0.0156,14.0,Integrated,0,0,0,0,Windows 11 Home
HP,HP 15 with Backlit Keyboard & Office 2024,83432.0,Upper Mid-Range (75K-1.25L),AMD,Ryzen 7 Octa Core 5825U,Ryzen 7,3,16,DDR4,512,SSD,0.0312,15.6,Integrated,0,0,0,0,Windows 11 Home
HP,HP MSO 2024,68440.0,Mid-Range (40K-75K),AMD,Ryzen 5 Hexa Core 7430U,Ryzen 5,3,16,DDR4,512,SSD,0.0312,15.6,Integrated,0,0,0,0,Windows 11 Home
HP,HP Omnibook 5 2K OLED,94500.0,Upper Mid-Range (75K-1.25L),Qualcomm,Snapdragon X -,Snapdragon X,4,16,LPDDR5X,1024,SSD,0.0156,14.0,Integrated,0,0,0,1,Windows 11 Home
HP,HP OmniBook,131463.0,Premium / Flagship (>1.25L),Qualcomm,Snapdragon X Plus -,Snapdragon X,4,16,LPDDR5X,512,SSD,0.0312,14.0,Integrated,0,0,0,0,Windows 11 Home
HP,"HP OmniBook 5 Backlit Keyboard & MSO'2024,",97563.0,Upper Mid-Range (75K-1.25L),Intel,Core i5 13th Gen 1334U,Core i5,3,16,LPDDR5X,512,SSD,0.0312,16.0,Integrated,0,0,0,0,Windows 11
HP,HP Pavilion,77016.0,Upper Mid-Range (75K-1.25L),Intel,Core i5 12th Gen 1235U,Core i5,3,8,DDR4,512,SSD,0.0156,14.0,Integrated,0,0,0,0,Windows 11 Home
HP,HP Pavilion Plus AI PC,89538.0,Upper Mid-Range (75K-1.25L),Intel,Core Ultra 5 125H,Core Ultra 5,4,16,LPDDR5X,512,SSD,0.0312,14.0,Integrated,0,0,0,0,Windows 11 Home
HP,HP Pavilion,72890.0,Mid-Range (40K-75K),Intel,Core i5 12th Gen 1235U,Core i5,3,16,DDR4,512,SSD,0.0312,14.0,Integrated,0,0,0,0,Windows 11 Home
HP,HP Pavilion 14 Touchscreen,95399.0,Upper Mid-Range (75K-1.25L),Intel,Core i5 12th Gen 1235U,Core i5,3,16,DDR4,512,SSD,0.0312,14.0,Integrated,0,0,1,0,Windows 11 Home
HP,HP Pavilion Plus Creator OLED Eyesafe H,86722.0,Upper Mid-Range (75K-1.25L),Intel,Core i5 12th Gen 12500H,Core i5,3,16,DDR4,512,SSD,0.0312,14.0,Integrated,0,0,0,1,Windows 11
HP,HP Pavilion x360,103420.0,Upper Mid-Range (75K-1.25L),Intel,Core i5 13th Gen 1335U,Core i5,3,16,DDR4,1024,SSD,0.0156,14.0,Integrated,0,0,1,0,Windows 11 Home
HP,HP Pavilion,76990.0,Upper Mid-Range (75K-1.25L),Intel,Core i3 11th Gen 1125G,Core i3,2,8,DDR4,512,SSD,0.0156,14.0,Integrated,0,0,0,0,Windows 11 Home
HP,HP 14s,52990.0,Mid-Range (40K-75K),AMD,Ryzen 3 Quad Core 4300U,Ryzen 3,2,8,DDR4,512,SSD,0.0156,14.0,Integrated,0,0,0,0,Windows 10 Home
HP,HP Pavilion,65990.0,Mid-Range (40K-75K),AMD,Ryzen 5,Ryzen 5,3,8,DDR4,512,SSD,0.0156,15.6,Integrated,0,0,0,0,Windows 11 Home
HP,HP Pavilion,73706.0,Mid-Range (40K-75K),AMD,Ryzen 5 Hexa Core 5625U,Ryzen 5,3,16,DDR4,512,SSD,0.0312,15.6,Integrated,0,0,0,0,Windows 11 Home
HP,HP Pavilion,69441.0,Mid-Range (40K-75K),Intel,Core i5 12th Gen 1240P,Core i5,3,8,DDR4,512,SSD,0.0156,15.6,Integrated,0,0,0,0,Windows 11 Home
HP,HP Pavilion,85990.0,Upper Mid-Range (75K-1.25L),AMD,Ryzen 5 Hexa Core 5500U,Ryzen 5,3,8,DDR4,512,SSD,0.0156,15.6,Integrated,0,0,0,0,Windows 11 Home
HP,HP Pavilion 15,68212.0,Mid-Range (40K-75K),Intel,Core i3 12th Gen 1215U,Core i3,2,8,DDR4,512,SSD,0.0156,15.6,Integrated,0,0,0,0,Windows 11 Home
HP,HP Pavilion,111111.0,Upper Mid-Range (75K-1.25L),Intel,Core i7 13th Gen 1360P,Core i7,4,16,DDR4,1024,SSD,0.0156,15.6,Integrated,0,0,0,0,Windows 11 Home
HP,HP Pavilion,80803.0,Upper Mid-Range (75K-1.25L),Intel,Core i5 12th Gen 1240P,Core i5,3,16,DDR4,512,SSD,0.0312,15.6,Integrated,0,0,0,0,Windows 11 Home
HP,HP Pavilion,104068.0,Upper Mid-Range (75K-1.25L),Intel,Core i7 13th Gen 1360P,Core i7,4,16,DDR4,512,SSD,0.0312,15.6,Integrated,0,0,0,0,Windows 11 Home
HP,HP Pavilion,80100.0,Upper Mid-Range (75K-1.25L),Intel,Core i5 13th Gen 1340p,Core i5,3,16,DDR4,512,SSD,0.0312,15.6,Integrated,0,0,0,0,Windows 11 Home
HP,HP Professional 240 G10,79990.0,Upper Mid-Range (75K-1.25L),Intel,Core i5 13th Gen 1334U,Core i5,3,8,DDR4,512,SSD,0.0156,14.0,Integrated,0,0,0,0,Windows 11 Pro
HP,HP Victus,113776.0,Upper Mid-Range (75K-1.25L),Intel,Core i7 12th Gen 12650H,Core i7,4,16,DDR4,512,SSD,0.0312,15.6,Integrated,1,0,0,0,Windows 11 Home
HP,HP Victus,116463.0,Upper Mid-Range (75K-1.25L),Intel,Core i5 13th Gen 13500H,Core i5,3,16,DDR4,512,SSD,0.0312,15.6,Integrated,1,0,0,0,Windows 11 Home
HP,HP Victus,149990.0,Premium / Flagship (>1.25L),Intel,Core i7 13th Gen 13620H,Core i7,4,24,DDR5,1024,SSD,0.0234,15.6,Integrated,1,0,0,0,Windows 11 Home
HP,HP Victus,114999.0,Upper Mid-Range (75K-1.25L),AMD,Ryzen 7 7445HS,Ryzen 7,4,16,DDR5,512,SSD,0.0312,15.6,Discrete,1,0,0,0,Windows 11 Home
HP,HP Victus,114990.0,Upper Mid-Range (75K-1.25L),Intel,Core 5 13th Gen,Core 5 13th Gen,3,16,DDR4,512,SSD,0.0312,15.6,Integrated,1,0,0,0,Windows 11 Home
HP,HP Victus,81160.0,Upper Mid-Range (75K-1.25L),Intel,Core 5 120U,Core 5 120U,3,16,DDR4,512,SSD,0.0312,15.6,Integrated,1,0,0,0,Windows 11 Home
HP,HP 250 G10 Backlit Professional,82067.0,Upper Mid-Range (75K-1.25L),Intel,Core i5 13th Gen 1334U,Core i5,3,16,DDR4,512,SSD,0.0312,15.6,Integrated,0,0,0,0,Windows 11 Home
HP,HP Victus,104990.0,Upper Mid-Range (75K-1.25L),AMD,Ryzen 7 Hexa Core 7445H,Ryzen 7,4,16,DDR5,512,SSD,0.0312,15.6,Integrated,1,0,0,0,Windows 11 Home
HP,HP 15 {2026},75499.0,Upper Mid-Range (75K-1.25L),Intel,Core i5 14th Gen 120U,Core i5,3,8,DDR4,512,SSD,0.0156,15.6,Integrated,0,0,0,0,Windows 11 Home
HP,HP Envy,118032.0,Upper Mid-Range (75K-1.25L),Intel,Core i5 12th Gen 1235U,Core i5,3,16,DDR4,512,SSD,0.0312,15.6,Integrated,0,0,0,0,Windows 11 Home
Infinix,Infinix ZEROBOOK 13,149900.0,Premium / Flagship (>1.25L),Intel,Core i9 13th Gen 13900H,Core i9,5,32,LPDDR5X,1024,SSD,0.0312,15.6,Integrated,0,0,0,0,Windows 11 Home
Infinix,Infinix ZEROBOOK 13,99990.0,Upper Mid-Range (75K-1.25L),Intel,Core i7 13th Gen 13700H,Core i7,4,16,LPDDR5X,512,SSD,0.0312,15.3,Integrated,0,0,0,0,Windows 11 Home
Zebronics,ZEBRONICS Thin and Light Laptop,78999.0,Upper Mid-Range (75K-1.25L),Intel,Core i7 12th Gen 1255U,Core i7,4,16,DDR4,512,SSD,0.0312,15.6,Integrated,0,0,0,0,Windows 11 Home
Lenovo,Lenovo V15,49390.0,Mid-Range (40K-75K),Intel,Core i3 12th Gen 1215U,Core i3,2,8,DDR4,512,SSD,0.0156,15.6,Integrated,0,0,0,0,Windows 11 Home
Lenovo,Lenovo IdeaPad Slim 3,74900.0,Mid-Range (40K-75K),Intel,Core i5 12th Gen 12450H,Core i5,3,16,LPDDR5,512,SSD,0.0312,15.6,Integrated,0,0,0,0,Windows 11 Home
Zebronics,ZEBRONICS Pro Series Z,78999.0,Upper Mid-Range (75K-1.25L),Intel,Core i7 12th Gen 1255U,Core i7,4,16,DDR4,512,SSD,0.0312,15.6,Integrated,0,0,0,0,Windows 11 Home
Infinix,Infinix Zero Book Ultra AI PC,99990.0,Upper Mid-Range (75K-1.25L),Intel,Core Ultra 7 155H,Core Ultra 7,5,16,LPDDR5X,512,SSD,0.0312,15.6,Integrated,0,0,0,0,Windows 11 Home
MSI,MSI Modern 14,55990.0,Mid-Range (40K-75K),Intel,Core i3 10th Gen 10110U,Core i3,2,8,DDR4,512,SSD,0.0156,14.0,Integrated,0,0,0,0,Windows 10 Home
Infinix,Infinix Y4 Max Series,59990.0,Mid-Range (40K-75K),Intel,Core i3 13th Gen 1315U,Core i3,2,16,LPDDR4X,512,SSD,0.0312,16.0,Integrated,0,0,0,0,Windows 11 Home
Lenovo,Lenovo IdeaPad Slim 3 with 1Yr ADP,70990.0,Mid-Range (40K-75K),Intel,Core i5 12th Gen 12450H,Core i5,3,16,DDR4,512,SSD,0.0312,15.6,Integrated,0,0,0,0,Windows 11 Home
Lenovo,Lenovo V14,61900.0,Mid-Range (40K-75K),Intel,Core i5 12th Gen 1235U,Core i5,3,8,DDR4,512,SSD,0.0156,14.0,Integrated,0,0,0,0,Windows 11 Home
Infinix,Infinix X1 Slim Series,64999.0,Mid-Range (40K-75K),Intel,Core i5 10th Gen 1035G,Core i5,3,16,LPDDR4X,512,SSD,0.0312,14.0,Integrated,0,0,0,0,Windows 11 Home
Infinix,Infinix Inbook Y2 Plus,69990.0,Mid-Range (40K-75K),Intel,Core i7 11th Gen 1195G,Core i7,4,16,LPDDR4X,512,SSD,0.0312,15.6,Integrated,0,0,0,0,Windows 11 Home
Lenovo,Lenovo IdeaPad 3,55990.0,Mid-Range (40K-75K),Intel,Core i3 12th Gen 1215U,Core i3,2,8,DDR4,512,SSD,0.0156,15.6,Integrated,0,0,0,0,Windows 11 Home
Infinix,Infinix X1 Slim Series,59999.0,Mid-Range (40K-75K),Intel,Core i5 10th Gen 1035G,Core i5,3,8,LPDDR4X,512,SSD,0.0156,14.0,Integrated,0,0,0,0,Windows 11 Home
Infinix,Infinix,89990.0,Upper Mid-Range (75K-1.25L),Intel,Core i7 11th Gen 1195G,Core i7,4,16,LPDDR4X,1024,SSD,0.0156,15.6,Integrated,0,0,0,0,Windows 11 Home
MSI,MSI Modern 14,65499.0,Mid-Range (40K-75K),Intel,Core i5 12th Gen 1235U,Core i5,3,16,DDR4,512,SSD,0.0312,14.0,Integrated,0,0,0,0,Windows 11 Home
ASUS,ASUS X1504ZA,55990.0,Mid-Range (40K-75K),Intel,Core i3 12th Gen 1215U,Core i3,2,8,DDR4,512,SSD,0.0156,15.6,Integrated,0,0,0,0,Windows 11 Home
MSI,MSI Modern 15,77274.0,Upper Mid-Range (75K-1.25L),Intel,Core i5 12th Gen 1235U,Core i5,3,16,DDR4,512,SSD,0.0312,15.6,Integrated,0,0,0,0,Windows 11 Home
Lenovo,Lenovo Ideapad,73938.0,Mid-Range (40K-75K),Intel,Core i5 12th Gen 12450H,Core i5,3,16,LPDDR5,512,SSD,0.0312,15.6,Integrated,0,0,0,0,Windows 11 Home
ASUS,"ASUS Vivobook 15, with Backlit Keyboard,",68990.0,Mid-Range (40K-75K),Intel,Core i3 12th Gen 1215U,Core i3,2,16,DDR4,512,SSD,0.0312,15.6,Integrated,0,0,0,0,Windows 11 Home
Lenovo,Lenovo V SERIES,64591.0,Mid-Range (40K-75K),Intel,Core i5 12th Gen 1235U,Core i5,3,8,DDR4,512,SSD,0.0156,14.0,Integrated,0,0,0,0,Windows 11 Home
Lenovo,Lenovo V 14,63995.0,Mid-Range (40K-75K),Intel,Core i5 12th Gen 1235U,Core i5,3,8,DDR4,512,SSD,0.0156,14.0,Integrated,0,0,0,0,Windows 11 Pro
Lenovo,Lenovo IdeaPad Slim 3,67990.0,Mid-Range (40K-75K),Intel,Core i5 12th Gen 12450H,Core i5,3,8,LPDDR5,512,SSD,0.0156,15.6,Integrated,0,0,0,0,Windows 11 Home
Lenovo,Lenovo IdeaPad Slim 3 with 1Yr ADP,66090.0,Mid-Range (40K-75K),Intel,Core i5 12th Gen 12450H,Core i5,3,8,LPDDR5,512,SSD,0.0156,14.0,Integrated,0,0,0,0,Windows 11 Home
ASUS,ASUS ExpertBook B15,62284.0,Mid-Range (40K-75K),Intel,Core i3 12th Gen 1215U,Core i3,2,8,DDR4,512,SSD,0.0156,15.6,Integrated,0,0,0,0,Windows 11 Home
Lenovo,Lenovo,78990.0,Upper Mid-Range (75K-1.25L),Intel,Core i5 12th Gen,Core i5,3,16,LPDDR5,512,SSD,0.0312,15.6,Integrated,0,0,0,0,Windows 11 Home
Lenovo,Lenovo IdeaPad Slim 5,58491.0,Mid-Range (40K-75K),Intel,Core i5 12th Gen 1235U,Core i5,3,16,DDR4,512,SSD,0.0312,15.6,Integrated,0,0,0,0,Windows 11 Home
Acer,Acer ALG,93248.0,Upper Mid-Range (75K-1.25L),Intel,Core i5 12th Gen 12450H,Core i5,3,16,DDR4,512,SSD,0.0312,15.6,Integrated,0,0,0,0,Windows 11 Home
Lenovo,Lenovo ThinkBook 15,87995.0,Upper Mid-Range (75K-1.25L),Intel,Core i7 12th Gen 1255U,Core i7,4,16,DDR4,512,SSD,0.0312,15.6,Integrated,0,0,0,0,Windows 11 Home
Lenovo,Lenovo V 14,69900.0,Mid-Range (40K-75K),Intel,Core i5 12th Gen 1235U,Core i5,3,16,DDR4,512,SSD,0.0312,14.0,Integrated,0,0,0,0,Windows 11 Pro
ASUS,ASUS,68498.0,Mid-Range (40K-75K),Intel,Core i5 12th Gen,Core i5,3,16,DDR4,512,SSD,0.0312,15.6,Integrated,0,0,0,0,Windows 11 Home
Lenovo,Lenovo,81599.0,Upper Mid-Range (75K-1.25L),Intel,Core i5 12th Gen 12450H,Core i5,3,16,LPDDR5,1024,SSD,0.0156,14.0,Integrated,0,0,0,0,Windows 11 Home
Zebronics,ZEBRONICS Pro Series Z,60999.0,Mid-Range (40K-75K),Intel,Core i5 12th Gen 1235U,Core i5,3,8,DDR4,512,SSD,0.0156,15.6,Integrated,0,0,0,0,Windows 11 Home
Dell,DELL Inspiron,78799.0,Upper Mid-Range (75K-1.25L),Intel,Core i5 13th Gen 1334U,Core i5,3,8,DDR5,512,SSD,0.0156,14.0,Integrated,0,0,0,0,Windows 11 Home
MSI,MSI Modern 14,67990.0,Mid-Range (40K-75K),Intel,Core i5 11th Gen 1155G,Core i5,3,8,DDR4,512,SSD,0.0156,14.0,Integrated,0,0,0,0,Windows 10 Home
Lenovo,Lenovo IdeaPad 3,54890.0,Mid-Range (40K-75K),Intel,Core i5 11th Gen 1135G,Core i5,3,8,DDR4,512,SSD,0.0156,15.6,Integrated,0,0,0,0,Windows 11 Home
Lenovo,Lenovo IdeaPad Slim 5,76990.0,Upper Mid-Range (75K-1.25L),Intel,Core i5 11th Gen 1135G,Core i5,3,16,DDR4,512,SSD,0.0312,15.6,Integrated,0,0,0,0,Windows 11 Home
HP,HP 14,72890.0,Mid-Range (40K-75K),Intel,Core i5 10th Gen 10210U,Core i5,3,8,DDR4,512,SSD,0.0156,14.0,Integrated,0,0,0,0,Windows 10 Home
Lenovo,Lenovo Ideapad Slim 3i,51890.0,Mid-Range (40K-75K),Intel,Core i5 11th Gen,Core i5,3,8,DDR4,512,SSD,0.0156,15.6,Integrated,0,0,0,0,Windows 10 Home
MSI,MSI Prestige 14,95990.0,Upper Mid-Range (75K-1.25L),Intel,Core i5 11th Gen 1135G,Core i5,3,16,LPDDR4X,512,SSD,0.0312,14.0,Integrated,0,0,0,0,Windows 10 Home
Lenovo,Lenovo IdeaPad Slim 3,52999.0,Mid-Range (40K-75K),Intel,Core i5 11th Gen 1135G,Core i5,3,16,DDR4,512,SSD,0.0312,15.6,Integrated,0,0,0,0,Windows 11 Home
Lenovo,Lenovo,79990.0,Upper Mid-Range (75K-1.25L),Intel,Core i5 13th Gen 13420H,Core i5,3,16,DDR5,512,SSD,0.0312,15.3,Integrated,0,0,0,0,Windows 11 Home
Microsoft,MICROSOFT Surface Laptop 5,107999.0,Upper Mid-Range (75K-1.25L),Intel,Core i5 12th Gen 1235U,Core i5,3,8,LPDDR5,256,SSD,0.0312,13.5,Integrated,0,0,0,0,Windows 11 Home
Lenovo,Lenovo IdeaPad Slim 5 WUXGA OLED Full metal with 1Yr ADP,99790.0,Upper Mid-Range (75K-1.25L),Intel,Core i7 13th Gen 13620H,Core i7,4,16,DDR5,512,SSD,0.0312,14.0,Integrated,0,0,0,1,Windows 11 Home
Dell,DELL Inspiron 15 Microsoft Office Home 2024,91070.0,Upper Mid-Range (75K-1.25L),Intel,Core i7 13th Gen 1355U,Core i7,4,16,DDR4,512,SSD,0.0312,15.6,Integrated,0,0,0,0,Windows 11
Lenovo,Lenovo,146201.0,Premium / Flagship (>1.25L),Intel,Core i7 13th Gen 13645HX,Core i7,4,16,DDR5,512,SSD,0.0312,15.6,Integrated,0,0,0,0,Windows 11 Home
Samsung,Samsung Galaxy Book4 Metal,82990.0,Upper Mid-Range (75K-1.25L),Intel,Core i7 13th Gen 1355U,Core i7,4,16,LPDDR4X,512,SSD,0.0312,15.6,Integrated,0,0,0,0,Windows 11 Home
Lenovo,Lenovo IdeaPad Slim 3,89900.0,Upper Mid-Range (75K-1.25L),Intel,Core i7 13th Gen 13620H,Core i7,4,16,LPDDR5,512,SSD,0.0312,15.6,Integrated,0,0,0,0,Windows 11 Home
Lenovo,Lenovo Yoga 7 OLED,121205.0,Upper Mid-Range (75K-1.25L),Intel,Core i7 13th Gen 1360P,Core i7,4,16,LPDDR5,512,SSD,0.0312,14.2,Integrated,0,0,1,1,Windows 11 Home
MSI,MSI Pulse 15,190990.0,Premium / Flagship (>1.25L),Intel,Core i7 13th Gen 13700H,Core i7,4,16,DDR5,1024,SSD,0.0156,15.6,Integrated,0,0,0,0,Windows 11 Home
Lenovo,Lenovo IdeaPad 5 2,139990.0,Premium / Flagship (>1.25L),Intel,Core i7 13th Gen 13620H,Core i7,4,16,LPDDR5X,512,SSD,0.0312,14.0,Integrated,0,0,0,0,Windows 11 Home
MSI,MSI Summit E14FlipEvo,162990.0,Premium / Flagship (>1.25L),Intel,Core i7 13th Gen 1360P,Core i7,4,16,LPDDR5,1024,SSD,0.0156,14.0,Integrated,0,0,1,0,Windows 11 Home
Lenovo,Lenovo,87990.0,Upper Mid-Range (75K-1.25L),Intel,Core i7 13th Gen,Core i7,4,16,LPDDR5,512,SSD,0.0312,15.6,Integrated,0,0,0,0,Windows 11 Home
Lenovo,Lenovo Yoga 7 WUXGA,162290.0,Premium / Flagship (>1.25L),Intel,Core i7 13th Gen 1360P,Core i7,4,16,LPDDR5,1024,SSD,0.0156,14.0,Integrated,0,0,1,0,Windows 11 Home
Lenovo,Lenovo LOQ,148000.0,Premium / Flagship (>1.25L),Intel,Core i7 13th Gen 13620H,Core i7,4,16,DDR5,512,SSD,0.0312,15.6,Integrated,1,0,0,0,Windows 11 Home
Acer,Acer Aspire 3D 15 SpatialLabs Edition,206999.0,Premium / Flagship (>1.25L),Intel,Core i7 13th Gen 13620H,Core i7,4,16,DDR5,1024,SSD,0.0156,15.6,Integrated,0,0,0,0,Windows 11 Home
Lenovo,Lenovo Yoga 7 OLED AI PC,110990.0,Upper Mid-Range (75K-1.25L),Intel,Core Ultra 5 125H,Core Ultra 5,4,16,LPDDR5X,1024,SSD,0.0156,14.0,Integrated,0,0,1,1,Windows 11 Home
MSI,MSI Commercial 14 H Pro,92990.0,Upper Mid-Range (75K-1.25L),Intel,Core i7 13th Gen 13700H,Core i7,4,32,DDR4,1024,SSD,0.0312,14.0,Integrated,0,0,0,0,Windows 11 Pro
MSI,MSI Vector GP78HX,409990.0,Premium / Flagship (>1.25L),Intel,Core i9 13th Gen 13980HX,Core i9,5,32,DDR5,2048,SSD,0.0156,17.0,Integrated,0,0,0,0,Windows 11 Home
MSI,MSI Vector GP68HX,335990.0,Premium / Flagship (>1.25L),Intel,Core i9 13th Gen 13980HX,Core i9,5,32,DDR5,1024,SSD,0.0312,16.0,Integrated,0,0,0,0,Windows 11 Home
ASUS,ASUS,89650.0,Upper Mid-Range (75K-1.25L),Intel,Core i7 13th Gen,Core i7,4,16,DDR4,512,SSD,0.0312,16.0,Integrated,0,0,0,0,Windows 11 Home
Lenovo,Lenovo Legion 5 WQXGA OLED,243490.0,Premium / Flagship (>1.25L),Intel,Core Ultra 9 275HX,Core Ultra 9,5,32,DDR5,1024,SSD,0.0312,15.1,Integrated,1,0,0,1,Windows 11 Home
ASUS,ASUS ROG Strix G16,209000.0,Premium / Flagship (>1.25L),Intel,Core i9 14th Gen 14900HX,Core i9,5,16,DDR5,1024,SSD,0.0156,16.0,Integrated,1,0,0,0,Windows 11 Home
MSI,MSI Prestige 13 Evo,139990.0,Premium / Flagship (>1.25L),Intel,Core i7 13th Gen 1360P,Core i7,4,16,LPDDR5,1024,SSD,0.0156,13.3,Integrated,0,0,0,0,Windows 11 Home
MSI,MSI Creator Z16,257990.0,Premium / Flagship (>1.25L),Intel,Core i9 11th Gen 11900H,Core i9,5,16,DDR4,1024,SSD,0.0156,16.0,Integrated,0,0,0,0,Windows 10 Home
Lenovo,Lenovo Yoga Slim 7 with 1Yr ADP,174890.0,Premium / Flagship (>1.25L),Intel,Core i7 13th Gen 1360P,Core i7,4,16,LPDDR5,1024,SSD,0.0156,13.3,Integrated,0,0,1,0,Windows 11 Home
Dell,DELL 15 AI Powered,107990.0,Upper Mid-Range (75K-1.25L),Intel,Core Ultra 7 225H,Core Ultra 7,5,16,DDR5,512,SSD,0.0312,15.6,Integrated,0,0,0,0,Windows 11 Home
Dell,DELL XPS,248918.0,Premium / Flagship (>1.25L),Intel,Core Ultra 7 155H,Core Ultra 7,5,16,LPDDR5,1024,SSD,0.0156,14.5,Integrated,0,0,0,0,Windows 11 Home
Lenovo,Lenovo Yoga Slim 7 WUXGA OLED AI PC with 1Yr ADP,146890.0,Premium / Flagship (>1.25L),Intel,Core Ultra 7 155H,Core Ultra 7,5,32,LPDDR5X,1024,SSD,0.0312,14.0,Integrated,0,0,1,1,Windows 11
Dell,DELL XPS,385830.0,Premium / Flagship (>1.25L),Intel,Core Ultra 7 155H,Core Ultra 7,5,32,LPDDR5,1024,SSD,0.0312,16.3,Integrated,0,0,0,0,Windows 11 Home
Lenovo,Lenovo Legion 5 WQXGA OLED,223644.0,Premium / Flagship (>1.25L),Intel,Core Ultra 7 255,Core Ultra 7,5,32,DDR5,1024,SSD,0.0312,15.1,Integrated,1,0,0,1,Windows 11 Home
Samsung,Samsung Galaxy Book4 Pro Evo AI PC,172489.0,Premium / Flagship (>1.25L),Intel,Core Ultra 7 155H,Core Ultra 7,5,16,LPDDR5X,512,SSD,0.0312,16.0,Integrated,0,0,0,0,Windows 11 Home
Lenovo,Lenovo Idea Pad Slim 3,87499.0,Upper Mid-Range (75K-1.25L),Intel,Core i7 13th Gen 13620H,Core i7,4,16,DDR5,512,SSD,0.0312,15.3,Integrated,0,0,0,0,Windows 11 Home
Lenovo,Lenovo IdeaPad 1,27290.0,Budget (<40K),Intel,Celeron Dual Core N4020,Celeron Dual Core N4020,1,4,DDR4,256,SSD,0.0156,11.6,Integrated,0,0,0,0,Windows 11 Home
Lenovo,Lenovo IdeaPad 1,33490.0,Budget (<40K),AMD,Ryzen 3,Ryzen 3,2,8,DDR4,512,SSD,0.0156,15.6,Integrated,0,0,0,0,Windows 11 Home
Lenovo,Lenovo,34939.0,Budget (<40K),Intel,Core i3 10th Gen 10110U,Core i3,2,8,DDR4,1024,HDD,0.0078,15.6,Integrated,0,0,0,0,Windows 11 Home
Lenovo,Lenovo IdeaPad Slim 5 Co,87991.0,Upper Mid-Range (75K-1.25L),Qualcomm,Snapdragon X Plus -,Snapdragon X,4,16,LPDDR5X,1024,SSD,0.0156,14.0,Integrated,0,0,0,0,Windows 11
Lenovo,Lenovo Ideapad 330s,62594.0,Mid-Range (40K-75K),Intel,Core i5 8th Gen 8250U,Core i5,3,4,DDR4,1024,HDD,0.0039,15.6,Integrated,0,0,0,0,Windows 10 Home
Lenovo,Lenovo IdeaPad Slim 5 WUXGA OLED,108990.0,Upper Mid-Range (75K-1.25L),Intel,Core i5 13th Gen 13420H,Core i5,3,16,LPDDR5,1024,SSD,0.0156,14.0,Integrated,0,0,0,1,Windows 11 Home
Lenovo,Lenovo IdeaPad Slim 3,27990.0,Budget (<40K),Intel,Celeron Dual Core N4020,Celeron Dual Core N4020,1,8,DDR4,256,SSD,0.0312,15.6,Integrated,0,0,0,0,Windows 11 Home
Lenovo,Lenovo V 14,74999.0,Mid-Range (40K-75K),Intel,Core i5 13th Gen 13420H,Core i5,3,16,DDR4,512,SSD,0.0312,14.0,Integrated,0,0,0,0,Windows 11 Home
Lenovo,Lenovo IdeaPad 3,37890.0,Budget (<40K),Intel,Core i3 11th Gen,Core i3,2,8,DDR4,512,SSD,0.0156,15.6,Integrated,0,0,0,0,Windows 11 Home
Lenovo,Lenovo IdeaPad 3 Chromebook,22379.0,Budget (<40K),Intel,Celeron Dual Core N4020,Celeron Dual Core N4020,1,4,DDR4,64,eMMC,0.0625,11.6,Integrated,0,0,0,0,Windows 11 Home
Lenovo,Lenovo Ideapad Slim 3 OLED with 1Yr ADP,66990.0,Mid-Range (40K-75K),Qualcomm,Snapdragon X -,Snapdragon X,4,16,LPDDR5X,512,SSD,0.0312,15.1,Integrated,0,0,0,1,Windows 11 Home
Lenovo,Lenovo Chromebook,22590.0,Budget (<40K),Intel,Celeron Dual Core N4020,Celeron Dual Core N4020,1,4,DDR4,64,eMMC,0.0625,11.6,Integrated,0,0,0,0,Windows 11 Home
Lenovo,Lenovo IdeaPad 3,34990.0,Budget (<40K),Intel,Core i3 10th Gen,Core i3,2,4,DDR4,256,SSD,0.0156,15.6,Integrated,0,0,0,0,Windows 10 Home
Lenovo,Lenovo IdeaPad Slim 3,39572.0,Budget (<40K),Intel,Core i3 12th Gen 1215U,Core i3,2,8,DDR4,512,SSD,0.0156,14.0,Integrated,0,0,0,0,Windows 11 Home
Lenovo,Lenovo IdeaPad Slim 3,55990.0,Mid-Range (40K-75K),Intel,Core i3 13th Gen 1315U,Core i3,2,8,LPDDR5,512,SSD,0.0156,15.6,Integrated,0,0,0,0,Windows 11 Home
Lenovo,Lenovo IdeaPad 3,34990.0,Budget (<40K),Intel,Core i3 10th Gen,Core i3,2,8,DDR4,256,SSD,0.0312,14.0,Integrated,0,0,0,0,Windows 10 Home
Lenovo,Lenovo 100e Chromebook Gen 4,33400.0,Budget (<40K),MediaTek,Kompanio 528,Kompanio,1,4,LPDDR4X,64,eMMC,0.0625,11.6,Integrated,0,0,0,0,Windows 11 Home
Lenovo,Lenovo IdeaPad Slim 3,57279.0,Mid-Range (40K-75K),AMD,Ryzen 3 Quad Core 7320U,Ryzen 3,2,8,LPDDR5,512,SSD,0.0156,15.6,Integrated,0,0,0,0,Windows 11 Home
Lenovo,Lenovo Ideapad Slim 3,35997.0,Budget (<40K),Intel,Core i3 10th Gen 1005G,Core i3,2,8,DDR4,512,SSD,0.0156,15.6,Integrated,0,0,0,0,Windows 11 Home
Lenovo,Lenovo IdeaPad Flex 5,57990.0,Mid-Range (40K-75K),Intel,Core i3 12th Gen 1215U,Core i3,2,8,LPDDR4X,512,SSD,0.0156,14.0,Integrated,0,0,0,0,Windows 11 Home
Lenovo,Lenovo,64107.0,Mid-Range (40K-75K),Intel,Core i5 13th Gen 13420H,Core i5,3,8,DDR5,512,SSD,0.0156,14.0,Integrated,0,0,0,0,Windows 11 Home
Lenovo,Lenovo IdeaPad 3,37790.0,Budget (<40K),Intel,Core i3 11th Gen 1115G,Core i3,2,8,DDR4,256,SSD,0.0312,15.6,Integrated,0,0,0,0,DOS
Lenovo,Lenovo IdeaPad 5 2,100000.0,Upper Mid-Range (75K-1.25L),Intel,Core 5 120U,Core 5 120U,3,16,LPDDR5X,512,SSD,0.0312,14.0,Integrated,0,0,0,0,Windows 11
Lenovo,Lenovo IdeaPad Slim 3 WUXGA IPS with 1Yr ADP,79990.0,Upper Mid-Range (75K-1.25L),Intel,Core i5 13th Gen 13420H,Core i5,3,16,DDR5,512,SSD,0.0312,15.3,Integrated,0,0,0,0,Windows 11 Home
Lenovo,Lenovo IdeaPad Slim 3,76990.0,Upper Mid-Range (75K-1.25L),Intel,Core i5 13th Gen 13420H,Core i5,3,16,DDR5,512,SSD,0.0312,14.0,Integrated,0,0,0,0,Windows 11 Home
Lenovo,Lenovo IdeaPad Slim 3,34960.0,Budget (<40K),Intel,Core i3 11th Gen,Core i3,2,8,DDR4,256,SSD,0.0312,15.6,Integrated,0,0,0,0,Windows 11 Home
Lenovo,Lenovo IdeaPad 3,36990.0,Budget (<40K),Intel,Core i3 11th Gen 1115G,Core i3,2,8,DDR4,512,SSD,0.0156,15.6,Integrated,0,0,0,0,Windows 10 Home
Lenovo,Lenovo,58990.0,Mid-Range (40K-75K),Intel,Core i3 11th Gen,Core i3,2,8,DDR4,256,SSD,0.0312,15.6,Integrated,0,0,0,0,Windows 11 Home
Lenovo,Lenovo IdeaPad Slim 3,50134.0,Mid-Range (40K-75K),Intel,Core i5 11th Gen 1155G,Core i5,3,8,DDR4,512,SSD,0.0156,15.6,Integrated,0,0,0,0,Windows 11 Home
Lenovo,Lenovo IdeaPad Slim 3,60890.0,Mid-Range (40K-75K),Intel,Core i3 11th Gen 1115G,Core i3,2,8,DDR4,256,SSD,0.0312,15.6,Integrated,0,0,0,0,Windows 11 Home
Lenovo,Lenovo Ideapad Slim 3i,35690.0,Budget (<40K),Intel,Core i3 10th Gen 1135G,Core i3,2,4,DDR4,256,SSD,0.0156,15.6,Integrated,0,0,0,0,Windows 10 Home
Lenovo,Lenovo IdeaPad Gaming 3,52990.0,Mid-Range (40K-75K),Intel,Core i5 11th Gen 11300H,Core i5,3,8,DDR4,512,SSD,0.0156,15.6,Integrated,1,0,0,0,Windows 11 Home
Lenovo,Lenovo IdeaPad Slim 3,76990.0,Upper Mid-Range (75K-1.25L),Intel,Core i5 13th Gen 13420H,Core i5,3,16,DDR5,512,SSD,0.0312,15.3,Integrated,0,0,0,0,Windows 11 Home
Lenovo,Lenovo IdeaPad Slim 3,73847.0,Mid-Range (40K-75K),Qualcomm,Snapdragon X -,Snapdragon X,4,16,LPDDR5X,512,SSD,0.0312,15.3,Integrated,0,0,0,0,Windows 11 Home
Lenovo,Lenovo IdeaPad Slim 3,59886.0,Mid-Range (40K-75K),Intel,Core i3 13th Gen 1305U,Core i3,2,8,LPDDR5,512,SSD,0.0156,14.0,Integrated,0,0,0,0,Windows 11 Home
Lenovo,Lenovo IdeaPad Slim,59990.0,Mid-Range (40K-75K),Intel,Core i3 13th Gen 1315U,Core i3,2,8,LPDDR5,512,SSD,0.0156,15.6,Integrated,0,0,0,0,Windows 11 Home
Lenovo,Lenovo IdeaPad 3,55190.0,Mid-Range (40K-75K),Intel,Core i3 12th Gen 1215U,Core i3,2,8,DDR4,512,SSD,0.0156,14.0,Integrated,0,0,0,0,Windows 11 Home
Lenovo,Lenovo IdeaPad Slim 3 Backlit Keyboard with MSO'2024,58650.0,Mid-Range (40K-75K),Intel,Core i5 13th Gen 13420H,Core i5,3,24,DDR5,1024,SSD,0.0234,15.3,Integrated,0,0,0,0,Windows 11 Home
Lenovo,Lenovo IdeaPad Gaming 3,89590.0,Upper Mid-Range (75K-1.25L),Intel,Core i5 12th Gen 12450H,Core i5,3,8,DDR4,512,SSD,0.0156,15.6,Integrated,1,0,0,0,Windows 11 Home
Lenovo,Lenovo,129990.0,Premium / Flagship (>1.25L),Intel,Core i5 13th Gen,Core i5,3,24,DDR5,512,SSD,0.0469,15.6,Discrete,1,0,0,0,Windows 11 Home
Lenovo,Lenovo LOQ Essential,133890.0,Premium / Flagship (>1.25L),AMD,Ryzen 7 Octa Core 7735HS,Ryzen 7,4,16,DDR5,512,SSD,0.0312,15.6,Integrated,1,0,0,0,Windows 11 Home
Lenovo,Lenovo LoQ Essential,133890.0,Premium / Flagship (>1.25L),AMD,Ryzen 7 Octa Core,Ryzen 7,4,16,DDR5,512,SSD,0.0312,15.6,Integrated,1,0,0,0,Windows 11 Home
Lenovo,Lenovo Legion 5,184690.0,Premium / Flagship (>1.25L),Intel,Core i7 14th Gen 14650HX,Core i7,4,16,DDR5,1024,SSD,0.0156,16.0,Integrated,1,0,0,0,Windows 11 Home
Lenovo,Lenovo LOQ 15IRX9.,129990.0,Premium / Flagship (>1.25L),Intel,Core i5 13th Gen 13450HX,Core i5,3,16,DDR5,512,SSD,0.0312,15.6,Integrated,1,0,0,0,Windows 11 Home
Lenovo,Lenovo LOQ,133551.0,Premium / Flagship (>1.25L),Intel,Core i7 12th Gen 12650HX,Core i7,4,16,DDR5,512,SSD,0.0312,15.6,Integrated,1,0,0,0,Windows 11 Home
Lenovo,Lenovo Legion 7i,279890.0,Premium / Flagship (>1.25L),Intel,Core i7 10th Gen 10875H,Core i7,4,16,DDR4,1024,SSD,0.0156,15.6,Integrated,1,0,0,0,Windows 10 Home
Lenovo,Lenovo IdeaPad Slim 1,54970.0,Mid-Range (40K-75K),AMD,Ryzen 3,Ryzen 3,2,8,DDR4,512,SSD,0.0156,15.6,Integrated,0,0,0,0,Windows 11 Home
Lenovo,Lenovo IdeaPad Slim 5 WUXGA IPS Office 2024 Full Metal Body,79490.0,Upper Mid-Range (75K-1.25L),AMD,Ryzen 7 Octa Core 7735HS,Ryzen 7,4,16,LPDDR5X,512,SSD,0.0312,13.3,Integrated,0,0,0,0,Windows 11 Home
Lenovo,Lenovo IdeaPad Slim 3i,71990.0,Mid-Range (40K-75K),Intel,Core i5 13th Gen 13420H,Core i5,3,8,DDR5,512,SSD,0.0156,15.3,Integrated,0,0,0,0,Windows 11 Home
Lenovo,Lenovo,53755.0,Mid-Range (40K-75K),AMD,Ryzen 3 Octa Core,Ryzen 3,2,8,DDR4,512,SSD,0.0156,14.0,Integrated,0,0,0,0,Windows 11 Home
Lenovo,Lenovo IdeaPad Slim 3,35950.0,Budget (<40K),Intel,Core i3 11th Gen 1115G,Core i3,2,8,DDR4,512,SSD,0.0156,15.6,Integrated,0,0,0,0,Windows 11 Home
Lenovo,Lenovo,37890.0,Budget (<40K),Intel,Core i3 11th Gen,Core i3,2,8,DDR4,512,SSD,0.0156,15.6,Integrated,0,0,0,0,Windows 11 Home
Lenovo,Lenovo Ideapad Slim 3i,49999.0,Mid-Range (40K-75K),Intel,Core i5 11th Gen 1135G,Core i5,3,8,DDR4,256,SSD,0.0312,15.6,Integrated,0,0,0,0,Windows 10 Home
Lenovo,Lenovo IdeaPad Slim 3,55990.0,Mid-Range (40K-75K),Intel,Core i3 13th Gen 1305U,Core i3,2,8,LPDDR5,512,SSD,0.0156,15.6,Integrated,0,0,0,0,Windows 11 Home
Lenovo,Lenovo,52990.0,Mid-Range (40K-75K),AMD,Ryzen 3 Quad Core,Ryzen 3,2,8,LPDDR5,512,SSD,0.0156,15.6,Integrated,0,0,0,0,Windows 11 Home
Lenovo,Lenovo IdeaPad Slim 3 with 1Yr ADP,61890.0,Mid-Range (40K-75K),AMD,Ryzen 5 Quad Core 7520U,Ryzen 5,3,16,LPDDR5,512,SSD,0.0312,15.6,Integrated,0,0,0,0,Windows 11 Home
Lenovo,Lenovo IdeaPad Slim 3,61890.0,Mid-Range (40K-75K),AMD,Ryzen 5 Quad Core 7520U,Ryzen 5,3,16,LPDDR5,512,SSD,0.0312,15.6,Integrated,0,0,0,0,Windows 11 Home
Lenovo,Lenovo IdeaPad Slim 3,53990.0,Mid-Range (40K-75K),Intel,Core i3 12th Gen 1215U,Core i3,2,8,DDR4,512,SSD,0.0156,15.6,Integrated,0,0,0,0,Windows 11 Home
Lenovo,Lenovo IdeaPad Slim 3,79900.0,Upper Mid-Range (75K-1.25L),Intel,Core i5 13th Gen 13420H,Core i5,3,16,DDR5,512,SSD,0.0312,15.6,Integrated,0,0,0,0,Windows 11 Home
Lenovo,Lenovo IdeaPad Slim 3,68000.0,Mid-Range (40K-75K),AMD,Ryzen 5 7520U,Ryzen 5,3,16,LPDDR5,512,SSD,0.0312,15.6,Integrated,0,0,0,0,Windows 11 Home
Lenovo,Lenovo Ideapad Slim 3i,54990.0,Mid-Range (40K-75K),Intel,Core i5 11th Gen 1155G,Core i5,3,8,DDR4,512,SSD,0.0156,15.6,Integrated,0,0,0,0,Windows 11 Home
Lenovo,Lenovo IdeaPad Slim 3,62811.0,Mid-Range (40K-75K),AMD,Ryzen 5 Hexa Core 5500U,Ryzen 5,3,16,DDR5,512,SSD,0.0312,15.6,Integrated,0,0,0,0,Windows 11 Home
Lenovo,Lenovo IdeaPad Slim 3 WUXGA IPS,79990.0,Upper Mid-Range (75K-1.25L),Intel,Core i5 13th Gen 13420H,Core i5,3,16,DDR5,512,SSD,0.0312,15.3,Integrated,0,0,0,0,Windows 11 Home
Lenovo,Lenovo IdeaPad Slim 3,71990.0,Mid-Range (40K-75K),Intel,Core i5 12th Gen 1235U,Core i5,3,8,DDR4,512,SSD,0.0156,15.6,Integrated,0,0,0,0,Windows 11 Home
Lenovo,Lenovo IdeaPad Slim 3,87990.0,Upper Mid-Range (75K-1.25L),Intel,Core i7 11th Gen 1165G,Core i7,4,16,DDR4,512,SSD,0.0312,15.6,Integrated,0,0,0,0,Windows 11 Home
Lenovo,Lenovo IdeaPad Slim 3 Backlit Keyboard with MSO'2024,73000.0,Mid-Range (40K-75K),Intel,Core i5 13th Gen 13420H,Core i5,3,16,DDR5,512,SSD,0.0312,15.3,Integrated,0,0,0,0,Windows 11 Home
Lenovo,Lenovo IdeaPad Slim 3 Microsoft 365 Basic + Office Home 2024,79990.0,Upper Mid-Range (75K-1.25L),Intel,Core i5 13th Gen 13420H,Core i5,3,16,DDR5,512,SSD,0.0312,15.3,Integrated,0,0,0,0,Windows 11 Home
Lenovo,Lenovo IdeaPad Slim 3,94990.0,Upper Mid-Range (75K-1.25L),AMD,Ryzen 7 Octa Core 5825U,Ryzen 7,3,16,DDR4,512,SSD,0.0312,15.6,Integrated,0,0,0,0,Windows 11 Home
Lenovo,Lenovo IdeaPad Slim 3,62020.0,Mid-Range (40K-75K),Intel,Core i7 12th Gen 1255U,Core i7,4,16,DDR4,512,SSD,0.0312,15.6,Integrated,0,0,0,0,Windows 11 Home
Lenovo,Lenovo IdeaPad Slim 5,62991.0,Mid-Range (40K-75K),Intel,Core i5 12th Gen,Core i5,3,16,LPDDR5,512,SSD,0.0312,16.0,Integrated,0,0,0,0,Windows 11 Home
Lenovo,Lenovo Ideapad Slim 5i,96990.0,Upper Mid-Range (75K-1.25L),Intel,Core i7 13th Gen 13700H,Core i7,4,16,DDR4,512,SSD,0.0312,16.0,Integrated,0,0,0,0,Windows 11 Home
Lenovo,Lenovo IdeaPad Slim 5,105990.0,Upper Mid-Range (75K-1.25L),Intel,Core i7 13th Gen 13700H,Core i7,4,16,LPDDR5,512,SSD,0.0312,16.0,Integrated,0,0,0,0,Windows 11 Home
Lenovo,Lenovo IdeaPad Slim 5 13th Gen,88999.0,Upper Mid-Range (75K-1.25L),Intel,Core i5-13420H,Core i5,3,16,LPDDR5,512,SSD,0.0312,14.0,Integrated,0,0,0,0,Windows 11
Lenovo,Lenovo THINKBOOK 16,69999.0,Mid-Range (40K-75K),AMD,Ryzen 5 Hexa Core,Ryzen 5,3,8,LPDDR5,512,SSD,0.0156,16.0,Integrated,0,0,0,0,Windows 11 Home
Lenovo,Lenovo IdeaPad Slim 5i,72990.0,Mid-Range (40K-75K),Intel,Core i5 13th Gen 13500H,Core i5,3,16,LPDDR5,512,SSD,0.0312,16.0,Integrated,0,0,0,0,Windows 11 Home
Lenovo,Lenovo V 15,63891.0,Mid-Range (40K-75K),AMD,Ryzen 5 Quad Core 7520U,Ryzen 5,3,16,LPDDR5,512,SSD,0.0312,15.6,Integrated,0,0,0,0,Windows 11 Pro
Lenovo,Lenovo V 14,63695.0,Mid-Range (40K-75K),Intel,Core i5 13th Gen 13420H,Core i5,3,8,DDR4,512,SSD,0.0156,14.0,Integrated,0,0,0,0,Windows 11 Home
Lenovo,Lenovo Legion Pro 5 WQXGA OLED,228490.0,Premium / Flagship (>1.25L),Intel,Core Ultra 7 255HX,Core Ultra 7,5,32,DDR5,1024,SSD,0.0312,16.0,Integrated,1,0,0,1,Windows 11 Home
Lenovo,Lenovo LOQ,103000.0,Upper Mid-Range (75K-1.25L),Intel,Core i5 12th Gen 12450HX,Core i5,3,16,DDR5,512,SSD,0.0312,15.6,Integrated,1,0,0,0,Windows 11 Home
Lenovo,Lenovo LOQ,99990.0,Upper Mid-Range (75K-1.25L),AMD,Ryzen 5 Quad Core 7235HS,Ryzen 5,3,12,DDR5,512,SSD,0.0234,15.6,Integrated,1,0,0,0,Windows 11 Home
Lenovo,Lenovo V15,65841.0,Mid-Range (40K-75K),Intel,Core i5 13th Gen 1315U,Core i5,3,8,DDR4,512,SSD,0.0156,15.6,Integrated,0,0,0,0,Windows 11 Home
Lenovo,Lenovo V14,62990.0,Mid-Range (40K-75K),Intel,Core i5 12th Gen,Core i5,3,8,DDR4,512,SSD,0.0156,14.0,Integrated,0,0,0,0,Windows 11 Home
Lenovo,Lenovo IdeaPad 1 MSO'2024,61900.0,Mid-Range (40K-75K),AMD,Ryzen 5 Hexa Core 5625U,Ryzen 5,3,16,DDR4,512,SSD,0.0312,15.6,Integrated,0,0,0,0,Windows 11
Lenovo,Lenovo V15,61745.0,Mid-Range (40K-75K),AMD,Ryzen 5 Quad Core,Ryzen 5,3,16,DDR5,512,SSD,0.0312,15.6,Integrated,0,0,0,0,Windows 11 Pro
Lenovo,Lenovo THINKBOOK 16,88999.0,Upper Mid-Range (75K-1.25L),AMD,Ryzen 7 Octa Core,Ryzen 7,4,16,LPDDR5,512,HDD,0.0312,16.0,Integrated,0,0,0,0,Windows 11 Pro
Lenovo,Lenovo IdeaPad Slim 3,62991.0,Mid-Range (40K-75K),AMD,Ryzen 5 Hexa Core 5625U,Ryzen 5,3,16,DDR4,512,SSD,0.0312,15.6,Integrated,0,0,0,0,Windows 11 Home
Lenovo,Lenovo,102990.0,Upper Mid-Range (75K-1.25L),Intel,Core 7 240H,Core 7 240H,4,16,DDR5,512,SSD,0.0312,14.0,Integrated,0,0,0,0,Windows 11 Home
Lenovo,Lenovo ThinkBook 14 G6,53500.0,Mid-Range (40K-75K),Intel,Core i3 13th Gen 1315U,Core i3,2,8,DDR5,512,SSD,0.0156,14.0,Integrated,0,0,0,0,Windows 11 Home
Lenovo,Lenovo,56997.0,Mid-Range (40K-75K),Intel,Core i3 13th Gen 1315U,Core i3,2,8,DDR5,512,SSD,0.0156,14.0,Integrated,0,0,0,0,Windows 11 Home
Lenovo,Lenovo V 14,59755.0,Mid-Range (40K-75K),Intel,Core i3 13th Gen 1315U,Core i3,2,8,DDR4,512,SSD,0.0156,14.0,Integrated,0,0,0,0,Windows 11 Home
Lenovo,Lenovo V15,51990.0,Mid-Range (40K-75K),AMD,Ryzen 3 Quad Core 7320U,Ryzen 3,2,8,LPDDR5,512,SSD,0.0156,15.6,Integrated,0,0,0,0,DOS
Lenovo,Lenovo V 14,74500.0,Mid-Range (40K-75K),Intel,Core i5 13th Gen 1335U,Core i5,3,16,DDR4,512,SSD,0.0312,14.0,Integrated,0,0,0,0,Windows 11 Pro
Lenovo,Lenovo V14 Gen 5 DDR5 5600Mhz,89451.0,Upper Mid-Range (75K-1.25L),Intel,Core 7 14th Gen,Core 7 14th Gen,4,8,DDR5,512,SSD,0.0156,14.0,Integrated,0,0,0,0,Windows 11 Pro
Lenovo,Lenovo V14,64790.0,Mid-Range (40K-75K),Intel,Core i5 11th Gen 1135G,Core i5,3,8,DDR4,256,SSD,0.0312,14.0,Integrated,0,0,0,0,Windows 10
Lenovo,Lenovo ThinkBook 16 G6,69938.0,Mid-Range (40K-75K),Intel,Core i3 13th Gen 1315U,Core i3,2,8,DDR5,512,SSD,0.0156,16.0,Integrated,0,0,0,0,Windows 11 Home
Lenovo,Lenovo,54771.0,Mid-Range (40K-75K),AMD,Ryzen 3 Quad Core 7330U,Ryzen 3,2,8,DDR4,512,SSD,0.0156,15.6,Integrated,0,0,0,0,Windows 11 Home
Lenovo,Lenovo ThinkBook 15,68400.0,Mid-Range (40K-75K),AMD,Ryzen 5 Hexa Core 5500U,Ryzen 5,3,8,DDR4,512,SSD,0.0156,15.6,Integrated,0,0,0,0,Windows 11 Home
Lenovo,Lenovo IdeaPad 3,57790.0,Mid-Range (40K-75K),Intel,Core i3 12th Gen 1215U,Core i3,2,16,DDR4,512,SSD,0.0312,14.0,Integrated,0,0,0,0,Windows 11 Home
Lenovo,Lenovo V14 DDR5 5600Mhz,94990.0,Upper Mid-Range (75K-1.25L),Intel,Core 7 14th Gen 240H,Core 7 14th Gen 240H,4,16,DDR5,512,SSD,0.0312,14.0,Integrated,0,0,0,0,Windows 11 Pro
Lenovo,Lenovo V 14,57590.0,Mid-Range (40K-75K),Intel,Core i3 12th Gen 1215U,Core i3,2,8,DDR4,512,SSD,0.0156,14.0,Integrated,0,0,0,0,Windows 11 Pro
Lenovo,Lenovo,57990.0,Mid-Range (40K-75K),Intel,Core i3 11th Gen,Core i3,2,8,DDR4,512,SSD,0.0156,14.0,Integrated,0,0,0,0,Windows 11 Home
Lenovo,Lenovo,64990.0,Mid-Range (40K-75K),Intel,Core i3 12th Gen,Core i3,2,16,DDR4,512,SSD,0.0312,14.0,Integrated,0,0,0,0,Windows 11 Home
Lenovo,Lenovo V 14,68990.0,Mid-Range (40K-75K),Intel,Core i5 13th Gen 1335U,Core i5,3,8,DDR4,512,SSD,0.0156,14.0,Integrated,0,0,0,0,Windows 11 Home
Lenovo,Lenovo ThinkPad E14,121068.0,Upper Mid-Range (75K-1.25L),Intel,Core i5 12th Gen 1235U,Core i5,3,16,DDR4,1024,SSD,0.0156,14.0,Integrated,0,0,0,0,Windows 11 Home
Lenovo,Lenovo,244801.0,Premium / Flagship (>1.25L),Intel,Core i7 8th Gen 8665U,Core i7,4,16,DDR4,512,SSD,0.0312,14.0,Integrated,0,0,0,0,Windows 10 Pro
Lenovo,Lenovo THINKPAD E14 GEN 5,95606.0,Upper Mid-Range (75K-1.25L),AMD,Ryzen 5 Processor,Ryzen 5,3,16,DDR4,512,SSD,0.0312,14.0,Integrated,0,0,0,0,Windows 11 Pro
Lenovo,Lenovo V14 Octa,62990.0,Mid-Range (40K-75K),Intel,Core i5 13th Gen 13420H,Core i5,3,8,DDR4,512,SSD,0.0156,14.0,Integrated,0,0,0,0,Windows 11 Home
Lenovo,Lenovo V 14,72990.0,Mid-Range (40K-75K),Intel,Core i3 13th Gen 1315U,Core i3,2,16,DDR4,512,SSD,0.0312,14.0,Integrated,0,0,0,0,Windows 11 Pro
Lenovo,Lenovo,59990.0,Mid-Range (40K-75K),AMD,Ryzen 3,Ryzen 3,2,8,DDR4,512,SSD,0.0156,15.6,Integrated,0,0,0,0,Windows 11 Home
Lenovo,Lenovo,99630.0,Upper Mid-Range (75K-1.25L),Intel,Core i5 13th Gen 1335U,Core i5,3,16,DDR5,512,SSD,0.0312,16.0,Integrated,0,0,0,0,Windows 11 Home
Lenovo,Lenovo V14 Octa,74000.0,Mid-Range (40K-75K),Intel,Core i5 13th Gen 13420H,Core i5,3,16,DDR4,512,SSD,0.0312,14.0,Integrated,0,0,0,0,Windows 11 Home
Lenovo,Lenovo IdeaPad Slim 3,73000.0,Mid-Range (40K-75K),Intel,Core 5 120U,Core 5 120U,3,16,DDR5,512,SSD,0.0312,15.6,Integrated,0,0,0,0,Windows 11 Home
Lenovo,Lenovo V14,51495.0,Mid-Range (40K-75K),AMD,Ryzen 3,Ryzen 3,2,8,DDR4,512,SSD,0.0156,14.0,Integrated,0,0,0,0,DOS
Lenovo,Lenovo V 14,99900.0,Upper Mid-Range (75K-1.25L),Intel,Core i5 13th Gen 13420H,Core i5,3,24,DDR4,512,SSD,0.0469,14.0,Integrated,0,0,0,0,Windows 11 Pro
Lenovo,Lenovo Yoga 6 with 1Yr ADP,121690.0,Upper Mid-Range (75K-1.25L),AMD,Ryzen 7 Octa Core 7730U,Ryzen 7,4,16,LPDDR4X,1024,SSD,0.0156,13.3,Integrated,0,0,1,0,Windows 11 Home
Lenovo,Lenovo V15,54779.0,Mid-Range (40K-75K),Intel,Core i3 13th Gen 1315U,Core i3,2,8,DDR4,512,SSD,0.0156,15.6,Integrated,0,0,0,0,Windows 11 Home
Lenovo,Lenovo V15,61975.0,Mid-Range (40K-75K),AMD,Ryzen 5 Quad Core 5500U,Ryzen 5,3,8,DDR4,512,SSD,0.0156,15.6,Integrated,0,0,0,0,Windows 11 Home
Lenovo,Lenovo V15 Octa,66990.0,Mid-Range (40K-75K),Intel,Core i5 13th Gen,Core i5,3,8,DDR4,512,SSD,0.0156,15.6,Integrated,0,0,0,0,Windows 11 Pro
Lenovo,Lenovo IdeaPad 3,27990.0,Budget (<40K),Intel,Celeron Dual Core N4020,Celeron Dual Core N4020,1,4,DDR4,256,SSD,0.0156,15.6,Integrated,0,0,0,0,Windows 10 Home
Lenovo,Lenovo,57990.0,Mid-Range (40K-75K),Intel,Core i3 12th Gen,Core i3,2,8,DDR4,512,SSD,0.0156,14.0,Integrated,0,0,0,0,Windows 11 Home
Lenovo,Lenovo,58990.0,Mid-Range (40K-75K),Intel,Core i3 12th Gen,Core i3,2,8,DDR4,512,SSD,0.0156,15.6,Integrated,0,0,0,0,Windows 11 Home
Lenovo,Lenovo Yoga 7 AI PC Metal Chasis with 1Yr ADP,122000.0,Upper Mid-Range (75K-1.25L),Intel,Core Ultra 5 125H,Core Ultra 5,4,16,LPDDR5X,512,SSD,0.0312,14.0,Integrated,0,0,1,0,Windows 11
Lenovo,Lenovo Yoga 7 13th Gen 1340P WUXGA OLED,113049.0,Upper Mid-Range (75K-1.25L),Intel,Core i5 13th Gen 1340P,Core i5,3,16,LPDDR5,512,SSD,0.0312,14.0,Integrated,0,0,1,1,Windows 11
Lenovo,Lenovo Yoga Slim 7 Aura Edition OLED Display,121990.0,Upper Mid-Range (75K-1.25L),Intel,Core Ultra 5 226V,Core Ultra 5,4,16,LPDDR5X,512,SSD,0.0312,14.0,Integrated,0,0,1,1,Windows 11 Home
Lenovo,Lenovo Yoga AI PC,314890.0,Premium / Flagship (>1.25L),Intel,Core Ultra 7 155U,Core Ultra 7,5,32,LPDDR5X,1024,SSD,0.0312,13.3,Integrated,0,0,1,0,Windows 11 Home
Lenovo,Lenovo Yoga Slim 7x Next Gen AI PC 3K OLED Full Metal with 1Yr ADP,180000.0,Premium / Flagship (>1.25L),Qualcomm,Snapdragon X Elite -,Snapdragon X,4,32,LPDDR5X,1024,SSD,0.0312,14.5,Integrated,0,0,1,1,Windows 11
Lenovo,Lenovo Yoga AI PC with 1Yr ADP,244890.0,Premium / Flagship (>1.25L),Intel,Core Ultra 7 155H,Core Ultra 7,5,32,LPDDR5X,1024,SSD,0.0312,14.0,Integrated,0,0,1,0,Windows 11 Home
Lenovo,Lenovo Yoga Slim 6 WUXGA OLED with 1Yr ADP,118906.0,Upper Mid-Range (75K-1.25L),Intel,Core i5 13th Gen 13500H,Core i5,3,16,LPDDR5X,512,SSD,0.0312,14.0,Integrated,0,0,1,1,Windows 11
Lenovo,Lenovo Yoga with 1Yr ADP,223890.0,Premium / Flagship (>1.25L),Intel,Core i7 10th Gen 1065G,Core i7,4,16,LPDDR4X,1024,SSD,0.0156,14.0,Integrated,0,0,1,0,Windows 10 Home
Lenovo,Lenovo Workstation P15v,194304.0,Premium / Flagship (>1.25L),Intel,Core i7 12th Gen 12800H,Core i7,4,16,DDR5,1024,SSD,0.0156,15.6,Integrated,0,0,0,0,Windows 11 Pro
Lenovo,Lenovo Ideapad 720S,86000.0,Upper Mid-Range (75K-1.25L),Intel,Core i7 8th Gen 8550U,Core i7,4,8,DDR4,512,SSD,0.0156,13.3,Integrated,0,0,0,0,Windows 10 Home
Samsung,Samsung Galaxy Book5 Pro Next Gen AI PC Full Metal Chasis,154999.0,Premium / Flagship (>1.25L),Intel,Core Ultra 7 256V,Core Ultra 7,5,16,LPDDR5X,512,SSD,0.0312,14.0,Integrated,0,0,0,0,Windows 11
Samsung,Samsung Galaxy Book5 Pro AI PC Full Metal Chasis,187190.0,Premium / Flagship (>1.25L),Intel,Core Ultra 7 256V,Core Ultra 7,5,16,LPDDR5X,1024,SSD,0.0156,14.0,Integrated,0,0,0,0,Windows 11
Samsung,Samsung Galaxy Book5 Pro AI PC Full Metal Chasis,153588.0,Premium / Flagship (>1.25L),Intel,Core Ultra 5 226V,Core Ultra 5,4,16,LPDDR5X,512,SSD,0.0312,14.0,Integrated,0,0,0,0,Windows 11
Samsung,Samsung Galaxy Book4 Pro Evo AI PC,149032.0,Premium / Flagship (>1.25L),Intel,Core Ultra 5 125H,Core Ultra 5,4,16,LPDDR5X,512,SSD,0.0312,16.0,Integrated,0,0,0,0,Windows 11 Home
Samsung,Samsung Galaxy Book4 Pro Evo AI PC,160989.0,Premium / Flagship (>1.25L),Intel,Core Ultra 7 155H,Core Ultra 7,5,16,LPDDR5X,512,SSD,0.0312,14.0,Integrated,0,0,0,0,Windows 11 Home
Samsung,Samsung Galaxy Book4 360 Evo,159839.0,Premium / Flagship (>1.25L),Intel,Core 7 150U,Core 7 150U,4,16,LPDDR5,1024,SSD,0.0156,15.6,Integrated,0,0,1,0,Windows 11 Home
Samsung,Samsung Galaxy Book4 Pro 360 Evo AI PC,206989.0,Premium / Flagship (>1.25L),Intel,Core Ultra 7 155H,Core Ultra 7,5,16,LPDDR5X,1024,SSD,0.0156,16.0,Integrated,0,0,1,0,Windows 11 Home
Apple,Apple MacBook Pro M3 Max,389900.0,Premium / Flagship (>1.25L),Apple,Apple M3 Max,Apple M3,4,48,Unified Memory,1024,SSD,0.0469,16.0,Integrated,0,1,0,0,macOS Sonoma
Microsoft,"MICROSOFT Surface Pro 12""",123490.0,Upper Mid-Range (75K-1.25L),Qualcomm,Snapdragon X Plus -,Snapdragon X,4,16,LPDDR5X,512,SSD,0.0312,12.0,Integrated,0,0,0,0,Windows 11 Home
Microsoft,MICROSOFT Surface Pro 13 Inch,188990.0,Premium / Flagship (>1.25L),Qualcomm,Snapdragon X2 Plus -,Snapdragon X,4,16,LPDDR5X,512,SSD,0.0312,13.0,Integrated,0,0,0,0,Windows 11 Home
Microsoft,"MICROSOFT Surface Pro 12"" with Type Cover & Pen",141990.0,Premium / Flagship (>1.25L),Qualcomm,Snapdragon X Plus Processor 16 GB LPDDR5X RAM 64 bit Windows 11 Operating System 256 GB SSD 30,Snapdragon X,4,16,LPDDR5X,256,SSD,0.0625,12.0,Integrated,0,0,0,0,Windows 11
Microsoft,MICROSOFT Surface Pro 13 Inch,238990.0,Premium / Flagship (>1.25L),Qualcomm,Snapdragon X2 Elite -,Snapdragon X,4,16,LPDDR5X,1024,SSD,0.0156,13.0,Integrated,0,0,0,0,Windows 11 Home
Microsoft,MICROSOFT Surface Pro 13 Inch,180990.0,Premium / Flagship (>1.25L),Qualcomm,Snapdragon X2 Plus -,Snapdragon X,4,16,LPDDR5X,256,SSD,0.0625,13.0,Integrated,0,0,0,0,Windows 11 Home
Microsoft,MICROSOFT Surface Pro 13 Inch,203990.0,Premium / Flagship (>1.25L),Qualcomm,Snapdragon X2 Elite -,Snapdragon X,4,16,LPDDR5X,512,SSD,0.0312,13.0,Integrated,0,0,0,0,Windows 11 Home
Microsoft,MICROSOFT Surface Laptop AI PC with Microsoft 365 for 6 Months*,149999.0,Premium / Flagship (>1.25L),Qualcomm,Snapdragon X Elite -,Snapdragon X,4,16,LPDDR5X,512,SSD,0.0312,13.8,Integrated,0,0,0,0,Windows 11
Microsoft,MICROSOFT Surface Pro 9,105999.0,Upper Mid-Range (75K-1.25L),Intel,Core i5 12th Gen 1235U,Core i5,3,8,LPDDR5,128,SSD,0.0625,13.5,Integrated,0,0,0,0,Windows 11 Home
Microsoft,MICROSOFT Surface Pro 9,116999.0,Upper Mid-Range (75K-1.25L),Intel,Core i5 12th Gen 1235U,Core i5,3,8,LPDDR5,256,SSD,0.0312,13.0,Integrated,0,0,0,0,Windows 11 Home
Microsoft,MICROSOFT Surface Pro 9,167999.0,Premium / Flagship (>1.25L),Intel,Core i7 12th Gen 1255U,Core i7,4,16,LPDDR5,256,SSD,0.0625,13.0,Integrated,0,0,0,0,Windows 11 Home
Microsoft,MICROSOFT Surface Pro 9,198999.0,Premium / Flagship (>1.25L),Intel,Core i7 12th Gen 1255U,Core i7,4,16,LPDDR5,512,SSD,0.0312,13.0,Integrated,0,0,0,0,Windows 11 Home
Microsoft,MICROSOFT Surface Laptop AI PC with Microsoft 365 for 6 Months*,162999.0,Premium / Flagship (>1.25L),Qualcomm,Snapdragon X Elite -,Snapdragon X,4,16,LPDDR5X,512,SSD,0.0312,15.0,Integrated,0,0,0,0,Windows 11
Microsoft,MICROSOFT Surface Laptop 13.8 Inch,188990.0,Premium / Flagship (>1.25L),Qualcomm,Snapdragon X2 Plus -,Snapdragon X,4,16,LPDDR5X,512,SSD,0.0312,13.8,Integrated,0,0,0,0,Windows 11 Home
Microsoft,MICROSOFT Surface Laptop 13.8 Inch,294990.0,Premium / Flagship (>1.25L),Qualcomm,Snapdragon X2 Elite -,Snapdragon X,4,32,LPDDR5X,1024,SSD,0.0312,13.8,Integrated,0,0,0,0,Windows 11 Home
Microsoft,MICROSOFT Surface Laptop 15 Inch,204990.0,Premium / Flagship (>1.25L),Qualcomm,Snapdragon X2 Elite -,Snapdragon X,4,16,LPDDR5X,512,SSD,0.0312,15.0,Integrated,0,0,0,0,Windows 11 Home
Microsoft,MICROSOFT Surface Laptop 13.8 Inch,191990.0,Premium / Flagship (>1.25L),Qualcomm,Snapdragon X2 Elite -,Snapdragon X,4,16,LPDDR5X,512,SSD,0.0312,13.8,Integrated,0,0,0,0,Windows 11 Home
Microsoft,MICROSOFT Surface Laptop AI PC with Microsoft 365 for 6 Months*,140999.0,Premium / Flagship (>1.25L),Qualcomm,Snapdragon X Elite -,Snapdragon X,4,16,LPDDR5X,256,SSD,0.0625,15.0,Integrated,0,0,0,0,Windows 11
Microsoft,MICROSOFT Surface Laptop 5,139999.0,Premium / Flagship (>1.25L),Intel,Core i7 12th Gen 1255U,Core i7,4,8,LPDDR5,256,SSD,0.0312,15.0,Integrated,0,0,0,0,Windows 11 Home
MSI,MSI Katana GF66,95990.0,Upper Mid-Range (75K-1.25L),Intel,Core i5 12th Gen 12450H,Core i5,3,8,DDR4,512,SSD,0.0156,15.6,Integrated,1,0,0,0,Windows 11 Home
MSI,MSI WF65,179990.0,Premium / Flagship (>1.25L),Intel,Core i7 10th Gen 10750H,Core i7,4,16,DDR4,1024,HDD,0.0156,15.6,Integrated,0,0,0,0,Windows 10 Pro
MSI,MSI Thin 15,98645.0,Upper Mid-Range (75K-1.25L),Intel,Core i7 13th Gen 13620H,Core i7,4,16,DDR4,512,SSD,0.0312,15.6,Integrated,0,0,0,0,Windows 11 Home
MSI,MSI Creator 15,223490.0,Premium / Flagship (>1.25L),Intel,Core i7 10th Gen 10875H,Core i7,4,32,DDR4,1024,SSD,0.0312,15.6,Integrated,0,0,0,0,Windows 10 Home
MSI,MSI VenturePro 15 AI,107990.0,Upper Mid-Range (75K-1.25L),Intel,Core Ultra 5 125H,Core Ultra 5,4,16,DDR5,1024,SSD,0.0156,15.6,Integrated,0,0,0,0,Windows 11 Home
MSI,MSI Stealth 16 Studio,335990.0,Premium / Flagship (>1.25L),Intel,Core i7 13th Gen 13700H,Core i7,4,32,DDR5,1024,SSD,0.0312,16.0,Integrated,0,0,0,0,Windows 11 Home
MSI,MSI Vector 16 HX,229990.0,Premium / Flagship (>1.25L),Intel,Core i7 14th Gen 14700HX,Core i7,4,32,DDR5,1024,SSD,0.0312,16.0,Integrated,0,0,0,0,Windows 11 Home
MSI,MSI Raider 18 HX AI,499990.0,Premium / Flagship (>1.25L),Intel,Core Ultra 9 285HX,Core Ultra 9,5,64,DDR5,4096,SSD,0.0156,18.0,Integrated,0,0,0,0,Windows 11 Home
MSI,MSI Modern 15 H,79990.0,Upper Mid-Range (75K-1.25L),Intel,Core i7 13th Gen 13620H,Core i7,4,16,DDR4,512,SSD,0.0312,15.6,Integrated,0,0,0,0,Windows 11 Home
MSI,MSI Prestige 15,134990.0,Premium / Flagship (>1.25L),Intel,Core i7 10th Gen 10710U,Core i7,4,16,DDR4,512,SSD,0.0312,15.6,Integrated,0,0,0,0,Windows 10 Home
MSI,MSI Prestige 13 Evo AI PC,94990.0,Upper Mid-Range (75K-1.25L),Intel,Core Ultra 5 125H,Core Ultra 5,4,16,LPDDR5,1024,SSD,0.0156,13.3,Integrated,0,0,0,0,Windows 11 Home
MSI,MSI Prestige 14,109690.0,Upper Mid-Range (75K-1.25L),Intel,Core i7 10th Gen 10510U,Core i7,4,16,DDR4,512,SSD,0.0312,14.0,Integrated,0,0,0,0,Windows 10 Home
MSI,MSI Prestige 16,169990.0,Premium / Flagship (>1.25L),Intel,Core i7 13th Gen 13700H,Core i7,4,16,LPDDR5,1024,SSD,0.0156,16.0,Integrated,0,0,0,0,Windows 11 Home
MSI,MSI Pulse GL66,139990.0,Premium / Flagship (>1.25L),Intel,Core i7 11th Gen 11800H,Core i7,4,16,DDR4,1024,SSD,0.0156,15.6,Integrated,0,0,0,0,Windows 10 Home
MSI,MSI Pulse 17,195990.0,Premium / Flagship (>1.25L),Intel,Core i7 13th Gen 13700H,Core i7,4,16,DDR5,1024,SSD,0.0156,17.3,Integrated,0,0,0,0,Windows 11 Home
MSI,MSI GS,169990.0,Premium / Flagship (>1.25L),Intel,Core i7 8th Gen 8750H,Core i7,4,16,DDR4,512,SSD,0.0312,15.6,Integrated,0,0,0,0,Windows 10 Home
MSI,MSI GS66,235990.0,Premium / Flagship (>1.25L),Intel,Core i7 11th Gen 11800H,Core i7,4,16,DDR4,1024,SSD,0.0156,15.6,Integrated,0,0,0,0,Windows 10 Home
MSI,MSI GP76,201990.0,Premium / Flagship (>1.25L),Intel,Core i7 11th Gen 11800H,Core i7,4,16,DDR4,1024,SSD,0.0156,17.3,Integrated,0,0,0,0,Windows 10 Home
MSI,MSI Raider 18 HX,379990.0,Premium / Flagship (>1.25L),Intel,Core i9 14th Gen 14900HX,Core i9,5,32,DDR5,2048,SSD,0.0156,18.0,Integrated,0,0,0,0,Windows 11 Home
MSI,MSI Prestige 13 Evo,106990.0,Upper Mid-Range (75K-1.25L),Intel,Core i5 12th Gen 1240P,Core i5,3,8,LPDDR5,512,SSD,0.0156,13.3,Integrated,0,0,0,0,Windows 11 Home
ASUS,"ASUS Gaming V16 for Creator with Office 2024 + M365 Basic*,AI PC",119000.0,Upper Mid-Range (75K-1.25L),Intel,Core 5 210,Core 5 210,3,16,DDR5,512,SSD,0.0312,16.0,Integrated,1,0,0,0,Windows 11 Home
Dell,ALIENWARE,223322.0,Premium / Flagship (>1.25L),Intel,Core i7 10th Gen 10750H,Core i7,4,16,DDR4,512,SSD,0.0312,15.6,Integrated,1,0,0,0,Windows 10 Home
ASUS,"ASUS Gaming V16 with Office 2024 + M365 Basic*, AI PC,",92990.0,Upper Mid-Range (75K-1.25L),Intel,Core 7 240H,Core 7 240H,4,16,DDR5,512,SSD,0.0312,16.0,Integrated,1,0,0,0,Windows 11 Home
Lenovo,Lenovo LQQ Essential,122500.0,Upper Mid-Range (75K-1.25L),AMD,Ryzen 7 Octa Core 7735HS,Ryzen 7,4,16,DDR5,512,SSD,0.0312,15.6,Integrated,0,0,0,0,Windows 11 Home
Dell,DELL Alienware 15,130999.0,Premium / Flagship (>1.25L),AMD,Ryzen 5 Processor,Ryzen 5,3,16,DDR5,512,SSD,0.0312,15.3,Integrated,1,0,0,0,Windows 11 Home
HP,HP Omen,106319.0,Upper Mid-Range (75K-1.25L),AMD,Ryzen 7 Octa Core 7840HS,Ryzen 7,4,16,DDR5,1024,SSD,0.0156,16.1,Integrated,1,0,0,0,Windows 11 Home
Gigabyte,GIGABYTE AORUS,215300.0,Premium / Flagship (>1.25L),Intel,Core i7 13th Gen 13700H,Core i7,4,16,DDR5,1024,SSD,0.0156,15.6,Integrated,0,0,0,0,Windows 11 Home
HP,HP Spectre x360 OLED Eyesafe Evo,142490.0,Premium / Flagship (>1.25L),Intel,Core i7 13th Gen 1360P,Core i7,4,32,DDR4,1024,SSD,0.0312,16.0,Integrated,0,0,1,1,Windows 11 Home
Gigabyte,GIGABYTE AORUS,222750.0,Premium / Flagship (>1.25L),Intel,Core i5 12th Gen 12500H,Core i5,3,16,DDR5,1024,SSD,0.0156,15.6,Integrated,0,0,0,0,Windows 11 Home
Samsung,Samsung Galaxy Book2 Pro EVO AMOLED,122999.0,Upper Mid-Range (75K-1.25L),Intel,Core i7 12th Gen 1260P,Core i7,4,16,DDR5,512,SSD,0.0312,15.6,Integrated,0,0,0,1,Windows 11 Home
Samsung,Samsung Galaxy Book5 Pro 360 AI PC Full Metal Chasis,235190.0,Premium / Flagship (>1.25L),Intel,Core Ultra 7 258V,Core Ultra 7,5,32,LPDDR5X,1024,SSD,0.0312,16.0,Integrated,0,0,1,0,Windows 11
Samsung,Samsung Galaxy Book4 360 Evo,132239.0,Premium / Flagship (>1.25L),Intel,Core 5 120U,Core 5 120U,3,16,LPDDR5,512,SSD,0.0312,15.6,Integrated,0,0,1,0,Windows 11 Home
Samsung,Samsung Galaxy Book 2,72990.0,Mid-Range (40K-75K),Intel,Core i7 12th Gen 1255U,Core i7,4,16,DDR4,512,SSD,0.0312,15.6,Integrated,0,0,0,0,Windows 11 Home
Samsung,Samsung Galaxy Book3,79990.0,Upper Mid-Range (75K-1.25L),Intel,Core i7 13th Gen 1355U,Core i7,4,16,LPDDR4X,512,SSD,0.0312,15.6,Integrated,0,0,0,0,Windows 11 Home
Samsung,Samsung Galaxy Book3 Pro EVO AMOLED,165590.0,Premium / Flagship (>1.25L),Intel,Core i7 13th Gen 1360P,Core i7,4,16,DDR5,512,SSD,0.0312,16.0,Integrated,0,0,0,1,Windows 11 Home
Samsung,Samsung Galaxy Book3 Pro 360 EVO AMOLED,172214.0,Premium / Flagship (>1.25L),Intel,Core i5 13th Gen 1340P,Core i5,3,16,DDR5,512,SSD,0.0312,16.0,Integrated,0,0,1,1,Windows 11
Samsung,Samsung Galaxy Book3 360 EVO AMOLED,147926.0,Premium / Flagship (>1.25L),Intel,Core i7 13th Gen 1355U,Core i7,4,16,DDR5,1024,SSD,0.0156,13.3,Integrated,0,0,1,1,Windows 11 Home
Samsung,Samsung Galaxy Book3 Pro 360 EVO AMOLED,198710.0,Premium / Flagship (>1.25L),Intel,Core i7 13th Gen 1360P,Core i7,4,16,DDR5,1024,SSD,0.0156,16.0,Integrated,0,0,1,1,Windows 11 Home
Samsung,Samsung Galaxy Book5 AI Metal,127990.0,Premium / Flagship (>1.25L),Intel,Core Ultra 7 255U,Core Ultra 7,5,16,LPDDR5X,1024,SSD,0.0156,15.6,Integrated,0,0,0,0,Windows 11 Home
Samsung,Samsung Galaxy Book3 Pro EVO AMOLED,183254.0,Premium / Flagship (>1.25L),Intel,Core i7 13th Gen 1360P,Core i7,4,16,DDR5,1024,SSD,0.0156,16.0,Integrated,0,0,0,1,Windows 11 Home
Samsung,Samsung Galaxy Book3 Pro EVO AMOLED,172214.0,Premium / Flagship (>1.25L),Intel,Core i7 13th Gen 1360P,Core i7,4,16,DDR5,1024,SSD,0.0156,14.0,Integrated,0,0,0,1,Windows 11 Home
Samsung,Samsung Galaxy Book3 Pro EVO AMOLED,154550.0,Premium / Flagship (>1.25L),Intel,Core i7 13th Gen 1360P,Core i7,4,16,DDR5,512,SSD,0.0312,14.0,Integrated,0,0,0,1,Windows 11 Home
ASUS,ASUS Expertbook >,59990.0,Mid-Range (40K-75K),Intel,Core i3 13th Gen 1315U,Core i3,2,8,DDR5,512,SSD,0.0156,14.0,Integrated,0,0,0,0,DOS
Samsung,Samsung Galaxy Book2,88990.0,Upper Mid-Range (75K-1.25L),Intel,Core i5 12th Gen 1235U,Core i5,3,16,LPDDR4X,512,SSD,0.0312,15.6,Integrated,0,0,0,0,Windows 11 Home
Samsung,Samsung Galaxy Book4 Pro Evo AI PC,151789.0,Premium / Flagship (>1.25L),Intel,Core Ultra 5 125H,Core Ultra 5,4,16,LPDDR5X,512,SSD,0.0312,14.0,Integrated,0,0,0,0,Windows 11 Home
Samsung,Samsung Galaxy Book4,86239.0,Upper Mid-Range (75K-1.25L),Intel,Core 5 120U,Core 5 120U,3,8,LPDDR4X,512,SSD,0.0156,15.6,Integrated,0,0,0,0,Windows 11 Home
Samsung,Samsung Galaxy Book5 Pro 360 AI PC Full Metal Chasis,168699.0,Premium / Flagship (>1.25L),Intel,Core Ultra 5 226V,Core Ultra 5,4,16,LPDDR5X,512,SSD,0.0312,16.0,Integrated,0,0,1,0,Windows 11
Samsung,Samsung Galaxy Book2,79990.0,Upper Mid-Range (75K-1.25L),Intel,Core i5 12th Gen 1235U,Core i5,3,8,LPDDR4X,256,SSD,0.0312,15.6,Integrated,0,0,0,0,Windows 11 Home
ASUS,ASUS ASUS Vivobook 16,83690.0,Upper Mid-Range (75K-1.25L),Intel,Core i5 13th Gen,Core i5,3,16,DDR4,512,SSD,0.0312,16.0,Integrated,0,0,0,0,Windows 11 Home
Samsung,Samsung Galaxy Book4 Pro Evo AI PC,209289.0,Premium / Flagship (>1.25L),Intel,Core Ultra 7 155H,Core Ultra 7,5,32,LPDDR5X,1024,SSD,0.0312,16.0,Integrated,0,0,0,0,Windows 11 Home
HP,HP OmniBook 5 OLED {2026},85499.0,Upper Mid-Range (75K-1.25L),Qualcomm,Snapdragon X -,Snapdragon X,4,16,LPDDR5X,512,SSD,0.0312,14.0,Integrated,0,0,0,1,Windows 11 Home
Dell,DELL XPS,160490.0,Premium / Flagship (>1.25L),Qualcomm,Snapdragon X Elite -,Snapdragon X,4,16,LPDDR5,512,SSD,0.0312,13.0,Integrated,0,0,0,0,Windows 11 Home
Lenovo,Lenovo IdeaPad Flex 5,79990.0,Upper Mid-Range (75K-1.25L),Intel,Core i5 13th Gen 1335U,Core i5,3,16,LPDDR4X,512,SSD,0.0312,14.0,Integrated,0,0,0,0,Windows 11 Home
ASUS,ASUS,71990.0,Mid-Range (40K-75K),AMD,Ryzen 5 Quad Core,Ryzen 5,3,16,LPDDR5,512,SSD,0.0312,15.6,Integrated,0,0,0,0,Windows 11 Home
HP,HP Spectre 16 Eyesafe Evo,120990.0,Upper Mid-Range (75K-1.25L),Intel,Core i7 12th Gen 12700H,Core i7,4,16,LPDDR4X,512,SSD,0.0312,16.0,Integrated,0,0,0,0,Windows 11 Home
ASUS,ASUS Chromebook Flip Touch,30990.0,Budget (<40K),Intel,Celeron Dual Core N4020,Celeron Dual Core N4020,1,4,DDR4,32,eMMC,0.125,11.6,Integrated,0,0,1,0,Windows 11 Home
ASUS,ASUS,86728.0,Upper Mid-Range (75K-1.25L),Intel,Core 5,Core 5,3,16,DDR5,512,SSD,0.0312,16.0,Integrated,0,0,0,0,Windows 11 Home
ASUS,ASUS TUF Gaming A14 (2026) FA401EA,239990.0,Premium / Flagship (>1.25L),AMD,Ryzen AI Max+ 392,Ryzen AI Max,5,32,LPDDR5X,1024,NVMe SSD,0.0312,14.0,Integrated,1,0,0,0,Windows 11 Home
ASUS,ASUS Vivobook S 14 OLED (S5406),128990.0,Premium / Flagship (>1.25L),Intel,Core ultra 5 226V,nan,4,16,LPDDR5X,1024,SSD,0.0156,14.0,Integrated,0,0,0,1,Windows 11 Home
ASUS,ASUS Zenbook 14 OLED (UM3406),67193.0,Mid-Range (40K-75K),AMD,RYZEN AI 5 icon Up to 50 TOPS NPU NPU icon 75Wh battery capacity 35,nan,3,16,DDR5,1024,SSD,0.0156,14.0,Integrated,0,0,0,1,Windows 11 Home
ASUS,ASUS Zenbook 14 OLED (UX3405),124990.0,Upper Mid-Range (75K-1.25L),Intel,Core Ultra 9 285H,Core Ultra 9,5,32,LPDDR5X,1024,SSD,0.0312,14.0,Integrated,0,0,0,1,Windows 11 Home
ASUS,Vivobook 15 (X1502),68990.0,Mid-Range (40K-75K),Intel,Core i5-1240P,Core i5,3,16,LPDDR5,1024,PCIe SSD,0.0156,15.6,Integrated,0,0,0,0,Windows 11 Home
ASUS,ASUS TUF Gaming A14 (2026) FA401GM,199990.0,Premium / Flagship (>1.25L),AMD,Ryzen AI 9 465 processor Read more about performance NVIDIA,Ryzen AI 9,3,16,LPDDR5X,2048,NVMe SSD,0.0078,14.0,Discrete,1,0,0,0,Windows 11 Home
ASUS,ASUS VivoBook 14,59876.0,Mid-Range (40K-75K),Intel,Core i5 10th Gen 10210U,Core i5,3,8,DDR4,256,SSD,0.0312,14.0,Integrated,0,0,0,0,Windows 10
Acer,Acer Nitro 5,101564.0,Upper Mid-Range (75K-1.25L),AMD,Ryzen 5 Hexa Core 4600H,Ryzen 5,3,8,DDR4,256,SSD,0.0312,15.6,Integrated,1,0,0,0,Windows 11
Dell,DELL,68990.0,Mid-Range (40K-75K),Intel,Core i5 12th Gen 1235U,Core i5,3,8,DDR4,256,SSD,0.0312,15.6,Integrated,0,0,0,0,Windows 11 Home
