brand,model,model_number,series,release_year,cpu_brand,cpu_model,cpu_family,cpu_generation,cpu_cores,cpu_threads,cpu_base_clock_ghz,cpu_boost_clock_ghz,gpu_brand,gpu_model,gpu_type,gpu_vram_gb,gpu_memory_type,gpu_tgp_w,npu,npu_tops,ram_gb,ram_type,ram_speed,ram_speed_mhz,ram_upgradeable,ram_slots,storage_type,storage_gb,storage_interface,ssd_slots,storage_upgradeable,max_expandable_storage_tb,display_size_inches,resolution_width,resolution_height,resolution,aspect_ratio,panel_type,refresh_rate_hz,response_time_ms,color_gamut,brightness_nits,touchscreen,screen_finish,weight_kg,battery_wh,build_material,build_quality,fingerprint,face_unlock,operating_system,windows_included,wifi,bluetooth,webcam,ports,keyboard_backlight,keyboard_type,speakers,sd_card_reader,thunderbolt,usb4,warranty_years,price_current,price_original,price_discount,price_lowest,price_average,price_highest,price_source_count,website,url,scraped_at,price_status
ASUS,ASUS TUF Gaming A14 (2026) FA401EA,FA401EA,TUF Gaming,2026,AMD,Ryzen AI Max+ 392,Ryzen AI Max,,12,24,,,AMD,AMD Radeon 8060S,Integrated,,Unified Memory,,AMD XDNA 2,50,32,LPDDR5X,8000,8000,,,NVMe SSD,1024,,2,True,4.0,14.0,2560,1600,2560x1600,16:10,IPS,165,3,100% sRGB,,,Anti-glare,1.48,73.0,Aluminum lid and underside,MIL-STD-810H,False,True,Windows 11 Home,True,WiFi 6E,,FHD IR camera,"[""1 x HDMI 2.1"", ""1 x USB4"", ""1 x USB3.2"", ""1 x USB3.2 Type-C"", ""1 x USB3.2 Gen2 Type A"", ""1 x Audio jack"", ""1 x Card reader""]",Mini-LED Backlight Keyboard,,Dolby Atmos,True,False,True,,239990.0,,,239990.0,239990.0,239990.0,1,asus,https://www.asus.com/in/laptops/for-gaming/tuf-gaming/asus-tuf-gaming-a14-2026-fa401ea/,2026-09-28T10:19:11.030306+00:00,insufficient_sources
ASUS,ASUS ExpertBook Ultra,,ExpertBook,2026,,,,,,,,,,,,,,,,50,64,LPDDR5X,,,,,,,,,,,14.0,,,,,OLED,120,,100% sRGB,1400.0,True,Anti-glare,0.99,,Magnesium-aluminum alloy,MIL-STD-810H,True,False,Windows 11 Pro,True,WiFi 7,,,[],backlit keyboard,,,False,True,False,,,,,,,,0,asus,https://www.asus.com/in/laptops/for-work/expertbook/asus-expertbook-ultra/,2026-09-28T10:19:13.455687+00:00,insufficient_sources
ASUS,ASUS Chromebook CX1 (CX1500) 8GB RAM Laptop,,,,,,,,2,,,2.8,,,,,,,,,4,LPDDR4X,,,False,,eMMC,,,,,,,1920,1080,1920x1080,16:9,IPS,60,,,250.0,False,Anti-glare,1.8,42.0,,,False,False,Chrome OS,False,Wi-Fi 6,,720p HD camera,[],,Chiclet Keyboard,,True,False,False,,,,,,,,0,asus,https://www.asus.com/in/laptops/for-home/chromebook/asus-chromebook-cx1-cx1500/techspec/,2026-09-28T10:19:15.808078+00:00,insufficient_sources
ASUS,ASUS Vivobook S14 (M3407),,Vivobook,2021,AMD,Ryzen AI 7 350,Ryzen AI,,,,,,,,,,,,,50,16,DDR5,,,,,,512,,,,,,1920,1200,1920x1200,16:10,OLED,,,,,,Anti-glare,1.4,70.0,,MIL-STD-810H,False,True,Windows 11 Home,True,,,,[],,,,False,False,False,,79990.0,,,79990.0,79990.0,79990.0,1,asus,https://www.asus.com/in/laptops/for-home/vivobook/asus-vivobook-s14-m3407/,2026-09-28T10:19:17.871636+00:00,insufficient_sources
ASUS,ASUS Vivobook Max X541UV,,Vivobook,,,,,,,,,,,,,,,,,,,,,,,,,,,,,,,,,,,IPS,,,,,,,,,,,False,False,Windows 11,True,,,,[],,,,False,False,False,,,,,,,,0,asus,https://www.asus.com/in/laptops/for-home/vivobook/asus-vivobook-max-x541uv/,2026-09-28T10:19:19.801605+00:00,insufficient_sources
ASUS,ASUS Vivobook 14 (M1407),,Vivobook,,,,,,,,,,,,,,,,,,16,DDR5,,,,,,512,,,,,14.0,,,,,IPS,60,,,,,Anti-glare,1.46,,,MIL-STD-810H,False,True,Windows 11 Home,True,Wi-Fi 6,,,[],,,,False,False,False,,81990.0,,,81990.0,81990.0,81990.0,1,asus,https://www.asus.com/in/laptops/for-home/vivobook/asus-vivobook-14-m1407/,2026-09-28T10:19:21.991588+00:00,insufficient_sources
ASUS,ProArt P16 (H7607),,ProArt,,,,,,,,,,,,,,Unified Memory,,,,128,Unified Memory,,,,,,,,,,,,,,,,OLED,120,,100% DCI-P3,600.0,,Glossy,1.77,,,,False,False,Windows 11 Home,True,,,,[],,,,False,False,False,,,,,,,,0,asus,https://www.asus.com/in/laptops/for-creators/proart/proart-p16-h7607/,2026-09-28T10:19:24.587701+00:00,insufficient_sources
ASUS,ASUS ExpertBook P1 (PM1503),,ExpertBook,,,,,,,,,,,,,,,,,,4,DDR5,,,,,,,,,,,,,,,,IPS,,,,,,,1.6,,,MIL-STD-810H,True,False,Windows 11 Pro,True,,,,[],,,,False,False,False,,,,,,,,0,asus,https://www.asus.com/in/laptops/for-work/expertbook/asus-expertbook-p1-pm1503/,2026-09-28T10:19:26.641864+00:00,insufficient_sources
ASUS,ASUS Chromebook Flip CX1 (CX1400),,,,,,,,2,,,2.8,,,,,,,,,8,LPDDR4X,,,False,,eMMC,,,,,,14.0,1920,1080,1920x1080,16:9,IPS,60,,,250.0,,Glossy,1.63,,,,False,False,Chrome OS,False,Wi-Fi 6,,720p HD camera,[],,Chiclet Keyboard,,True,False,False,,,,,,,,0,asus,https://www.asus.com/in/laptops/for-home/chromebook/asus-chromebook-flip-cx1-cx1400/techspec/,2026-09-28T10:25:20.145628+00:00,insufficient_sources
ASUS,ASUS Zenbook A14 (UX3407); Copilot+ PC 16GB RAM,UX3407QA,Zenbook,2021,Qualcomm,Snapdragon X Elite X1E 78 100 Processor,Snapdragon X,,8,8,,2.97,Qualcomm,Qualcomm Adreno GPU,Integrated,,,,,45,16,LPDDR5X,,,False,,NVMe SSD,512,PCIe 4.0 NVMe,,,,14.0,1920,1200,1920x1200,16:10,OLED,60,0,100% DCI-P3,600.0,,Anti-glare,0.98,70.0,,,False,False,Windows 11 Home,True,Wi-Fi 6E,,FHD camera,"[""1x HDMI 2.1""]",,Chiclet Keyboard,,False,False,False,,,,,,,,0,asus,https://www.asus.com/in/laptops/for-home/zenbook/asus-zenbook-a14-ux3407/techspec/,2026-09-28T10:19:30.389406+00:00,insufficient_sources
ASUS,ASUS Chromebook CM32 Detachable (CM3206),,,2026,,,,,,,,,,,,,,,,,8,LPDDR5X,,,,,,,,,,,12.1,,,,,IPS,120,,,600.0,True,,,,,,False,False,Chrome OS,False,WiFi 7,,,[],,,,False,False,False,,37990.0,,,37990.0,37990.0,37990.0,1,asus,https://www.asus.com/in/laptops/for-home/chromebook/asus-chromebook-cm32-detachable-cm3206/,2026-09-28T10:19:33.156778+00:00,insufficient_sources
ASUS,ASUS Vivobook 14 (X1404),,Vivobook,2020,,,,,6,,,4.6,,,,,,,,,16,DDR5,,,True,,,,,,,,14.0,,,,,IPS,240,,,,,,1.4,,,,True,False,Windows 11 Home,True,WiFi 6,,,[],Backlit keyboard,,,False,False,False,,50990.0,,,50990.0,50990.0,50990.0,1,asus,https://www.asus.com/in/laptops/for-home/vivobook/asus-vivobook-14-x1404/,2026-09-28T10:19:35.264666+00:00,insufficient_sources
ASUS,ASUS Vivobook 14 Flip (TP3407) Intel Arc Laptop,TP3407SA,Vivobook,2021,,,,,8,8,,4.8,Intel,Intel Arc Laptop,Integrated,,,,,47,16,LPDDR5X,,,False,,NVMe SSD,1024,PCIe 4.0 NVMe,,,,14.0,1920,1200,1920x1200,16:10,OLED,60,0,100% DCI-P3,300.0,,Anti-glare,1.57,70.0,,,False,False,Windows 11 Home,True,Wi-Fi 7,,FHD camera,"[""1x HDMI 2.1"", ""1x Thunderbolt 4""]",,Chiclet Keyboard,,True,True,False,,,,,,,,0,asus,https://www.asus.com/in/laptops/for-home/vivobook/asus-vivobook-14-flip-tp3407/techspec/,2026-09-28T10:19:38.221165+00:00,insufficient_sources
ASUS,ASUS Vivobook Go 15 OLED,,Vivobook,2024,AMD,Ryzen 5 7520U,Ryzen 5,7,4,8,,4.3,AMD,AMD Radeon Graphics,Integrated,,,,,,8,LPDDR5,,,False,,,1024,PCIe 3.0 NVMe,,,,15.6,1920,1080,1920x1080,16:9,OLED,60,0,100% DCI-P3,600.0,,Anti-glare,1.63,42.0,,,False,False,Windows 11 Home,True,Wi-Fi 6E,,720p HD camera,"[""1x HDMI 1.4""]",,Chiclet Keyboard,,False,False,False,,,,,,,,0,asus,https://www.asus.com/in/laptops/for-home/vivobook/vivobook-go-15-oled-e1504f/techspec/,2026-09-28T10:19:41.157216+00:00,insufficient_sources
ASUS,ASUS ExpertBook B1 (B1503),,ExpertBook,,Intel,Core i7-13620H,Core i7,13,10,16,,4.9,Intel,Intel Graphics,Integrated,,,,,,32,DDR5,,,True,,PCIe SSD,512,PCIe 4.0 NVMe,,,,,1920,1080,1920x1080,16:9,IPS,30,,,250.0,False,Anti-glare,1.64,42.0,,,True,False,Windows 11 Home,True,Wi-Fi 6E,,FHD camera,"[""1x HDMI"", ""1x RJ45""]",,Chiclet Keyboard,,False,False,False,,,,,,,,0,asus,https://www.asus.com/in/laptops/for-work/expertbook/asus-expertbook-b1-b1503/techspec/,2026-09-28T10:19:42.868998+00:00,insufficient_sources
ASUS,ASUS Vivobook S15 S510,,Vivobook,,,,,,,,,,,,,,,,,,16,DDR4,2133,2133,,,,,,,,,14.0,,,,,IPS,,,,,,,1.5,,,,True,False,Windows 11,True,,,,[],Backlit Keyboard,,,False,False,False,,,,,,,,0,asus,https://www.asus.com/in/laptops/for-students/vivobook/asus-vivobook-s15-s510/,2026-09-28T10:19:45.834140+00:00,insufficient_sources
ASUS,ASUS Zenbook S 14 (UX5406),UX5406SA,Zenbook,2025,,,,,,,,,,,,,,,,50,32,,,,,,,1024,,,,,14.0,,,,,OLED,120,,,1100.0,,Anti-glare,1.2,77.0,Aluminum chassis,,False,True,Windows 11 Home,True,,,,[],,,,False,True,False,,134990.0,,,134990.0,134990.0,134990.0,1,asus,https://www.asus.com/in/laptops/for-home/zenbook/asus-zenbook-s-14-ux5406/,2026-09-28T10:19:48.644412+00:00,insufficient_sources
ASUS,ProArt P16 (H7606),,ProArt,2025,AMD,Ryzen AI 9 HX 370,Ryzen AI 9,,12,,,5.1,NVIDIA,NVIDIA GeForce RTX 5090 Laptop GPU,Discrete,24,GDDR7,,,50,64,LPDDR5X,7500,7500,,,PCIe SSD,,PCIe 4.0 NVMe,,,,16.0,,,,,OLED,120,0,133% sRGB,600.0,True,Anti-glare,,,,,False,False,Windows 11 Home,True,WiFi 7,,,[],,,Dolby Atmos,True,True,True,,439990.0,,,439990.0,439990.0,439990.0,1,asus,https://www.asus.com/in/laptops/for-creators/proart/proart-p16-h7606/,2026-09-28T10:19:50.883627+00:00,insufficient_sources
ASUS,ASUS Vivobook S15 (S5507) Copilot PC,,Vivobook,2021,Qualcomm,Snapdragon X Elite X1E 78 100 Processor,Snapdragon X,,8,8,,3.2,Qualcomm,Qualcomm Adreno GPU,Integrated,,,,,45,16,LPDDR5X,,,False,,NVMe SSD,1024,PCIe 4.0 NVMe,,,,15.6,2880,1620,2880x1620,16:9,OLED,120,0,100% DCI-P3,600.0,,Glossy,1.42,70.0,,,False,False,Windows 11 Home,True,Wi-Fi 7,,FHD camera,"[""1x HDMI 2.1""]",,Chiclet Keyboard,,True,False,False,,,,,,,,0,asus,https://www.asus.com/in/laptops/for-home/vivobook/asus-vivobook-s-15-s5507/techspec/,2026-09-28T10:19:52.730065+00:00,insufficient_sources
ASUS,ExpertBook P1 (P1403),,ExpertBook,,Intel,Core i7-13620H,Core i7,13,10,16,,4.9,Intel,Intel Graphics,Integrated,,,,,,16,DDR5,5200,5200,True,,PCIe SSD,512,PCIe 4.0 NVMe,,,,14.0,1920,1080,1920x1080,16:9,IPS,60,,,,False,Anti-glare,1.41,,,,True,False,Windows 11 Home,True,Wi-Fi 6,,720p HD camera,"[""1x HDMI 1.4"", ""1x RJ45""]",,Chiclet Keyboard,,False,False,False,,,,,,,,0,asus,https://www.asus.com/in/laptops/for-work/expertbook/expertbook-p1-p1403/techspec/,2026-09-28T10:19:55.737188+00:00,insufficient_sources
ASUS,ASUS Vivobook S16 (S3607),,Vivobook,2026,Intel,Core ultra 5 225H,,,,,,,,,,,,,,,16,DDR5,,,True,1,,512,,,,,,1920,1200,1920x1200,16:10,OLED,144,,,,,Anti-glare,1.7,70.0,,MIL-STD-810H,False,True,Windows 11 Home,True,,,,[],,,,False,False,False,,134990.0,,,134990.0,134990.0,134990.0,1,asus,https://www.asus.com/in/laptops/for-home/vivobook/asus-vivobook-s16-s3607/,2026-09-28T10:20:00.408000+00:00,insufficient_sources
ASUS,ASUS Vivobook X540LA,,Vivobook,,,,,,,,,,,,,,,,,,12,,,,,,,,,,,,,,,,,,,,,,True,,1.9,,,,False,False,Windows 10,True,,,,[],,chiclet keyboard,,True,False,False,,,,,,,,0,asus,https://www.asus.com/in/laptops/for-home/everyday-use/asus-vivobook-x540la/,2026-09-28T10:20:05.679690+00:00,insufficient_sources
ASUS,X453MA,,,,,,,,,,,,,,,,,,,,,,,,,,,,,,,,,,,,,,,,,,True,,,,,,False,False,Windows 11 Home,True,,,,[],,Chiclet keyboard,,False,False,False,,,,,,,,0,asus,https://www.asus.com/in/laptops/for-home/everyday-use/x453ma/,2026-09-28T10:20:11.951711+00:00,insufficient_sources
ASUS,ASUS Zenbook DUO (UX8407),UX8407AA,Zenbook,2021,,,,,8,8,,4.7,Intel,Intel Graphics,Integrated,,,,,49,32,LPDDR5X,,,False,,NVMe SSD,1024,PCIe 4.0 NVMe,,,,14.0,2880,1800,2880x1800,16:10,OLED,60,0,100% DCI-P3,500.0,,,1.65,99.0,,,False,False,Windows 11 Home,True,Wi-Fi 7,,FHD camera,"[""1x HDMI 2.1"", ""2x Thunderbolt 4""]",,,,False,True,False,,,,,,,,0,asus,https://www.asus.com/in/laptops/for-home/zenbook/asus-zenbook-duo-ux8407/techspec/,2026-09-28T10:20:17.100013+00:00,insufficient_sources
ASUS,Vivobook S16 S3607QA a Snapdragon X Laptop,,Vivobook,2021,Qualcomm,Snapdragon X Laptop,Snapdragon X,,8,8,,2.97,Qualcomm,Qualcomm Adreno GPU,Integrated,,,,,45,16,LPDDR5X,,,False,,NVMe SSD,512,PCIe 4.0 NVMe,,,,,1920,1200,1920x1200,16:10,OLED,60,0,,300.0,,Anti-glare,1.74,70.0,,,False,False,Windows 11 Home,True,Wi-Fi 6E,,FHD camera,"[""1x HDMI 2.1""]",,Chiclet Keyboard,,False,False,False,,,,,,,,0,asus,https://www.asus.com/in/laptops/for-home/vivobook/asus-vivobook-s16-s3607q/techspec/,2026-09-28T10:20:20.133455+00:00,insufficient_sources
ASUS,2021 ASUS TUF Gaming A15 RTX 3050 Laptop,FA506NC,TUF Gaming,2021,AMD,Ryzen 5 7535HS,Ryzen 5,7,6,12,,4.55,NVIDIA,NVIDIA GeForce RTX 2050 Laptop GPU,Discrete,,,,AMD XDNA,16,32,DDR5,,,True,,,1024,PCIe 4.0 NVMe,,,,15.6,1920,1080,1920x1080,16:9,IPS,144,,,,,Anti-glare,2.3,48.0,,,False,False,Windows 11 Home,True,Wi-Fi 6,,720P HD camera,"[""1x HDMI 2.1"", ""1x RJ45""]",,Chiclet Keyboard,,False,False,False,,,,,,,,0,asus,https://www.asus.com/in/laptops/for-gaming/tuf-gaming/2021-asus-tuf-gaming-a15/techspec/,2026-09-28T10:20:24.118630+00:00,insufficient_sources
ASUS,"ASUS Vivobook S14 Flip (TP5408, Qualcomm)",TP5408QA,Vivobook,2021,Qualcomm,Snapdragon X X1 26 100 Processor,Snapdragon X,,8,8,,2.97,Qualcomm,Qualcomm Adreno GPU,Integrated,,,,,45,8,LPDDR5X,,,False,,NVMe SSD,512,PCIe 4.0 NVMe,,,,14.0,1920,1200,1920x1200,16:10,IPS,60,0,100% DCI-P3,300.0,,Anti-glare,1.39,50.0,,,False,False,Windows 11 Home,True,Wi-Fi 6E,,FHD camera,"[""1x HDMI 2.1""]",,Chiclet Keyboard,,False,False,False,,,,,,,,0,asus,https://www.asus.com/in/laptops/for-home/vivobook/asus-vivobook-s14-flip-tp5408-qualcomm/techspec/,2026-09-28T10:20:27.840910+00:00,insufficient_sources
ASUS,ExpertBook P3 (P3405),,ExpertBook,,Intel,Core i7-13620H,Core i7,13,10,16,,4.9,,,,,,,,,16,DDR5,,,True,,PCIe SSD,512,PCIe 4.0 NVMe,,,,14.0,,,,,IPS,60,,,,False,Anti-glare,1.36,,,,True,False,Windows 11 Home,True,Wi-Fi 6,,FHD camera,"[""1x HDMI"", ""1x RJ45""]",,,,False,False,False,,,,,,,,0,asus,https://www.asus.com/in/laptops/for-work/expertbook/asus-expertbook-p3-p3405/techspec/,2026-09-28T10:20:32.101287+00:00,insufficient_sources
ASUS,ASUS Vivobook S14 S430,,Vivobook,,Intel,Core i7-8565U,Core i7,,,,,4.6,,,,2,GDDR5,,,,8,DDR4,,,,,SATA SSD,,SATA III,,,,14.0,1920,1080,1920x1080,16:9,IPS,60,,,,,Anti-glare,1.4,,,,True,False,Windows 11,True,,,,"[""1 x HDMI 1""]",,,,True,False,False,,,,,,,,0,asus,https://www.asus.com/in/laptops/for-home/vivobook/asus-vivobook-s14-s430/techspec/,2026-09-28T10:20:36.262841+00:00,insufficient_sources
ASUS,ASUS ExpertBook P1 (PM1403),,ExpertBook,,,,,,,,,,,,,,,,,,4,DDR5,,,,,,,,,,,,,,,,IPS,,,,,,,1.4,,,MIL-STD-810H,True,False,Windows 11 Pro,True,,,,[],,,,False,False,False,,,,,,,,0,asus,https://www.asus.com/in/laptops/for-work/expertbook/asus-expertbook-p1-pm1403/,2026-09-28T10:20:42.401463+00:00,insufficient_sources
ASUS,ASUS Chromebook C300,,,,,,,,,,,,,,,,,,,,,,,,,,,,,,,,,1366,786,1366x786,16:9,IPS,,,,,True,Anti-glare,,,,,False,False,Chrome OS,False,,Bluetooth 4.0,HD camera,[],,,,True,False,False,,,,,,,,0,asus,https://www.asus.com/in/laptops/for-home/chromebook/asus_chromebook_c300/,2026-09-28T10:20:48.289118+00:00,insufficient_sources
ASUS,ASUS Vivobook Go 15 OLED (E1504G),,Vivobook,2021,,,,,,,,,,,,,,,,,8,LPDDR5,3200,3200,,,,,,,,,15.6,,,,,OLED,500,10,100% DCI-P3,500.0,,,1.63,,,MIL-STD-810H,True,False,Windows 11 Home,True,WiFi 6E,,,[],Backlit keyboard,,,False,False,False,,,,,,,,0,asus,https://www.asus.com/in/laptops/for-home/vivobook/asus-vivobook-go-15-oled-e1504g/,2026-09-28T10:20:53.236211+00:00,insufficient_sources
ASUS,ASUS Vivobook S 14 OLED (S5406),UX3405MA,Vivobook,2025,Intel,Core ultra 5 226V,,,8,,,5.1,,,,,,,,47,16,LPDDR5X,,,,,,1024,PCIe 4.0 NVMe,,,,14.0,,,,,OLED,120,,133% sRGB,600.0,,,1.3,75.0,,,False,True,Windows 11 Home,True,WiFi 6,,,[],backlit keyboard,,Dolby Atmos,True,True,False,,128990.0,,,128990.0,128990.0,128990.0,1,asus,https://www.asus.com/in/laptops/for-home/vivobook/asus-vivobook-s-14-oled-s5406/,2026-09-28T10:20:57.499581+00:00,insufficient_sources
ASUS,Vivobook Go 15 OLED (E1504F),,Vivobook,2023,,,,,,,,,,,,,,,,,16,LPDDR5,5500,5500,,,,,,,,,15.6,,,,,OLED,500,10,100% DCI-P3,600.0,,,1.63,,,MIL-STD-810H,True,False,Windows 11 Home,True,WiFi 6E,,,[],Backlit keyboard,,,False,False,False,,40990.0,,,40990.0,40990.0,40990.0,1,asus,https://www.asus.com/in/laptops/for-home/vivobook/vivobook-go-15-oled-e1504f/,2026-09-28T10:21:02.579905+00:00,insufficient_sources
ASUS,ASUS Zenbook DUO (UX8407),SA205H,Zenbook,2026,,,,,,,,,NVIDIA,RTX 4050,Discrete,,,,,49,32,LPDDR5X,,,,,,2048,,,,,14.0,2880,1800,2880x1800,16:10,OLED,144,,,1000.0,True,Anti-glare,1.65,,,,False,True,Windows 11 Home,True,,,,[],,,,False,True,False,,278990.0,,,278990.0,278990.0,278990.0,1,asus,https://www.asus.com/in/laptops/for-home/zenbook/asus-zenbook-duo-ux8407/,2026-09-28T10:21:08.489378+00:00,insufficient_sources
ASUS,TUF Gaming A16 Advantage Edition,FA617XS,TUF Gaming,2023,AMD,Ryzen 9 7940HS,Ryzen 9,7,8,16,,5.2,AMD,AMD Radeon RX 7600S,Discrete,8,GDDR6,,,,8,DDR5,,,True,,,1024,PCIe 4.0 NVMe,,,,16.0,1920,1200,1920x1200,16:10,IPS,165,,,,,Anti-glare,2.2,90.0,,,False,False,Windows 11 Home,True,Wi-Fi 6,,720P HD camera,"[""1x HDMI 2.1"", ""1x RJ45""]",,,Dolby Atmos,False,False,False,,,,,,,,0,asus,https://www.asus.com/in/laptops/for-gaming/tuf-gaming/asus-tuf-gaming-a16-advantage-edition-2023/techspec/,2026-09-28T10:21:13.414369+00:00,insufficient_sources
ASUS,ASUS Vivobook S16 (M3607),,Vivobook,2021,AMD,Ryzen AI 5 330 Processor 2,Ryzen AI,,6,12,,4.9,AMD,AMD Radeon Graphics,Integrated,,,,AMD XDNA,50,16,DDR5,,,True,,NVMe SSD,1024,PCIe 4.0 NVMe,,,,,1920,1200,1920x1200,16:10,OLED,60,0,,300.0,,Anti-glare,1.7,70.0,,,False,False,Windows 11 Home,True,Wi-Fi 6,,FHD camera,"[""1x HDMI 2.1""]",,Chiclet Keyboard,,False,False,False,,,,,,,,0,asus,https://www.asus.com/in/laptops/for-home/vivobook/asus-vivobook-s16-m3607/techspec/,2026-09-28T10:21:17.194494+00:00,insufficient_sources
ASUS,ASUS ExpertBook B1 (B1403),,ExpertBook,,Intel,Core i7-13620H,Core i7,13,10,16,,4.9,Intel,Intel Graphics,Integrated,,,,,,16,DDR5,,,True,,PCIe SSD,512,PCIe 4.0 NVMe,,,,14.0,1920,1080,1920x1080,16:9,IPS,60,,,,False,Anti-glare,1.4,42.0,,,False,False,Windows 11 Home,True,Wi-Fi 6,,720p HD camera,"[""1x HDMI 1.4"", ""1x RJ45""]",,Chiclet Keyboard,,False,False,False,,,,,,,,0,asus,https://www.asus.com/in/laptops/for-work/expertbook/asus-expertbook-b1-b1403/techspec/,2026-09-28T10:21:20.354524+00:00,insufficient_sources
ASUS,ASUS Chromebook C201,,,,,,,,,,,,,,,,,,,,,,,,,,,,,,,,11.6,287,194,287x194,3:2,IPS,,,,,,,,,,,False,False,Chrome OS,False,,,,[],,chiclet keyboard,,False,False,False,,,,,,,,0,asus,https://www.asus.com/in/laptops/for-home/chromebook/asus-chromebook-c201/,2026-09-28T10:21:26.033076+00:00,insufficient_sources
ASUS,ASUS ProArt P16 (H7606) Copilot+ PC,,ProArt,2021,AMD,Ryzen AI 9 HX 370,Ryzen AI 9,,12,24,,5.1,NVIDIA,NVIDIA GeForce RTX 5090 Laptop GPU,Discrete,24,GDDR7,,AMD XDNA,50,64,LPDDR5X,,,False,,NVMe SSD,2048,PCIe 4.0 NVMe,,,,,3840,2400,3840x2400,16:10,OLED,120,0,100% DCI-P3,1600.0,,,1.95,90.0,,,False,False,Windows 11 Home,True,Wi-Fi 7,,FHD camera,"[""1x HDMI 2.1""]",,Chiclet Keyboard,,True,False,False,,,,,,,,0,asus,https://www.asus.com/in/laptops/for-creators/proart/proart-p16-h7606/techspec/,2026-09-28T10:21:31.827067+00:00,insufficient_sources
ASUS,ASUS Vivobook S 15 OLED (S5504) 1TB SSD Laptop,,Vivobook,2021,Intel,Core i5-13500H,Core i5,13,12,16,,4.7,Intel,Intel Iris Xe Graphics,Integrated,,,,,,16,LPDDR5,,,False,,NVMe SSD,1024,PCIe 4.0 NVMe,,,,15.6,2880,1620,2880x1620,16:9,OLED,120,0,100% DCI-P3,600.0,,Glossy,1.6,75.0,,,True,False,Windows 11 Home,True,Wi-Fi 6E,,FHD camera,"[""1x HDMI 1.4"", ""1x Thunderbolt 4""]",,Chiclet Keyboard,,False,True,False,,,,,,,,0,asus,https://www.asus.com/in/laptops/for-home/vivobook/asus-vivobook-s-15-oled-s5504/techspec/,2026-09-28T10:21:35.534007+00:00,insufficient_sources
ASUS,"ASUS ExpertBook P3 G1 (16"" Intel)",,ExpertBook,,,,,,,,,,,,,,,,,,6,DDR5,,,,,,512,PCIe 4.0 NVMe,,,,16.0,,,,,IPS,500,,,,,Anti-glare,1.78,70.0,,MIL-STD-810H,False,False,Windows 11 Pro,True,,,,[],,,,False,True,False,,,,,,,,0,asus,https://www.asus.com/in/laptops/for-work/expertbook/asus-expertbook-p3-g1-16-intel/,2026-09-28T10:21:38.787854+00:00,insufficient_sources
ASUS,ExpertBook B5 (B5405),,ExpertBook,,,,,,16,16,,5.1,Intel,Intel Arc Graphics,Integrated,,,,,13,32,DDR5,,,True,,PCIe SSD,,PCIe 4.0 NVMe,,,,14.0,,,,,IPS,60,,,400.0,False,Anti-glare,1.35,,,,True,False,Windows 11 Pro,True,Wi-Fi 7,,FHD camera,"[""1x HDMI"", ""2x Thunderbolt 4"", ""1x RJ45""]",,,,True,True,True,,,,,,,,0,asus,https://www.asus.com/in/laptops/for-work/expertbook/asus-expertbook-b5-b5405/techspec/,2026-09-28T10:21:43.513439+00:00,insufficient_sources
ASUS,ASUS Zenbook S14 (UX5406) Copilot PC Windows 11,UX5406SA,Zenbook,2021,,,,,8,8,,4.8,Intel,Intel Graphics,Integrated,,,,,47,32,LPDDR5X,,,False,,NVMe SSD,1024,PCIe 4.0 NVMe,,,,14.0,2880,1800,2880x1800,16:10,OLED,120,0,100% DCI-P3,500.0,,Anti-glare,1.2,72.0,,,False,False,Windows 11 Home,True,Wi-Fi 7,,FHD camera,"[""1x HDMI 2.1"", ""2x Thunderbolt 4""]",,Chiclet Keyboard,,False,True,False,,,,,,,,0,asus,https://www.asus.com/in/laptops/for-home/zenbook/asus-zenbook-s-14-ux5406/techspec/,2026-09-28T10:21:46.897020+00:00,insufficient_sources
ASUS,X455LA,,,,,,,,,,,,,,,,,,,,,,,,,,,,,,,,,,,,,,,,,,True,Anti-glare,,,,,False,False,Windows 11 Home,True,,,,[],,chiclet keyboard,,True,False,False,,,,,,,,0,asus,https://www.asus.com/in/laptops/for-home/everyday-use/x455la/,2026-09-28T10:21:53.347760+00:00,insufficient_sources
ASUS,ASUS TUF Gaming 16 (2026),,TUF Gaming,2026,Intel,Core i7 14650HX,Core i7,14,,,,,NVIDIA,NVIDIA GeForce RTX 5060 Laptop GPU,Discrete,,,85,,,,DDR5,,,True,,,,,4,True,,16.0,1920,1200,1920x1200,16:10,IPS,144,3,100% sRGB,,,Anti-glare,,63.0,,MIL-STD-810H,False,False,Windows 11 Home,True,,,,[],,,Dolby Atmos,False,False,False,,159990.0,,,159990.0,159990.0,159990.0,1,asus,https://www.asus.com/in/laptops/for-gaming/tuf-gaming/asus-tuf-gaming-16-2026/,2026-09-28T10:21:56.906001+00:00,insufficient_sources
ASUS,ASUS Chromebook CM14 (CM1402C) 14 Inch Laptop,CM1402C,,,,,,,8,,,2.0,,,,,,,,,8,LPDDR4X,,,False,,eMMC,,,,,,14.0,1920,1080,1920x1080,16:9,IPS,60,,,250.0,False,Anti-glare,1.45,42.0,,,False,False,Chrome OS,False,Wi-Fi 6,,720p HD camera,[],,Chiclet Keyboard,,True,False,False,,,,,,,,0,asus,https://www.asus.com/in/laptops/for-home/chromebook/asus-chromebook-cm14-cm1402c/techspec/,2026-09-28T10:22:01.101680+00:00,insufficient_sources
ASUS,ASUS Transformer Book T101,,,,,,,,,,,,,,,,,,,,,,,,,,,,,,,,,,,,,,,,,,,,,,,MIL-STD-810H,False,False,Windows 10,True,,,,[],,,,False,False,False,,,,,,,,0,asus,https://www.asus.com/in/laptops/for-home/everyday-use/asus-transformer-book-t101/,2026-09-28T10:22:07.145150+00:00,insufficient_sources
ASUS,ASUS Zenbook 14 OLED (UM3406),UM3406GA,Zenbook,2026,AMD,RYZEN AI 5 icon Up to 50 TOPS NPU NPU icon 75Wh battery capacity 35,,,4,,,4.5,,,,,,,AMD XDNA 2,50,16,,,,,,,1024,,,True,1.0,14.0,,,,,OLED,60,,133% sRGB,500.0,True,Anti-glare,1.28,75.0,,,False,False,Windows 11 Home,True,Wi-Fi 6E,,,[],,,,False,False,False,,67193.0,,,67193.0,67193.0,67193.0,1,asus,https://www.asus.com/in/laptops/for-home/zenbook/asus-zenbook-14-oled-um3406/,2026-09-28T10:22:13.347687+00:00,insufficient_sources
ASUS,ASUS Zenbook 14 OLED (UM3406),UM3406KA,Zenbook,2021,AMD,Ryzen AI 5 340 Processor 2,Ryzen AI,,6,12,,4.8,AMD,AMD Radeon Graphics,Integrated,,,,AMD XDNA,50,16,LPDDR5X,,,False,,NVMe SSD,1024,PCIe 4.0 NVMe,,,,14.0,2880,1800,2880x1800,16:10,OLED,120,0,100% DCI-P3,600.0,,Anti-glare,1.2,75.0,,,False,False,Windows 11 Home,True,Wi-Fi 6E,,FHD camera,"[""1x HDMI 2.1""]",,Chiclet Keyboard,,False,False,False,,,,,,,,0,asus,https://www.asus.com/in/laptops/for-home/zenbook/asus-zenbook-14-oled-um3406/techspec/,2026-09-28T10:23:17.774576+00:00,insufficient_sources
ASUS,ASUS Vivobook S16 (S5652),,Vivobook,2021,,,,,6,6,,4.8,Intel,Intel Graphics,Integrated,,,,,17,16,LPDDR5X,,,False,,NVMe SSD,512,PCIe 4.0 NVMe,,,,,1920,1200,1920x1200,16:10,IPS,60,,,300.0,,Anti-glare,1.5,52.5,,,False,False,Windows 11 Home,True,Wi-Fi 6,,FHD camera,"[""1x HDMI 2.1""]",,Chiclet Keyboard,,False,False,False,,,,,,,,0,asus,https://www.asus.com/in/laptops/for-home/vivobook/asus-vivobook-s16-s5652/techspec/,2026-09-28T10:23:22.255398+00:00,insufficient_sources
ASUS,ExpertBook P5 (P5405),,ExpertBook,2025,,,,,,,,,Intel,Intel ARC GPU,Integrated,,,,,47,32,LPDDR5X,,,,,,,PCIe 4.0 NVMe,,,,,,,,,IPS,144,,100% sRGB,400.0,,Anti-glare,1.27,,,MIL-STD-810H,False,False,Windows 11,True,,,,[],,,,False,True,False,,,,,,,,0,asus,https://www.asus.com/in/laptops/for-work/expertbook/expertbook-p5-p5405/,2026-09-28T10:23:25.801961+00:00,insufficient_sources
ASUS,Explore Vivobook S16 i7 Laptop,,Vivobook,2021,Intel,Core i5-13420H,Core i5,13,8,12,,4.6,Intel,Intel Arc Graphics,Integrated,,,,,13,8,DDR5,,,True,,NVMe SSD,1024,PCIe 4.0 NVMe,,,,,1920,1200,1920x1200,16:10,OLED,60,0,,300.0,,Anti-glare,1.7,70.0,,,False,False,Windows 11 Home,True,Wi-Fi 6,,FHD camera,"[""1x HDMI 1.4"", ""1x HDMI 2.1""]",,Chiclet Keyboard,,False,False,False,,,,,,,,0,asus,https://www.asus.com/in/laptops/for-home/vivobook/asus-vivobook-s16-s3607/techspec/,2026-09-28T10:23:29.223559+00:00,insufficient_sources
ASUS,ASUS Vivobook S 16 OLED (S5606),UX3405MA,Vivobook,2021,Intel,Core ultra 9 185H,,,16,,,5.1,,,,,,,,,16,LPDDR5X,,,,,,1024,PCIe 4.0 NVMe,,,,16.0,,,,,OLED,120,,133% sRGB,600.0,,Anti-glare,1.5,75.0,,,False,True,Windows 11 Home,True,,,,[],backlit keyboard,,Dolby Atmos,True,True,False,,,,,,,,0,asus,https://www.asus.com/in/laptops/for-home/vivobook/asus-vivobook-s-16-oled-s5606/,2026-09-28T10:23:33.451098+00:00,insufficient_sources
ASUS,ExpertBook P5 G2,,ExpertBook,,,,,,16,16,,4.7,Intel,Intel Graphics,Integrated,,,,,50,32,DDR5,,,True,,,,PCIe 4.0 NVMe,,,,14.0,,,,,IPS,60,,,400.0,False,Anti-glare,1.38,,,,True,False,Windows 11 Home,True,Wi-Fi 7,,,"[""1x HDMI"", ""2x Thunderbolt 4"", ""1x RJ45""]",,,,False,True,True,,,,,,,,0,asus,https://www.asus.com/in/laptops/for-work/expertbook/asus-expertbook-p5-g2-14-intel/techspec/,2026-09-28T10:23:38.493019+00:00,insufficient_sources
ASUS,ASUS Chromebook CX14 (CX1405),,,2020,,,,,,,,,,,,,,,,,,LPDDR4X,,,,,,,,,,,14.0,,,,,IPS,240,,,,,,1.39,,,,False,False,Chrome OS,False,Wi-Fi 6,,,[],,,,False,False,False,,18990.0,,,18990.0,18990.0,18990.0,1,asus,https://www.asus.com/in/laptops/for-home/chromebook/asus-chromebook-cx14-cx1405/,2026-09-28T10:23:41.767135+00:00,insufficient_sources
ASUS,ASUS Zenbook 14 OLED (UX3405) 32GB RAM Laptop,UX3405MA,Zenbook,2021,,,,,16,22,,4.8,Intel,Intel Arc Graphics,Integrated,,,,,11,16,LPDDR5X,,,False,,NVMe SSD,1024,PCIe 4.0 NVMe,,,,14.0,2880,1800,2880x1800,16:10,OLED,120,0,100% DCI-P3,500.0,,Anti-glare,1.28,75.0,,,False,False,Windows 11 Home,True,Wi-Fi 6E,,FHD camera,"[""1x HDMI 2.1"", ""2x Thunderbolt 4""]",,Chiclet Keyboard,,False,True,False,,,,,,,,0,asus,https://www.asus.com/in/laptops/for-home/zenbook/asus-zenbook-14-oled-ux3405/techspec/,2026-09-28T10:23:46.669734+00:00,insufficient_sources
ASUS,ExpertBook P3 G1,,ExpertBook,,,,,,16,16,,5.1,Intel,Intel Arc Graphics,Integrated,,,,,13,16,DDR5,,,True,,PCIe SSD,512,PCIe 4.0 NVMe,,,,,,,,,IPS,60,,,,False,Anti-glare,1.77,,,,True,False,Windows 11 Home,True,Wi-Fi 7,,FHD camera,"[""1x HDMI"", ""1x Thunderbolt 4"", ""1x RJ45""]",,,,False,True,True,,,,,,,,0,asus,https://www.asus.com/in/laptops/for-work/expertbook/asus-expertbook-p3-g1-16-intel/techspec/,2026-09-28T10:23:50.900958+00:00,insufficient_sources
ASUS,ExpertBook P3 G1,,ExpertBook,,,,,,16,16,,5.1,Intel,Intel Arc Graphics,Integrated,,,,,13,16,DDR5,,,True,,PCIe SSD,512,PCIe 4.0 NVMe,,,,14.0,,,,,IPS,60,,,,False,Anti-glare,1.43,,,,True,False,Windows 11 Home,True,Wi-Fi 7,,FHD camera,"[""1x HDMI"", ""1x Thunderbolt 4"", ""1x RJ45""]",,,,False,True,True,,,,,,,,0,asus,https://www.asus.com/in/laptops/for-work/expertbook/asus-expertbook-p3-g1-14-intel/techspec/,2026-09-28T10:23:54.034526+00:00,insufficient_sources
ASUS,ASUS ExpertBook CX54 Chromebook Plus(CX5403),,ExpertBook,,,,,,12,14,,4.8,Intel,Intel Graphics,Integrated,,,,,,16,LPDDR5X,,,False,,PCIe SSD,512,PCIe 4.0 NVMe,,,,14.0,,,,,IPS,60,,,500.0,,Anti-glare,1.3,63.0,,,True,False,Chrome OS,False,Wi-Fi 6E,,,"[""1x HDMI"", ""2x Thunderbolt 4""]",,,,True,True,True,,,,,,,,0,asus,https://www.asus.com/in/laptops/for-work/chromebook/asus-expertbook-cx54-chromebook-plus-cx5403/techspec/,2026-09-28T10:23:58.369753+00:00,insufficient_sources
ASUS,"ASUS ExpertBook P3 G1 (14"" Intel)",,ExpertBook,,,,,,,,,,,,,,,,,,6,DDR5,,,,,,512,PCIe 4.0 NVMe,,,,14.0,,,,,IPS,500,,,,,Anti-glare,1.43,70.0,,MIL-STD-810H,False,False,Windows 11 Pro,True,,,,[],,,,False,True,False,,,,,,,,0,asus,https://www.asus.com/in/laptops/for-work/expertbook/asus-expertbook-p3-g1-14-intel/,2026-09-28T10:24:01.605809+00:00,insufficient_sources
ASUS,ExpertBook B5 (B5404),,ExpertBook,2024,,,,,,,,,Intel,Intel Arc graphics,Integrated,,,,,,4,DDR5,5200,5200,True,,,,,,,,,,,,,IPS,,,,400.0,True,,1.29,63.0,,MIL-STD-810H,True,True,Windows 11 Pro,True,WiFi 6E,,,[],,,,True,True,False,,,,,,,,0,asus,https://www.asus.com/in/laptops/for-work/expertbook/expertbook-b5-b5404/,2026-09-28T10:24:06.544066+00:00,insufficient_sources
ASUS,ASUS Vivobook 15 X510UN,,Vivobook,,,,,,,,,,,,,,,,,,8,DDR4,,,,,,,,,,,15.6,,,,,IPS,,,,,,,1.7,,,,False,False,Windows 11,True,,,,[],,,,False,False,False,,,,,,,,0,asus,https://www.asus.com/in/laptops/for-home/vivobook/asus-vivobook-15-x510un/,2026-09-28T10:24:10.875539+00:00,insufficient_sources
ASUS,ASUS Zenbook 14 OLED (UX3405),UX3405CA,Zenbook,2024,Intel,Core Ultra 9 285H,Core Ultra 9,2,16,,,5.4,Intel,Intel Arc integrated graphics,Integrated,,,,,13,32,LPDDR5X,,,,,,1024,PCIe 4.0 NVMe,,True,1.0,14.0,,,,,OLED,120,,133% sRGB,600.0,True,,1.3,75.0,,,False,False,Windows 11 Home,True,Wi-Fi 7,,,"[""2 x Thunderbolt""]",,,,False,True,False,,124990.0,,,124990.0,124990.0,124990.0,1,asus,https://www.asus.com/in/laptops/for-home/zenbook/asus-zenbook-14-oled-ux3405/,2026-09-28T10:24:15.096395+00:00,insufficient_sources
ASUS,ASUS Chromebook CM15,,,,,,,,8,,,2.6,,,,,,,,,,,,,,,eMMC,,,,,,15.6,,,,,IPS,60,,,,,,1.49,50.0,,,False,False,Chrome OS,False,Wi-Fi 6,,FHD camera,"[""1x HDMI""]",,Chiclet Keyboard,,False,False,False,,,,,,,,0,asus,https://www.asus.com/in/laptops/for-home/chromebook/asus-chromebook-cm15-cm1505/techspec/,2026-09-28T10:24:18.880141+00:00,insufficient_sources
ASUS,ASUS TUF Gaming F16 (2025),FX608JPR,TUF Gaming,2025,Intel,Core i5-13450HX,Core i5,13,16,24,,5.2,NVIDIA,NVIDIA GeForce RTX 5070 Laptop GPU,Discrete,8,GDDR7,,,,16,DDR5,,,True,,,1024,PCIe 4.0 NVMe,,,,16.0,2560,1600,2560x1600,16:10,IPS,165,,,,,Anti-glare,2.2,90.0,,,False,True,Windows 11 Home,True,Wi-Fi 6E,,FHD IR Camera,"[""1x HDMI 2.1"", ""1x Thunderbolt 4"", ""1x RJ45""]",,Chiclet Keyboard,Dolby Atmos,False,True,False,,,,,,,,0,asus,https://www.asus.com/in/laptops/for-gaming/tuf-gaming/asus-tuf-gaming-f16-2025/techspec/,2026-09-28T10:24:21.595702+00:00,insufficient_sources
ASUS,ASUS Zenbook UX310UQ,UX310UQ,Zenbook,,,,,,,,,,,,,,,,,,,,,,,,,,,,,,15.6,1920,1080,1920x1080,16:9,IPS,,,,,,,,,,,False,False,Windows 11,True,,,,[],,,,False,False,False,,,,,,,,0,asus,https://www.asus.com/in/laptops/for-home/zenbook/asus-zenbook-ux310uq/,2026-09-28T10:24:25.264724+00:00,insufficient_sources
ASUS,ASUS Vivobook 16 (M1605) Ryzen 7 Laptop,,Vivobook,2021,,,,,8,16,,4.75,AMD,AMD Radeon Graphics,Integrated,,,,,,8,DDR5,,,True,,NVMe SSD,512,PCIe 4.0 NVMe,,,,16.0,1920,1200,1920x1200,16:10,IPS,60,,,300.0,,Anti-glare,1.88,42.0,,,False,False,Windows 11 Home,True,Wi-Fi 6,,720p HD camera,"[""1x HDMI 1.4""]",,Chiclet Keyboard,,False,False,False,,,,,,,,0,asus,https://www.asus.com/in/laptops/for-home/vivobook/asus-vivobook-16-m1605/techspec/,2026-09-28T10:24:29.527283+00:00,insufficient_sources
ASUS,ASUS Vivobook 16 (X1607),,Vivobook,2025,,,,,,,,,,,,,,,,47,16,DDR5,,,True,1,,512,,,,,16.0,1920,1200,1920x1200,16:10,IPS,60,,,,,Anti-glare,1.88,,,MIL-STD-810H,False,True,Windows 11 Home,True,Wi-Fi 6,,,[],,,,False,False,False,,91990.0,,,91990.0,91990.0,91990.0,1,asus,https://www.asus.com/in/laptops/for-home/vivobook/asus-vivobook-16-x1607/,2026-09-28T10:24:36.159594+00:00,insufficient_sources
ASUS,New ASUS Vivobook 14 (X1407) Intel Arc Laptop,,Vivobook,2021,,,,,14,14,,4.9,Intel,Intel Arc Laptop,Integrated,,,,,13,16,DDR5,,,True,,NVMe SSD,1024,PCIe 4.0 NVMe,,,,14.0,1920,1200,1920x1200,16:10,IPS,60,,,300.0,,Anti-glare,1.46,42.0,,,False,False,Windows 11 Home,True,Wi-Fi 6,,FHD camera,"[""1x HDMI 1.4""]",,Chiclet Keyboard,,False,False,False,,,,,,,,0,asus,https://www.asus.com/in/laptops/for-home/vivobook/asus-vivobook-14-x1407/techspec/,2026-09-28T10:24:40.348188+00:00,insufficient_sources
ASUS,ASUS Vivobook S14 (S3407),,Vivobook,2025,,,,,,,,,,,,,,,,,16,DDR5,,,,,,1024,,,,,,1920,1200,1920x1200,16:10,OLED,,,100% sRGB,300.0,,Anti-glare,1.39,70.0,,MIL-STD-810H,False,True,Windows 11 Home,True,,,FHD IR camera,[],,,,False,False,False,,80990.0,,,80990.0,80990.0,80990.0,1,asus,https://www.asus.com/in/laptops/for-home/vivobook/asus-vivobook-s14-s3407/,2026-09-28T10:24:44.978138+00:00,insufficient_sources
ASUS,ASUS Zenbook DUO 2024 UX8406 Windows 11 Laptop,UX8406MA,Zenbook,2024,,,,,14,18,,4.5,Intel,Intel Graphics,Integrated,,,,,13,16,LPDDR5X,,,False,,NVMe SSD,1024,PCIe 4.0 NVMe,,,,14.0,1920,1200,1920x1200,16:10,OLED,60,0,100% DCI-P3,500.0,,Glossy,1.65,75.0,,,False,False,Windows 11 Home,True,Wi-Fi 6E,,FHD camera,"[""1x HDMI 2.1"", ""2x Thunderbolt 4""]",,,,False,True,False,,,,,,,,0,asus,https://www.asus.com/in/laptops/for-home/zenbook/asus-zenbook-duo-2024-ux8406/techspec/,2026-09-28T10:24:48.817103+00:00,insufficient_sources
ASUS,Vivobook E402NA,,Vivobook,,,,,,,,,,,,,,,,,,,,,,,,eMMC,,,,,,14.0,,,,,,,,,,True,,,,,,False,False,Windows 11 Home,True,,,,[],,chiclet keyboard,,False,False,False,,,,,,,,0,asus,https://www.asus.com/in/laptops/for-home/everyday-use/vivobook-e402na/,2026-09-28T10:24:53.391441+00:00,insufficient_sources
ASUS,New ASUS Vivobook 16 (X1607) Intel AI Laptop,,Vivobook,2021,,,,,14,14,,4.9,Intel,Intel Arc Graphics,Integrated,,,,,13,16,DDR5,,,True,,NVMe SSD,512,PCIe 4.0 NVMe,,,,16.0,1920,1200,1920x1200,16:10,IPS,60,,,300.0,,Anti-glare,1.88,42.0,,,False,False,Windows 11 Home,True,Wi-Fi 6,,FHD camera,"[""1x HDMI 1.4"", ""1x HDMI 2.1""]",,Chiclet Keyboard,,False,False,False,,,,,,,,0,asus,https://www.asus.com/in/laptops/for-home/vivobook/asus-vivobook-16-x1607/techspec/,2026-09-28T10:24:56.490618+00:00,insufficient_sources
ASUS,Vivobook 15 (X1502),UX5400ZB,Vivobook,2022,Intel,Core i5-1240P,Core i5,,12,,,4.7,,,,,,,,,16,LPDDR5,3200,3200,,,PCIe SSD,1024,PCIe 4.0 NVMe,,,,15.6,,,,,IPS,,,,,True,,1.7,,,,True,False,Windows 11 Home,True,WiFi 6,,,[],backlit keyboard,,,False,False,False,,68990.0,,,68990.0,68990.0,68990.0,1,asus,https://www.asus.com/in/laptops/for-home/vivobook/vivobook-15-x1502/,2026-09-28T10:24:59.740016+00:00,insufficient_sources
ASUS,New Vivobook S14 (M3407KA) AMD Ryzen Laptop,,Vivobook,2021,AMD,Ryzen AI 5 330 Processor 2,Ryzen AI,,8,16,,5.1,AMD,AMD Radeon Graphics,Integrated,,,,AMD XDNA,16,16,DDR5,,,True,,NVMe SSD,1024,PCIe 4.0 NVMe,,,,14.0,1920,1200,1920x1200,16:10,OLED,60,0,,300.0,,Anti-glare,1.4,70.0,,,False,False,Windows 11 Home,True,Wi-Fi 6,,FHD camera,"[""1x HDMI 2.1""]",,Chiclet Keyboard,,False,False,False,,,,,,,,0,asus,https://www.asus.com/in/laptops/for-home/vivobook/asus-vivobook-s14-m3407/techspec/,2026-09-28T10:25:04.075592+00:00,insufficient_sources
ASUS,ASUS Vivobook S15 S530,,Vivobook,,Intel,Core i7-8565U,Core i7,,,,,4.6,,,,2,GDDR5,,,,8,DDR4,,,,,SATA SSD,,SATA III,,,,15.6,1920,1080,1920x1080,16:9,IPS,60,,,,,Anti-glare,1.8,,,,True,False,Windows 11,True,,,,"[""1 x HDMI 1""]",,,,True,False,False,,,,,,,,0,asus,https://www.asus.com/in/laptops/for-home/vivobook/asus-vivobook-s15-s530/techspec/,2026-09-28T10:25:06.997121+00:00,insufficient_sources
ASUS,ASUS ExpertBook P5 G2 (16'' Intel),,ExpertBook,2026,,,,,,,,,,,,,,,,,64,DDR5,,,,,,1024,PCIe 4.0 NVMe,,,,16.0,,,,,IPS,144,,,,,,1.79,,Aluminum chassis,MIL-STD-810H,False,False,Windows 11 Pro,True,WiFi 7,,,[],,,,False,True,False,,,,,,,,0,asus,https://www.asus.com/in/laptops/for-work/expertbook/asus-expertbook-p5-g2-16-intel/,2026-09-28T10:25:11.964218+00:00,insufficient_sources
ASUS,ASUS Chromebook Flip C100,,,2023,,,,,,,,,,,,,,,,,,,,,,,,,,,,,10.0,,,,,IPS,,,,,True,,,,,,False,False,Chrome OS,False,,,,[],,,,False,False,False,,,,,,,,0,asus,https://www.asus.com/in/laptops/for-home/chromebook/asus-chromebook-flip-c100/,2026-09-28T10:25:17.109428+00:00,insufficient_sources
ASUS,ASUS Vivobook S16 (M3607),,Vivobook,2021,,,,,,,,,,,,,,,,50,16,DDR5,,,,,,,,,,,,1920,1200,1920x1200,16:10,OLED,,,,,,Anti-glare,1.7,70.0,,MIL-STD-810H,False,True,Windows 11 Home,True,,,,[],,,,False,False,False,,74990.0,,,74990.0,74990.0,74990.0,1,asus,https://www.asus.com/in/laptops/for-home/vivobook/asus-vivobook-s16-m3607/,2026-09-28T10:25:25.481947+00:00,insufficient_sources
ASUS,New Vivobook 14 (M1407KA) Ryzen 7 Laptop,,Vivobook,2021,AMD,Ryzen AI 5 330 Processor 2,Ryzen AI,,4,8,,4.5,AMD,AMD Radeon Graphics,Integrated,,,,AMD XDNA,50,16,DDR5,,,True,,NVMe SSD,512,PCIe 4.0 NVMe,,,,14.0,1920,1200,1920x1200,16:10,IPS,60,,,300.0,,Anti-glare,1.46,42.0,,,False,False,Windows 11 Home,True,Wi-Fi 6,,FHD camera,"[""1x HDMI 2.1""]",,Chiclet Keyboard,,False,False,False,,,,,,,,0,asus,https://www.asus.com/in/laptops/for-home/vivobook/asus-vivobook-14-m1407/techspec/,2026-09-28T10:25:31.766330+00:00,insufficient_sources
ASUS,ASUS TUF Gaming 16 (2026),FX610JM,TUF Gaming,2026,,,,,16,24,,5.2,NVIDIA,NVIDIA GeForce RTX 5060 Laptop GPU,Discrete,8,GDDR7,,,,16,DDR5,,,True,,,1024,PCIe 4.0 NVMe,,,,16.0,1920,1200,1920x1200,16:10,IPS,144,,,,,Anti-glare,2.2,63.0,,,False,False,Windows 11 Home,True,Wi-Fi 6,,720P HD camera,"[""1x HDMI 2.1"", ""1x RJ45""]",,Chiclet Keyboard,,False,False,False,,,,,,,,0,asus,https://www.asus.com/in/laptops/for-gaming/tuf-gaming/asus-tuf-gaming-16-2026/techspec/,2026-09-28T10:25:35.437571+00:00,insufficient_sources
ASUS,ASUS Vivobook S 15 OLED (K5504),,Vivobook,2023,Intel,Core i9-13900H,Core i9,13,14,,,5.4,,,,,,,,,6,LPDDR5,4800,4800,,,,1024,PCIe 3.0 NVMe,,,,15.6,,,,,OLED,60,0,133% sRGB,600.0,,,1.7,70.0,,MIL-STD-810H,True,False,Windows 11 Home,True,WiFi 6E,,,[],,,Dolby Atmos,False,True,False,,,,,,,,0,asus,https://www.asus.com/in/laptops/for-home/vivobook/asus-vivobook-s-15-oled-k5504/,2026-09-28T10:25:39.817767+00:00,insufficient_sources
ASUS,ExpertBook P1 (PM1403)｜Laptops with Copilot｜ASUS Global,PM1403CDA,ExpertBook,,,,,,6,12,,4.55,AMD,AMD Radeon Graphics,Integrated,,,,,,16,DDR5,,,True,,PCIe SSD,512,PCIe 4.0 NVMe,,,,14.0,1920,1080,1920x1080,16:9,IPS,60,,,,False,Anti-glare,1.4,,,,False,False,Windows 11 Home,True,Wi-Fi 6,,720p HD camera,"[""1x HDMI 1.4"", ""1x RJ45""]",,,,False,False,False,,,,,,,,0,asus,https://www.asus.com/in/laptops/for-work/expertbook/asus-expertbook-p1-pm1403/techspec/,2026-09-28T10:25:44.419534+00:00,insufficient_sources
ASUS,ASUS Vivobook 14 (X1407Q),,Vivobook,2025,,,,,,,,,,,,,,,,,16,LPDDR5X,,,,,,1024,,,,,14.0,,,,,IPS,60,,,150.0,,Anti-glare,1.49,,,MIL-STD-810H,False,True,Windows 11 Home,True,Wi-Fi 6E,,,[],,,,False,False,False,,114990.0,,,114990.0,114990.0,114990.0,1,asus,https://www.asus.com/in/laptops/for-home/vivobook/asus-vivobook-14-x1407q/,2026-09-28T10:25:49.876307+00:00,insufficient_sources
ASUS,ASUS TUF Gaming A14 (2026) FA401GM,FA401GM,TUF Gaming,2026,AMD,Ryzen AI 9 465 processor Read more about performance NVIDIA,Ryzen AI 9,,10,20,,,NVIDIA,NVIDIA GeForce RTX 5060 Laptop GPU,Discrete,,,115,,50,16,LPDDR5X,,,,,NVMe SSD,2048,,,True,4.0,14.0,2560,1600,2560x1600,16:10,IPS,165,3,100% sRGB,,,Anti-glare,1.46,73.0,Aluminum lid and underside,MIL-STD-810H,False,True,Windows 11 Home,True,WiFi 6E,,FHD IR camera,"[""1 x HDMI 2.1"", ""1 x USB4"", ""1 x USB3.2"", ""1 x USB3.2 Type-C"", ""1 x USB3.2 Gen2 Type A"", ""1 x Audio jack"", ""1 x Card reader""]",Mini-LED Backlight Keyboard,,Dolby Atmos,True,False,True,,199990.0,,,199990.0,199990.0,199990.0,1,asus,https://www.asus.com/in/laptops/for-gaming/tuf-gaming/asus-tuf-gaming-a14-2026-fa401gm/,2026-09-28T10:25:54.770938+00:00,insufficient_sources
ASUS,ASUS Chromebook CM15 (CM1505),,,2024,,,,,,,,,,,,,,,,,,LPDDR5X,,,,,,,,,,,15.6,,,,,IPS,,,,,,Anti-glare,,,,,False,False,Chrome OS,False,Wi-Fi 6,,,[],,,,False,False,False,,30990.0,,,30990.0,30990.0,30990.0,1,asus,https://www.asus.com/in/laptops/for-home/chromebook/asus-chromebook-cm15-cm1505/,2026-09-28T10:25:59.136075+00:00,insufficient_sources
ASUS,ASUS E203NA,,,,,,,,,,,,,,,,,,,,,,,,,,,,,,,,11.6,,,,,,,,,,,,,,,,False,False,Windows 10,True,,,,[],,,,False,False,False,,,,,,,,0,asus,https://www.asus.com/in/laptops/for-home/everyday-use/asus-e203na/,2026-09-28T10:26:04.575423+00:00,insufficient_sources
ASUS,"ASUS Vivobook S14 Flip (TP5408, Qualcomm)",TP5408QA,Vivobook,2026,,,,,,,,,,,,,,,,45,8,LPDDR5X,,,,,,512,,,,,14.0,1920,1200,1920x1200,16:10,OLED,,,100% DCI-P3,300.0,True,Anti-glare,1.39,50.0,,,False,True,Windows 11 Home,True,,,,"[""1 x HDMI"", ""1 x Audio jack""]",,,,False,False,False,,102990.0,,,102990.0,102990.0,102990.0,1,asus,https://www.asus.com/in/laptops/for-home/vivobook/asus-vivobook-s14-flip-tp5408-qualcomm/,2026-09-28T10:26:08.109763+00:00,insufficient_sources
ASUS,ASUS TUF Gaming A16 (2025),FA608PP,TUF Gaming,2025,AMD,Ryzen 9 8940HX,Ryzen 9,8,16,32,,5.3,NVIDIA,NVIDIA GeForce RTX 5070 Laptop GPU,Discrete,8,GDDR7,,AMD XDNA,16,16,DDR5,,,True,,,1024,PCIe 4.0 NVMe,,,,16.0,2560,1600,2560x1600,16:10,IPS,165,,,,,Anti-glare,2.2,90.0,,,False,True,Windows 11 Home,True,Wi-Fi 6E,,FHD IR Camera,"[""1x HDMI 2.1"", ""1x RJ45""]",,Chiclet Keyboard,Dolby Atmos,False,False,False,,,,,,,,0,asus,https://www.asus.com/in/laptops/for-gaming/tuf-gaming/asus-tuf-gaming-a16-2025/techspec/,2026-09-28T10:26:11.613320+00:00,insufficient_sources
ASUS,ExpertBook P5 G2,,ExpertBook,,,,,,16,16,,4.7,Intel,Intel Graphics,Integrated,,,,,50,32,DDR5,,,True,,,,PCIe 4.0 NVMe,,,,,,,,,IPS,60,,,400.0,False,Anti-glare,1.79,,,,True,False,Windows 11 Home,True,Wi-Fi 7,,,"[""1x HDMI"", ""2x Thunderbolt 4"", ""1x RJ45""]",,,,False,True,True,,,,,,,,0,asus,https://www.asus.com/in/laptops/for-work/expertbook/asus-expertbook-p5-g2-16-intel/techspec/,2026-09-28T10:26:16.263615+00:00,insufficient_sources
ASUS,ASUS Vivobook S14 (S5452),,Vivobook,2026,,,,,6,,,4.8,,,,,,,,,16,LPDDR5X,,,,,PCIe SSD,512,PCIe 4.0 NVMe,,,,14.0,,,,,IPS,,,100% sRGB,,True,Anti-glare,1.2,52.5,,MIL-STD-810H,False,False,Windows 11 Home,True,Wi-Fi 6,,,"[""1 x HDMI"", ""1 x Audio jack""]",,,,False,False,False,,118990.0,,,118990.0,118990.0,118990.0,1,asus,https://www.asus.com/in/laptops/for-home/vivobook/asus-vivobook-s14-s5452/,2026-09-28T10:26:20.015430+00:00,insufficient_sources
ASUS,ASUS Chromebook Plus CX34 CX3402 8GB RAM Laptop,CX3402CBA,,,Intel,Core i3-1215U,Core i3,,6,12,,4.4,Intel,Intel Graphics,Integrated,,,,,,8,LPDDR5,,,False,,,,,,,,14.0,1920,1080,1920x1080,16:9,IPS,60,,,250.0,False,Anti-glare,1.44,,,,False,False,Chrome OS,False,Wi-Fi 6,,FHD camera,"[""1x HDMI 1.4""]",,,,False,False,False,,,,,,,,0,asus,https://www.asus.com/in/laptops/for-home/chromebook/asus-chromebook-plus-cx34-cx3402/techspec/,2026-09-28T10:26:24.594640+00:00,insufficient_sources
ASUS,ASUS Vivobook S15 S530,,Vivobook,,,,,,,,,,,,,,,,,,16,,,,,,,256,,,,,,,,,,IPS,,,,,,,1.8,,,,True,False,Windows 11,True,,,,"[""1 x HDMI 1""]",backlit keyboard,,,True,False,False,,,,,,,,0,asus,https://www.asus.com/in/laptops/for-home/vivobook/asus-vivobook-s15-s530/,2026-09-28T10:26:30.165469+00:00,insufficient_sources
ASUS,ASUS TUF Gaming A16 (2024),FA607NUG,TUF Gaming,2024,AMD,Ryzen 7 7445HS,Ryzen 7,7,6,12,,4.7,NVIDIA,NVIDIA GeForce RTX 4050 Laptop GPU,Discrete,,,,,,16,DDR5,,,True,,,1024,PCIe 4.0 NVMe,,,,16.0,1920,1200,1920x1200,16:10,IPS,144,,,,,Anti-glare,2.2,56.0,,,False,False,Windows 11 Home,True,Wi-Fi 6,,720P HD camera,"[""1x HDMI 2.1"", ""1x RJ45""]",,Chiclet Keyboard,Dolby Atmos,False,False,False,,,,,,,,0,asus,https://www.asus.com/in/laptops/for-gaming/tuf-gaming/asus-tuf-gaming-a16-2024/techspec/,2026-09-28T10:26:34.199077+00:00,insufficient_sources
ASUS,ASUS Vivobook Go 15 OLED E1504G 8GB RAM Laptop,,Vivobook,2024,,,,,8,8,,3.8,,,,,,,,,8,DDR4,,,False,,,512,PCIe 3.0 NVMe,,,,15.6,1920,1080,1920x1080,16:9,OLED,60,0,100% DCI-P3,600.0,,Anti-glare,1.63,42.0,,,False,False,Windows 11 Home,True,Wi-Fi 6E,,720p HD camera,"[""1x HDMI 1.4""]",,Chiclet Keyboard,,False,False,False,,,,,,,,0,asus,https://www.asus.com/in/laptops/for-home/vivobook/asus-vivobook-go-15-oled-e1504g/techspec/,2026-09-28T10:26:38.556432+00:00,insufficient_sources
ASUS,ProArt PZ14 (HT7407),HT7407NA,ProArt,2021,,,,,18,18,,4.7,Qualcomm,Qualcomm Adreno GPU,Integrated,,,,,80,32,LPDDR5X,,,False,,NVMe SSD,1024,PCIe 4.0 NVMe,,,,14.0,2880,1800,2880x1800,16:10,OLED,60,0,100% DCI-P3,500.0,,,0.79,75.0,,,False,False,Windows 11 Home,True,Wi-Fi 7,,,[],,,,True,False,False,,,,,,,,0,asus,https://www.asus.com/in/laptops/for-creators/proart/proart-pz14-ht7407/techspec/,2026-09-28T10:26:42.428926+00:00,insufficient_sources
ASUS,ASUS Chromebook CM14(CM1402C),CM1402C,,2023,,,,,,,,,,,,,,,,,,,,,,,,,,,,,14.0,,,,,IPS,,,,,,Anti-glare,,42.0,,MIL-STD-810H,False,False,Linux,False,Wi-Fi 6,,,[],,,,False,False,False,,,,,,,,0,asus,https://www.asus.com/in/laptops/for-home/chromebook/asus-chromebook-cm14-cm1402c/,2026-09-28T10:26:46.194486+00:00,insufficient_sources
Lenovo,"IdeaPad Slim 1 Gen 7 (15, AMD)",LEN101I0026,IdeaPad,,,,,,,,,,,,,,,,,,,,,,,,,,,,,,15.6,,,,,,,,,,,,,,,,False,False,Windows 11 Home,True,,,,[],,,,False,False,False,,,,,,,,0,lenovo,https://www.lenovo.com/in/en/p/laptops/ideapad/ideapad-100/ideapad-1-gen-7-15-inch-amd/len101i0026,2026-09-28T10:31:09.233744+00:00,insufficient_sources
Lenovo,"IdeaPad Slim 3i Gen 10 (15, Intel)",LEN101I0112,IdeaPad,,,,,,,,,,,,,,,,,,,,,,,,,,,,,,15.0,,,,,,,,,,,,,,,,False,False,Windows 11 Home,True,,,,[],,,,False,False,False,,75491.0,,,75491.0,75491.0,75491.0,2,lenovo,https://www.lenovo.com/in/en/p/laptops/ideapad/ideapad-300/lenovo-ideapad-slim-3i-gen-10-15-inch-intel/83k100s2in,2026-09-28T10:31:11.973267+00:00,valid
Lenovo,"IdeaPad Slim 1i Gen 7 (15, Intel)",LEN101I0029,IdeaPad,,,,,,,,,,,,,,,,,,,,,,,,,,,,,,15.6,,,,,,,,,,,,,,,,False,False,Windows 11 Home,True,,,,[],,,,False,False,False,,,,,,,,0,lenovo,https://www.lenovo.com/in/en/p/laptops/ideapad/ideapad-100/ideapad-1i-gen-7-(15-inch-intel)/len101i0029,2026-09-28T10:31:14.750412+00:00,insufficient_sources
Lenovo,"IdeaPad Slim 3i Gen 10 (15, Intel)",83K101JGIN,IdeaPad,,,,,,,,,,,,,,,,,,16,,,,,,,512,,,,,15.0,,,,,,,,,,,,,,,,False,False,Windows 11 Home,True,,,,[],,,,False,False,False,,114991.0,,,114991.0,114991.0,114991.0,1,lenovo,https://www.lenovo.com/in/en/p/laptops/ideapad/ideapad-300/lenovo-ideapad-slim-3i-gen-10-15-inch-intel/83k101jgin,2026-09-28T10:31:20.348176+00:00,insufficient_sources
Acer,Acer Aspire Lite Metal,AMD,Aspire,2026,AMD,Ryzen 3 Quad Core 5400U,Ryzen 3,5,,,,,,,,,,,,,8,DDR4,,,,,,256,,,,,15.6,,,,,,,,,,,,,,,,False,False,Windows 11 Home,True,,,,[],,,,False,False,False,,36990.0,52990.0,16000.0,36990.0,44990.0,52990.0,34,flipkart,https://www.flipkart.com/acer-aspire-lite-metal-2026-amd-ryzen-3-quad-core-5400u-8-gb-256-gb-ssd-windows-11-home-al15-41-thin-light-laptop/p/itm1bc0bcb4598e7,2026-09-28T10:45:04.740799+00:00,valid
Acer,Acer Aspire 14,AS14-39,Aspire,,AMD,Ryzen 3 3200U,Ryzen 3,3,,,,,,,,,,,,,8,DDR4,,,,,,512,,,,,14.0,,,,,,,,,,,,,,,,False,False,Windows 11 Home,True,,,,[],,,,False,False,False,,36990.0,69999.0,33009.0,36990.0,53494.5,69999.0,30,flipkart,https://www.flipkart.com/acer-aspire-14-amd-ryzen-3-3200u-8-gb-512-gb-ssd-windows-11-home-as14-39-notebook/p/itm4f3c5d31d72cf,2026-09-28T10:45:04.748287+00:00,valid
Acer,Acer Aspire 3,A324-53,Aspire,,Intel,Core i5 13th Gen 1334U,Core i5,,,,,,,,,,,,,,16,DDR4,,,,,,512,,,,,14.0,,,,,,,,,,,,,,,,False,False,Windows 11 Home,True,,,,[],,,,False,False,False,,49990.0,66999.0,17009.0,49990.0,58494.5,66999.0,24,flipkart,https://www.flipkart.com/acer-aspire-3-intel-core-i5-13th-gen-1334u-16-gb-512-gb-ssd-windows-11-home-a324-53-thin-light-laptop/p/itm707770fddc7e9,2026-09-28T10:45:04.756598+00:00,valid
Acer,Acer Aspire 3,A311-45,Aspire,,Intel,Celeron Dual Core,,,,,,,,,,,,,,,8,DDR4,,,,,,256,,,,,11.6,,,,,,,,,,,,,,,,False,False,Windows 11 Home,True,,,,[],,,,False,False,False,1,39899.0,48999.0,9100.0,34639.0,40942.21,48999.0,52,flipkart,https://www.flipkart.com/acer-aspire-3-intel-celeron-dual-core-8-gb-256-gb-ssd-windows-11-home-a311-45-thin-light-laptop/p/itmad38595c5a902,2026-09-28T10:45:04.760780+00:00,valid
Acer,Acer Chromebook,CB315-8H,,,,,,,,,,,,,,,,,,,4,LPDDR5X,,,,,EMMC,,,,,,15.6,,,,,,,,,,,,,,,,False,False,Chrome OS,False,,,,[],,,,False,False,False,,34900.0,52999.0,18099.0,34900.0,43949.5,52999.0,4,flipkart,https://www.flipkart.com/acer-chromebook-mediatek-kompanio-540-4-gb-128-gb-emmc-storage-chrome-os-cb315-8h/p/itmea4932ad64851,2026-09-28T10:45:04.766104+00:00,valid
Acer,Acer Aspire 3,A311-45,Aspire,,Intel,Celeron Dual Core,,,,,,,,,,,,,,,8,DDR4,,,,,,128,,,,,11.6,,,,,,,,,,,,,,,,False,False,Windows 11 Home,True,,,,[],,,,False,False,False,1,33250.0,39968.0,6718.0,33250.0,36609.0,39968.0,18,flipkart,https://www.flipkart.com/acer-aspire-3-intel-celeron-dual-core-8-gb-128-gb-ssd-windows-11-home-a311-45-thin-light-laptop/p/itmad38595c5a902,2026-09-28T10:45:04.769503+00:00,valid
Acer,"Acer Aspire 5 Metal AI PC, Backlit Keyboard",Metal,Aspire,2026,Intel,Core Ultra 5 125H,Core Ultra 5,1,,,,,,,,,,,,,16,LPDDR5,,,,,,512,,,,,14.0,,,,,,,,,,,,,,,,False,False,Windows 11 Home,True,,,,[],Backlit Keyboard,,,False,False,False,,81990.0,99990.0,18000.0,81990.0,90990.0,99990.0,10,flipkart,https://www.flipkart.com/acer-aspire-5-2026-metal-ai-pc-backlit-keyboard-intel-core-ultra-125h-16-gb-512-gb-ssd-windows-11-home-a514-54h-notebook/p/itmd237a2b9aa3ad,2026-09-28T10:45:04.773184+00:00,valid
Acer,Acer Aspire Lite Metal,AMD,Aspire,2026,AMD,Ryzen 3 Quad Core 5400U,Ryzen 3,5,,,,,,,,,,,,,8,DDR4,,,,,,512,,,,,15.6,,,,,,,,,,,,,,,,False,False,Windows 11 Home,True,,,,[],,,,False,False,False,,46990.0,49990.0,3000.0,46990.0,48490.0,49990.0,26,flipkart,https://www.flipkart.com/acer-aspire-lite-metal-2026-amd-ryzen-3-quad-core-5400u-8-gb-512-gb-ssd-windows-11-home-al15-41-thin-light-laptop/p/itm1bc0bcb4598e7,2026-09-28T10:45:04.776724+00:00,valid
Acer,Acer Aspire 14 Office 2024 + M365 Basic,Intel,Aspire,2024,Intel,Core 5 210,,,,,,,,,,,,,,,16,LPDDR5,,,,,,512,,,,,14.0,,,,,,,,,,,,,,,,False,False,Windows 11 Home,True,,,,[],,,,False,False,False,1,64990.0,99999.0,35009.0,64990.0,82494.5,99999.0,20,flipkart,https://www.flipkart.com/acer-aspire-14-office-2024-m365-basic-i5-14th-gen-intel-core-5-210-h-16-gb-512-gb-ssd-windows-11-home-as14h-53-notebook/p/itm5ef35f1d0eb91,2026-09-28T10:45:04.784654+00:00,valid
Acer,Acer Aspire 15,AS15,Aspire,,AMD,Ryzen 3 Quad Core 7330U,Ryzen 3,7,,,,,,,,,,,,,8,DDR4,,,,,,512,,,,,15.6,,,,,,,,,,,,,,,,False,False,Windows 11 Home,True,,,,[],,,,False,False,False,,46599.0,60150.0,13551.0,46599.0,53374.5,60150.0,30,flipkart,https://www.flipkart.com/acer-aspire-15-amd-ryzen-3-quad-core-7330u-8-gb-512-gb-ssd-windows-11-home-as15-42-a325-thin-light-laptop/p/itmdaf15e01a1d1a,2026-09-28T10:45:04.793298+00:00,valid
Acer,"Acer Aspire 15 MS Office 2024 + M365 Basic,",,Aspire,2024,AMD,Ryzen 3 Quad Core 7330U,Ryzen 3,7,,,,,,,,,,,,,8,DDR4,,,,,,256,,,,,15.6,,,,,,,,,,,,,,,,False,False,Windows 11 Home,True,,,,[],,,,False,False,False,,43990.0,74999.0,31009.0,43990.0,59494.5,74999.0,20,flipkart,https://www.flipkart.com/acer-aspire-15-ms-office-2024-m365-basic-amd-ryzen-3-quad-core-7330u-8-gb-256-gb-ssd-windows-11-home-a311-45-notebook/p/itm679af52f35d6d,2026-09-28T10:45:04.801866+00:00,valid
Acer,Acer Chromebook,CB314-3H,,,Intel,Celeron Dual Core N4500,,,,,,,,,,,,,,,8,LPDDR4X,,,,,EMMC,,,,,,15.6,,,,,,,,,,,,,,,,False,False,Chrome OS,False,,,,[],,,,False,False,False,,23990.0,33999.0,10009.0,23990.0,28994.5,33999.0,8,flipkart,https://www.flipkart.com/acer-chromebook-intel-celeron-dual-core-n4500-8-gb-128-gb-emmc-storage-chrome-os-cb314-3h-c5qe-cb314-3h-c0bz/p/itm04458b376eefa,2026-09-28T10:45:04.812701+00:00,valid
Acer,Acer Nitro V 15,,Nitro,,Intel,Core i5 13th Gen 13420H,Core i5,13,,,,,,,,,,,,,16,DDR4,,,,,,512,,,,,15.6,,,,,,,,,,,,,,,,False,False,Windows 11 Home,True,,,,[],,,,False,False,False,1,104990.0,114999.0,10009.0,104990.0,109994.5,114999.0,30,flipkart,https://www.flipkart.com/acer-nitro-v-15-intel-core-i5-13th-gen-13420h-16-gb-512-gb-ssd-windows-11-home-8-graphics-nvidia-geforce-rtx-5050-anv15-52-gaming-laptop/p/itm9e214d20dd479,2026-09-28T10:45:04.818408+00:00,valid
Acer,Acer Aspire 3,A311-45,Aspire,,Intel,Celeron Dual Core,,,,,,,,,,,,,,,8,DDR4,,,,,,512,,,,,11.6,,,,,,,,,,,,,,,,False,False,Windows 11 Home,True,,,,[],,,,False,False,False,1,37972.0,44999.0,7027.0,37972.0,41485.5,44999.0,24,flipkart,https://www.flipkart.com/acer-aspire-3-intel-celeron-dual-core-8-gb-512-gb-ssd-windows-11-home-a311-45-thin-light-laptop/p/itmad38595c5a902,2026-09-28T10:45:04.824120+00:00,valid
Acer,Acer Aspire Lite Metal,Intel,Aspire,2026,Intel,Core 3 14th Gen 100U,,,,,,,,,,,,,,,8,DDR4,,,,,,512,,,,,15.6,,,,,,,,,,,,,,,,False,False,Windows 11 Home,True,,,,[],,,,False,False,False,,46990.0,49990.0,3000.0,46990.0,48490.0,49990.0,24,flipkart,https://www.flipkart.com/acer-aspire-lite-metal-2026-intel-core-3-14th-gen-100u-8-gb-512-gb-ssd-windows-11-home-al15-53-notebook/p/itma0128e7d1fb8d,2026-09-28T10:45:04.828688+00:00,valid
Acer,Acer NITRO LITE 16,,Nitro,,Intel,Core i5 13th Gen 13420H,Core i5,13,,,,,,,,,,,,,16,DDR5,,,,,,512,,,,,16.0,,,,,,,,,,,,,,,,False,False,Windows 11 Home,True,,,,[],,,,False,False,False,1,93990.0,102799.0,8809.0,93990.0,100699.36,105990.0,42,flipkart,https://www.flipkart.com/acer-nitro-lite-16-intel-core-i5-13th-gen-13420h-16-gb-512-gb-ssd-windows-11-home-6-graphics-nvidia-geforce-rtx-4050-nl16-71g-54my-nl16-71g-gaming-laptop/p/itm4ee151086aabd,2026-09-28T10:45:04.834363+00:00,valid
Acer,Acer Aspire 7,Intel,Aspire,,Intel,Core 7 240H,,,,,,,,,,,,,,,16,DDR4,,,,,,512,,,,,15.6,,,,,,,,,,,,,,,,False,False,Windows 11 Home,True,,,,[],,,,False,False,False,1,79990.0,94999.0,15009.0,79990.0,115655.21,149999.0,56,flipkart,https://www.flipkart.com/acer-aspire-7-i7-14th-gen-intel-core-240h-16-gb-512-gb-ssd-windows-11-home-6-graphics-nvidia-geforce-rtx-3050-a715-79g-gaming-laptop/p/itm29d23f46bd0b7,2026-09-28T10:45:07.618077+00:00,valid
Acer,Acer Aspire Lite,AL15-52,Aspire,,Intel,Core i3 12th Gen 1215U,Core i3,,,,,,,,,,,,,,16,DDR4,,,,,,512,,,,,15.6,,,,,,,,,,,,,,,,False,False,Windows 11 Home,True,,,,[],,,,False,False,False,,52900.0,54790.0,1890.0,52900.0,53845.0,54790.0,24,flipkart,https://www.flipkart.com/acer-aspire-lite-intel-core-i3-12th-gen-1215u-16-gb-512-gb-ssd-windows-11-home-al15-52-thin-light-laptop/p/itm130746bcc0e38,2026-09-28T10:45:04.843086+00:00,valid
Acer,Acer Aspire,AL15-52H,Aspire,,Intel,Core i5 12th Gen 12450H,Core i5,12,,,,,,,,,,,,,16,LPDDR5,,,,,,512,,,,,15.6,,,,,,,,,,,,,,,,False,False,Windows 11 Home,True,,,,[],,,,False,False,False,,56990.0,59990.0,3000.0,56990.0,64584.6,75900.0,20,flipkart,https://www.flipkart.com/acer-aspire-intel-core-i5-12th-gen-12450h-16-gb-512-gb-ssd-windows-11-home-al15-52h-thin-light-laptop/p/itmc262e2fa338ce,2026-09-28T10:45:04.848734+00:00,valid
Acer,Acer,A311-45,,,Intel,Celeron Dual Core N4500,,,,,,,,,,,,,,,8,DDR4,,,,,,128,,,,,11.6,,,,,,,,,,,,,,,,False,False,Windows 11 Home,True,,,,[],,,,False,False,False,,28990.0,39990.0,11000.0,28990.0,34490.0,39990.0,14,flipkart,https://www.flipkart.com/acer-intel-celeron-dual-core-n4500-8-gb-128-gb-ssd-windows-11-home-a311-45-notebook/p/itm2f21760b8a3c2,2026-09-28T10:45:04.854834+00:00,valid
Acer,Acer Aspire 3 Backlit,Aspire,Aspire,,AMD,Ryzen 7 Octa Core 7730U,Ryzen 7,7,,,,,,,,,,,,,16,DDR4,,,,,,512,,,,,15.6,,,,,,,,,,,,,,,,False,False,Windows 11 Home,True,,,,[],,,,False,False,False,,60990.0,72999.0,12009.0,60990.0,66994.5,72999.0,38,flipkart,https://www.flipkart.com/acer-aspire-3-backlit-amd-ryzen-7-octa-core-7730u-16-gb-512-gb-ssd-windows-11-home-as15-42-thin-light-laptop/p/itmdaf15e01a1d1a,2026-09-28T10:45:04.858492+00:00,valid
Acer,Acer Swift Neo 14 Office 2024 + M365 Basic,,Swift,2024,Intel,Core Ultra 5 115U,Core Ultra 5,1,,,,,,,,,,,,,16,LPDDR5,,,,,,512,,,,,14.0,,,,,,,,,,,,,,,,False,False,Windows 11 Home,True,,,,[],,,,False,False,False,1,69521.0,99990.0,30469.0,69521.0,84755.5,99990.0,20,flipkart,https://www.flipkart.com/acer-swift-neo-14-office-2024-m365-basic-intel-core-ultra-5-115u-16-gb-512-gb-ssd-windows-11-home-sfn14-54h-thin-light-laptop/p/itm7e110040e3132,2026-09-28T10:45:04.861889+00:00,valid
Acer,Acer Aspire 15,,Aspire,2024,AMD,Ryzen 5 Hexa Core 7430U,Ryzen 5,7,,,,,,,,,,,,,16,DDR4,,,,,,512,,,,,15.6,,,,,,,,,,,,,,,,False,False,Windows 11,True,,,,[],,,,False,False,False,,61955.0,78999.0,17044.0,61955.0,70477.0,78999.0,24,flipkart,https://www.flipkart.com/acer-aspire-15-amd-office-2024-m365-basic-ryzen-5-hexa-core-7430u-16-gb-512-gb-ssd-windows-11-home-as15-42-thin-light-laptop/p/itmdaf15e01a1d1a,2026-09-28T10:45:04.867030+00:00,valid
Dell,DELL 15,3535,,,AMD,Ryzen 5 Quad Core 7520U,Ryzen 5,7,,,,,,,,,,,,,8,LPDDR5,,,,,,512,,,,,15.6,,,,,,,,,,,,,,,,False,False,Windows 11 Home,True,,,,[],,,,False,False,False,,54990.0,65999.0,11009.0,54990.0,60494.5,65999.0,12,flipkart,https://www.flipkart.com/dell-15-amd-ryzen-5-quad-core-7520u-8-gb-512-gb-ssd-windows-11-home-3535-thin-light-laptop/p/itm277d6cd7790c2,2026-09-28T10:45:04.927620+00:00,valid
ASUS,ASUS Vivobook Go 15,E1504FA-NJ132WS,Vivobook,2024,AMD,Ryzen 5 Quad Core 7520U,Ryzen 5,7,,,,,,,,,,,,,8,LPDDR5,,,,,,512,,,,,15.6,,,,,,,,,,,,,,,,False,False,Windows 11 Home,True,,,,[],,,,False,False,False,,61754.0,66990.0,5236.0,46990.0,58835.5,66990.0,16,flipkart,https://www.flipkart.com/asus-vivobook-go-15-amd-ryzen-5-quad-core-7520u-8-gb-512-gb-ssd-windows-11-home-e1504fa-nj132ws-e1504fa-nj521ws-thin-light-laptop/p/itm657eb80ea799a,2026-09-28T11:10:42.815450+00:00,valid
Lenovo,Lenovo,82R400BGIN,,,,,,,,,,,,,,,,,,,8,DDR4,,,,,,512,,,,,15.6,,,,,,,,,,,,,,,,False,False,Windows 11 Home,True,,,,[],,,,False,False,False,,37990.0,55000.0,17010.0,37990.0,46495.0,55000.0,2,flipkart,https://www.flipkart.com/lenovo-amd-ryzen-5-8-gb-512-gb-ssd-windows-11-home-82r400bgin-thin-light-laptop/p/itm09d699c84f79a,2026-09-28T10:45:04.941611+00:00,valid
Infinix,Infinix B15 Series,BL51A5,,,AMD,Ryzen 5 Hexa Core 5500U,Ryzen 5,5,,,,,,,,,,,,,16,DDR4,,,,,,512,,,,,15.6,,,,,,,,,,,,,,,,False,False,Windows 11 Home,True,,,,[],,,,False,False,False,,,,,,,,0,flipkart,https://www.flipkart.com/infinix-b15-series-amd-ryzen-5-hexa-core-5500u-16-gb-512-gb-ssd-windows-11-home-bl51a5-thin-light-laptop/p/itm44fad3bb6bbe7,2026-09-28T10:45:04.948848+00:00,insufficient_sources
MSI,MSI Modern 14,14,,2021,AMD,Ryzen 5 Hexa Core 7430U,Ryzen 5,7,,,,,,,,,,,,,16,DDR4,,,,,,512,,,,,14.0,,,,,,,,,,,,,,,,False,False,Windows 11 Home,True,,,,[],,,,False,False,False,,66235.0,80990.0,14755.0,66235.0,73612.5,80990.0,10,flipkart,https://www.flipkart.com/msi-modern-14-amd-ryzen-5-hexa-core-7430u-16-gb-512-gb-ssd-windows-11-home-c7m-283in-c7m-400in-business-laptop/p/itmef8f5c6fd8e76,2026-09-28T10:45:04.956396+00:00,valid
Acer,Acer Aspire Lite,AL15-41,Aspire,,AMD,Ryzen 5 Hexa Core 5625U,Ryzen 5,5,,,,,,,,,,,,,8,DDR4,,,,,,512,,,,,15.6,,,,,,,,,,,,,,,,False,False,Windows 11 Home,True,,,,[],,,,False,False,False,,62462.0,63999.0,1537.0,62462.0,63230.5,63999.0,10,flipkart,https://www.flipkart.com/acer-aspire-lite-amd-ryzen-5-hexa-core-5625u-8-gb-512-gb-ssd-windows-11-home-al15-41-thin-light-laptop/p/itm1bc0bcb4598e7,2026-09-28T10:45:04.959298+00:00,valid
Acer,Acer Aspire Lite,AL15-41,Aspire,,AMD,Ryzen 5 Hexa Core 5625U,Ryzen 5,5,,,,,,,,,,,,,16,DDR4,,,,,,512,,,,,15.6,,,,,,,,,,,,,,,,False,False,Windows 11 Home,True,,,,[],,,,False,False,False,,62599.0,69699.0,7100.0,62599.0,66149.0,69699.0,24,flipkart,https://www.flipkart.com/acer-aspire-lite-amd-ryzen-5-hexa-core-5625u-16-gb-512-gb-ssd-windows-11-home-al15-41-thin-light-laptop/p/itm0d8b84d052ad4,2026-09-28T10:45:04.962337+00:00,valid
Acer,Acer Aspire 15,A325-42,Aspire,,AMD,Ryzen 5 Hexa Core 7430U,Ryzen 5,7,,,,,,,,,,,,,8,DDR4,,,,,,512,,,,,15.6,,,,,,,,,,,,,,,,False,False,Windows 11 Home,True,,,,[],,,,False,False,False,,64083.0,71990.0,7907.0,64083.0,68036.5,71990.0,22,flipkart,https://www.flipkart.com/acer-aspire-15-amd-ryzen-5-hexa-core-7430u-8-gb-512-gb-ssd-windows-11-home-a325-42-thin-light-laptop/p/itmdaf15e01a1d1a,2026-09-28T10:45:04.966966+00:00,valid
Acer,Acer TravelLite,TL04-41M,,,AMD,Ryzen 5 7430U,Ryzen 5,7,,,,,,,,,,,,,8,DDR4,,,,,,512,,,,,14.0,,,,,,,,,,,,,,,,False,False,Windows 11 Home,True,,,,[],,,,False,False,False,,53990.0,59990.0,6000.0,53990.0,56990.0,59990.0,16,flipkart,https://www.flipkart.com/acer-travellite-amd-ryzen-5-7430u-8-gb-512-gb-ssd-windows-11-home-tl04-41m-notebook/p/itma8bffe9bbc87d,2026-09-28T10:45:04.970102+00:00,valid
HP,HP 255 G10,255,,,AMD,Ryzen 5 Quad Core 7520U,Ryzen 5,7,,,,,,,,,,,,,8,DDR4,,,,,,512,,,,,15.6,,,,,,,,,,,,,,,,False,False,Windows 11 Home,True,,,,[],,,,False,False,False,,57499.0,65990.0,8491.0,55990.0,60676.31,65990.0,26,flipkart,https://www.flipkart.com/hp-255-g10-amd-ryzen-5-quad-core-7520u-8-gb-512-gb-ssd-windows-11-home-thin-light-laptop/p/itm0cdf7a06b8a8d,2026-09-28T10:45:04.973405+00:00,valid
Acer,Acer Aspire,AS15-42,Aspire,,AMD,Ryzen 5 Hexa Core 7430U,Ryzen 5,7,,,,,,,,,,,,,16,DDR4,,,,,,1024,,,,,15.6,,,,,,,,,,,,,,,,False,False,Windows 11 Home,True,,,,[],,,,False,False,False,1,,,,,,,0,flipkart,https://www.flipkart.com/acer-aspire-amd-ryzen-5-hexa-core-7430u-16-gb-1-tb-ssd-windows-11-home-as15-42-thin-light-laptop/p/itm6b3261e51baf5,2026-09-28T10:45:04.979099+00:00,insufficient_sources
Acer,Acer Aspire 3 15,A315-24P,Aspire,,AMD,Ryzen 5 Quad Core 7520U,Ryzen 5,7,,,,,,,,,,,,,8,LPDDR5,,,,,,512,,,,,15.6,,,,,,,,,,,,,,,,False,False,Windows 11 Home,True,,,,[],,,,False,False,False,,54990.0,59990.0,5000.0,54990.0,57490.0,59990.0,12,flipkart,https://www.flipkart.com/acer-aspire-3-15-amd-ryzen-5-quad-core-7520u-8-gb-512-gb-ssd-windows-11-home-a315-24p-thin-light-laptop/p/itmf420b92cf4584,2026-09-28T10:45:04.988184+00:00,valid
ASUS,ASUS Vivobook Go 15,E1504FA-NJ133WS,Vivobook,2024,AMD,Ryzen 5 Quad Core 7520U,Ryzen 5,7,,,,,,,,,,,,,8,LPDDR5,,,,,,512,,,,,15.6,,,,,,,,,,,,,,,,False,False,Windows 11 Home,True,,,,[],,,,False,False,False,,64690.0,69870.0,5180.0,64690.0,67314.29,69990.0,14,flipkart,https://www.flipkart.com/asus-vivobook-go-15-amd-ryzen-5-quad-core-7520u-8-gb-512-gb-ssd-windows-11-home-e1504fa-nj133ws-e1504fa-nj522ws-thin-light-laptop/p/itm45fbf62c111f5,2026-09-28T10:45:05.010430+00:00,valid
Dell,DELL Dell Inspiron 3525,D560838WIN9B,Inspiron,,AMD,Ryzen 5 5500U,Ryzen 5,5,,,,,,,,,,,,,8,DDR4,,,,,,512,,,,,15.6,,,,,,,,,,,,,,,,False,False,Windows 11 Home,True,,,,[],,,,False,False,False,1,54699.0,58990.0,4291.0,54699.0,56844.5,58990.0,8,flipkart,https://www.flipkart.com/dell-inspiron-3525-amd-ryzen-5-5500u-8-gb-512-gb-ssd-windows-11-home-d560838win9b-thin-light-laptop/p/itm252f7e9d36ac5,2026-09-28T10:45:05.006029+00:00,valid
Lenovo,Lenovo IdeaPad Slim 3 with 1Year ADP,15AMN8,IdeaPad,2024,,,,,,,,,,,,,,,,,16,LPDDR5,,,,,,512,,,,,15.6,,,,,,,,,,,,,,,,False,False,Windows 11 Home,True,,,,[],,,,False,False,False,,61890.0,72290.0,10400.0,61890.0,67090.0,72290.0,2,flipkart,https://www.flipkart.com/lenovo-ideapad-slim-3-1year-adp-amd-ryzen-5-40-16-gb-512-gb-ssd-windows-11-home-15amn8-laptop/p/itmab007bf5f82a8,2026-09-28T10:45:05.014657+00:00,valid
Acer,Acer Swift Go 14 Office 2024 + M365 Basic,,Swift,2024,AMD,Ryzen 5 Hexa Core 7430U,Ryzen 5,7,,,,,,,,,,,,,16,LPDDR4X,,,,,,512,,,,,14.0,,,,,,,,,,,,,,,,False,False,Windows 11,True,,,,[],,,,False,False,False,,,,,,,,0,flipkart,https://www.flipkart.com/acer-swift-go-14-office-2024-m365-basic-amd-ryzen-5-hexa-core-7430u-16-gb-512-gb-ssd-windows-11-home-sfg14-41-r6g9-thin-light-laptop/p/itm52551833a1d42,2026-09-28T10:45:05.075767+00:00,insufficient_sources
ASUS,ASUS Vivobook Go 15,E1504FA-NJ5542WS,Vivobook,2024,AMD,Ryzen 5 Quad Core 7520U,Ryzen 5,7,,,,,,,,,,,,,16,LPDDR5,,,,,,512,,,,,15.6,,,,,,,,,,,,,,,,False,False,Windows 11 Home,True,,,,[],,,,False,False,False,,64346.0,69999.0,5653.0,64000.0,67049.29,70000.0,14,flipkart,https://www.flipkart.com/asus-vivobook-go-15-amd-ryzen-5-quad-core-7520u-16-gb-512-gb-ssd-windows-11-home-e1504fa-nj5542ws-e1504fa-nj1505ws-thin-light-laptop/p/itm24ce8ebbf5e72,2026-09-28T10:45:05.085735+00:00,valid
Lenovo,Lenovo Ideapad,15ALC6,IdeaPad,,AMD,Ryzen 5 Hexa Core 5500U,Ryzen 5,5,,,,,,,,,,,,,8,DDR4,,,,,,512,,,,,15.6,,,,,,,,,,,,,,,,False,False,Windows 11 Home,True,,,,[],,,,False,False,False,,61989.0,65990.0,4001.0,61989.0,63989.5,65990.0,4,flipkart,https://www.flipkart.com/lenovo-ideapad-amd-ryzen-5-hexa-core-5500u-8-gb-512-gb-ssd-windows-11-home-15alc6-laptop/p/itme603a3b75554d,2026-09-28T10:45:05.092346+00:00,valid
MSI,MSI Modern 14,Modern,,,AMD,Ryzen 5 Hexa Core 7530U,Ryzen 5,7,,,,,,,,,,,,,16,DDR4,,,,,,512,,,,,14.0,,,,,,,,,,,,,,,,False,False,Windows 11 Home,True,,,,[],,,,False,False,False,,,,,,,,0,flipkart,https://www.flipkart.com/msi-modern-14-amd-ryzen-5-hexa-core-7530u-16-gb-512-gb-ssd-windows-11-home-c7m-062in-thin-light-laptop/p/itm8820edd8b6c55,2026-09-28T10:45:05.103661+00:00,insufficient_sources
Lenovo,Lenovo IdeaPad Slim 3 15ABR8,82XM00QD,IdeaPad,2024,AMD,Ryzen 5 Hexa Core 5625U,Ryzen 5,5,,,,,,,,,,,,,16,DDR4,,,,,,512,,,,,15.6,,,,,,,,,,,,,,,,False,False,Windows 11 Home,True,,,,[],,,,False,False,False,,63990.0,70990.0,7000.0,63890.0,67428.89,70990.0,18,flipkart,https://www.flipkart.com/lenovo-ideapad-slim-3-15abr8-amd-ryzen-5-hexa-core-5625u-16-gb-512-gb-ssd-windows-11-home-82xm00qdin-thin-light-laptop/p/itm1728625e47c8e,2026-09-28T10:45:05.110784+00:00,valid
Lenovo,Lenovo IdeaPad 1,15ADA7,IdeaPad,,AMD,Ryzen 5 Quad Core 3500U,Ryzen 5,3,,,,,,,,,,,,,8,DDR4,,,,,,512,,,,,15.6,,,,,,,,,,,,,,,,False,False,Windows 11 Home,True,,,,[],,,,False,False,False,,55000.0,58888.0,3888.0,55000.0,56944.0,58888.0,8,flipkart,https://www.flipkart.com/lenovo-ideapad-1-amd-ryzen-5-quad-core-3500u-8-gb-512-gb-ssd-windows-11-home-15ada7-thin-light-laptop/p/itm3ee2f5da49d46,2026-09-28T10:45:05.116526+00:00,valid
MSI,MSI Modern 14,Modern,,,AMD,Ryzen 5 Hexa Core 7530U,Ryzen 5,7,,,,,,,,,,,,,8,DDR4,,,,,,512,,,,,14.0,,,,,,,,,,,,,,,,False,False,Windows 11 Home,True,,,,[],,,,False,False,False,,,,,,,,0,flipkart,https://www.flipkart.com/msi-modern-14-amd-ryzen-5-hexa-core-7530u-8-gb-512-gb-ssd-windows-11-home-c7m-063in-thin-light-laptop/p/itm8820edd8b6c55,2026-09-28T10:45:05.119553+00:00,insufficient_sources
HP,HP Pavilion,14-EC1005AU,Pavilion,2021,AMD,Ryzen 5 Hexa Core 5625U,Ryzen 5,5,,,,,,,,,,,,,16,DDR4,,,,,,512,,,,,14.0,,,,,,,,,,,,,,,,False,False,Windows 11 Home,True,,,,[],,,,False,False,False,,,,,,,,0,flipkart,https://www.flipkart.com/hp-pavilion-amd-ryzen-5-hexa-core-5625u-16-gb-512-gb-ssd-windows-11-home-14-ec1005au-thin-light-laptop/p/itm912983975b3d8,2026-09-28T10:45:05.126109+00:00,insufficient_sources
Lenovo,Lenovo ThinkBook,ThinkBook,,,AMD,Ryzen 5 Hexa Core 7530U,Ryzen 5,7,,,,,,,,,,,,,16,DDR4,,,,,,512,,,,,16.0,,,,,,,,,,,,,,,,False,False,Windows 11 Home,True,,,,[],,,,False,False,False,,80000.0,88000.0,8000.0,80000.0,84000.0,88000.0,6,flipkart,https://www.flipkart.com/lenovo-thinkbook-amd-ryzen-5-hexa-core-7530u-16-gb-512-gb-ssd-windows-11-home-16-g6-thin-light-laptop/p/itmd7e1aca8d63e9,2026-09-28T10:45:05.129746+00:00,valid
Lenovo,Lenovo,15ACL6,,,,,,,,,,,,,,,,,,,8,DDR4,,,,,,512,,,,,15.6,,,,,,,,,,,,,,,,False,False,Windows 11 Home,True,,,,[],,,,False,False,False,,61990.0,69999.0,8009.0,61990.0,65994.5,69999.0,2,flipkart,https://www.flipkart.com/lenovo-amd-ryzen-5-hexa-core-8-gb-512-gb-ssd-windows-11-home-15acl6-15alc7-2-thin-light-laptop/p/itm23a376c7867c4,2026-09-28T10:45:05.133891+00:00,valid
Lenovo,Lenovo,V15,,,,,,,,,,,,,,,,,,,16,DDR4,,,,,,512,,,,,15.6,,,,,,,,,,,,,,,,False,False,Windows 11 Home,True,,,,[],,,,False,False,False,,61990.0,68999.0,7009.0,61990.0,65494.5,68999.0,2,flipkart,https://www.flipkart.com/lenovo-amd-ryzen-5-quad-core-16-gb-512-gb-ssd-windows-11-home-v15-thin-light-laptop/p/itmd7282dfaeb5de,2026-09-28T10:45:05.136723+00:00,valid
Lenovo,Lenovo IdeaPad 1,IdeaPad,IdeaPad,2024,AMD,Ryzen 5 Hexa Core 5500U,Ryzen 5,5,,,,,,,,,,,,,8,DDR4,,,,,,512,,,,,15.6,,,,,,,,,,,,,,,,False,False,Windows 11 Home,True,,,,[],,,,False,False,False,,59999.0,60999.0,1000.0,59999.0,63246.29,78290.0,14,flipkart,https://www.flipkart.com/lenovo-ideapad-1-amd-ryzen-5-hexa-core-5500u-8-gb-512-gb-ssd-windows-11-home-15alc7-thin-light-laptop/p/itm24ef45be190fa,2026-09-28T10:45:05.260752+00:00,valid
Dell,DELL,Inspiron,,,,,,,,,,,,,,,,,,,8,DDR4,,,,,,512,,,,,15.6,,,,,,,,,,,,,,,,False,False,Windows 11 Home,True,,,,[],,,,False,False,False,,65900.0,69395.0,3495.0,65900.0,67647.5,69395.0,2,flipkart,https://www.flipkart.com/dell-amd-ryzen-5-dual-core-7520u-8-gb-512-gb-ssd-windows-11-home-inspiron-3535-thin-light-laptop/p/itm7fef3d69de76e,2026-09-28T10:45:05.147208+00:00,valid
Lenovo,Lenovo,IdeaPad,,2024,AMD,Ryzen 5 Hexa Core 7535HS,Ryzen 5,7,,,,,,,,,,,,,16,LPDDR5X,,,,,,512,,,,,13.3,,,,,,,,,,,,,,,,False,False,Windows 11 Home,True,,,,[],,,,False,False,False,,96990.0,157090.0,60100.0,96990.0,127040.0,157090.0,6,flipkart,https://www.flipkart.com/lenovo-amd-ryzen-5-hexa-core-7535hs-16-gb-512-gb-ssd-windows-11-home-ideapad-slim-13arp10-thin-light-laptop/p/itm4fb895a7f1d8a,2026-09-28T10:45:05.154125+00:00,valid
ASUS,ASUS Vivobook Go 15,E1504FA-NJ133WS,Vivobook,,,,,,,,,,,,,,,,,,8,LPDDR5,,,,,,512,,,,,15.6,,,,,,,,,,,,,,,,False,False,Windows 11 Home,True,,,,[],,,,False,False,False,,66990.0,69990.0,3000.0,66990.0,68490.0,69990.0,2,flipkart,https://www.flipkart.com/asus-vivobook-go-15-amd-ryzen-5-dual-core-7520u-8-gb-512-gb-ssd-windows-11-home-e1504fa-nj133ws-e1504fa-nj522ws-thin-light-laptop/p/itm53871e971ea27,2026-09-28T10:45:05.159928+00:00,valid
Lenovo,Lenovo IdeaPad Slim 1,15AMN7,IdeaPad,2021,AMD,Ryzen 5 Quad Core 7520U,Ryzen 5,7,,,,,,,,,,,,,8,LPDDR5,,,,,,512,,,,,15.6,,,,,,,,,,,,,,,,False,False,Windows 11 Home,True,,,,[],,,,False,False,False,,59990.0,65690.0,5700.0,59990.0,63806.67,69990.0,12,flipkart,https://www.flipkart.com/lenovo-ideapad-slim-1-amd-ryzen-5-quad-core-7520u-8-gb-512-gb-ssd-windows-11-home-15amn7-thin-light-laptop/p/itm7ecd736658657,2026-09-28T10:45:05.167214+00:00,valid
HP,HP 15s,15s-eq0500AU,,,AMD,Ryzen 5 Quad Core 3500U,Ryzen 5,3,,,,,,,,,,,,,8,DDR4,,,,,,512,,,,,15.6,,,,,,,,,,,,,,,,False,False,Windows 10,True,,,,[],,,,False,False,False,,58790.0,61990.0,3200.0,58790.0,60390.0,61990.0,4,flipkart,https://www.flipkart.com/hp-15s-amd-ryzen-5-quad-core-3500u-8-gb-512-gb-ssd-windows-10-home-15s-eq0500au-thin-light-laptop/p/itm10d6607dbe1bd,2026-09-28T10:45:05.173699+00:00,valid
ASUS,"ASUS Vivobook Go 15 OLED, with Backlit Keyboard,",,Vivobook,,AMD,Ryzen 5 Quad Core 7520U,Ryzen 5,7,,,,,,,,,,,,,8,LPDDR5,,,,,,512,,,,,15.6,,,,,OLED,,,,,,,,,,,False,False,Windows 11,True,,,,[],Backlit Keyboard,,,False,False,False,,54990.0,74990.0,20000.0,54990.0,64990.0,74990.0,2,flipkart,https://www.flipkart.com/asus-vivobook-go-15-oled-backlit-keyboard-amd-ryzen-5-quad-core-7520u-8-gb-512-gb-ssd-windows-11-home-e1504fa-lk521ws-thin-light-laptop/p/itm3de88f71e558b,2026-09-28T10:45:05.226655+00:00,valid
Lenovo,Lenovo ThinkPad E14,TP,ThinkPad,,AMD,Ryzen 5 Hexa Core 7530U,Ryzen 5,7,,,,,,,,,,,,,8,DDR4,,,,,,512,,,,,14.0,,,,,,,,,,,,,,,,False,False,Windows 11 Home,True,,,,[],,,,False,False,False,,92350.0,100000.0,7650.0,92350.0,96175.0,100000.0,4,flipkart,https://www.flipkart.com/lenovo-thinkpad-e14-amd-ryzen-5-hexa-core-7530u-8-gb-512-gb-ssd-windows-11-home-tp-gen-thin-light-laptop/p/itmbbd4542d7f75b,2026-09-28T11:03:24.520718+00:00,valid
ASUS,ASUS,E1404FA-NK522WS,,,,,,,,,,,,,,,,,,,8,LPDDR5,,,,,,512,,,,,14.0,,,,,,,,,,,,,,,,False,False,Windows 11 Home,True,,,,[],,,,False,False,False,,63100.0,72990.0,9890.0,63100.0,68045.0,72990.0,2,flipkart,https://www.flipkart.com/asus-amd-ryzen-5-quad-core-8-gb-512-gb-ssd-windows-11-home-e1404fa-nk522ws-thin-light-laptop/p/itmd6733f7332771,2026-09-28T10:45:05.234624+00:00,valid
ASUS,ASUS Vivobook Go 14 with Office 2024 + M365 Basic*,,Vivobook,2025,AMD,Ryzen 5 Quad Core 7520U,Ryzen 5,7,,,,,,,,,,,,,16,LPDDR5,,,,,,512,,,,,14.0,,,,,,,,,,,,,,,,False,False,Windows 11 Home,True,,,,[],,,,False,False,False,,68500.0,74999.0,6499.0,68499.0,70898.12,74999.0,8,flipkart,https://www.flipkart.com/asus-vivobook-go-14-2025-office-2024-m365-basic-amd-ryzen-5-quad-core-7520u-16-gb-512-gb-ssd-windows-11-home-e1404fa-nk5542ws-e1404fa-eb2542ws-thin-light-laptop/p/itm6d858ada67799,2026-09-28T10:45:05.238552+00:00,valid
Lenovo,Lenovo V15,V15,,,AMD,Ryzen 5 Hexa Core 5500U,Ryzen 5,5,,,,,,,,,,,,,8,DDR4,,,,,,512,,,,,15.6,,,,,,,,,,,,,,,,False,False,DOS,False,,,,[],,,,False,False,False,,61500.0,66744.0,5244.0,61500.0,64122.0,66744.0,4,flipkart,https://www.flipkart.com/lenovo-v15-amd-ryzen-5-hexa-core-5500u-8-gb-512-gb-ssd-dos-g2-alc-thin-light-laptop/p/itmffee359f96c0e,2026-09-28T10:45:05.242222+00:00,valid
Lenovo,Lenovo V15,V15,,,AMD,Ryzen 5 Quad Core 7520U,Ryzen 5,7,,,,,,,,,,,,,16,DDR4,,,,,,512,,,,,15.6,,,,,,,,,,,,,,,,False,False,Windows 11 Home,True,,,,[],,,,False,False,False,,61990.0,64990.0,3000.0,61955.0,63986.5,69990.0,10,flipkart,https://www.flipkart.com/lenovo-v15-amd-ryzen-5-quad-core-7520u-16-gb-512-gb-ssd-windows-11-home-thin-light-laptop/p/itmd7282dfaeb5de,2026-09-28T10:45:05.246768+00:00,valid
ASUS,ASUS,M3407KA-SF2501WS,,,AMD,Ryzen AI 5 330 -,Ryzen AI,,,,,,,,,,,,,,16,DDR5,,,,,,512,,,,,14.0,,,,,,,,,,,,,,,,False,False,Windows 11 Home,True,,,,[],,,,False,False,False,,77000.0,99999.0,22999.0,77000.0,88499.5,99999.0,4,flipkart,https://www.flipkart.com/asus-amd-ryzen-5-ai-330-16-gb-512-gb-ssd-windows-11-home-m3407ka-sf2501ws-laptop/p/itm3ed10d95b82c1,2026-09-28T10:45:05.251298+00:00,valid
Dell,DELL PRO 15 Backlit,AMD,,2025,AMD,Ryzen 5 Quad Core 7520U,Ryzen 5,7,,,,,,,,,,,,,8,LPDDR5,,,,,,512,,,,,15.6,,,,,,,,,,,,,,,,False,False,Windows 11 Home,True,,,,[],,,,False,False,False,,57524.0,69900.0,12376.0,57524.0,63712.0,69900.0,8,flipkart,https://www.flipkart.com/dell-pro-15-backlit-2025-amd-ryzen-5-quad-core-7520u-8-gb-512-gb-ssd-windows-11-home-thin-light-laptop/p/itm379f7a58d0a29,2026-09-28T10:45:05.255455+00:00,valid
Dell,DELL 15,DC15255,,,AMD,Ryzen 5 Quad Core 7520U,Ryzen 5,7,,,,,,,,,,,,,8,LPDDR5,,,,,,512,,,,,15.6,,,,,,,,,,,,,,,,False,False,Windows 11 Home,True,,,,[],,,,False,False,False,,54990.0,91207.0,36217.0,54990.0,70076.8,91207.0,10,flipkart,https://www.flipkart.com/dell-15-amd-ryzen-5-quad-core-7520u-8-gb-512-gb-ssd-windows-11-home-dc15255-d15260-thin-light-laptop/p/itm8f051647982f9,2026-09-28T10:45:05.266045+00:00,valid
Lenovo,Lenovo IdeaPad Slim 1,15ACL6,IdeaPad,2021,AMD,Ryzen 5 Hexa Core 5500U,Ryzen 5,5,,,,,,,,,,,,,8,DDR4,,,,,,512,,,,,15.6,,,,,,,,,,,,,,,,False,False,Windows 11 Home,True,,,,[],,,,False,False,False,,59671.0,61000.0,1329.0,59671.0,60335.5,61000.0,18,flipkart,https://www.flipkart.com/lenovo-ideapad-slim-1-amd-ryzen-5-hexa-core-5500u-8-gb-512-gb-ssd-windows-11-home-15acl6-15alc7-2-thin-light-laptop/p/itm3680fb576eb7b,2026-09-28T10:45:05.272812+00:00,valid
Lenovo,Lenovo IdeaPad Flex 5,14ABR8,IdeaPad,2021,AMD,Ryzen 5 Hexa Core 7530U,Ryzen 5,7,,,,,,,,,,,,,16,LPDDR4X,,,,,,512,,,,,14.0,,,,,,,,,,True,,,,,,False,False,Windows 11 Home,True,,,,[],,,,False,False,False,,60490.0,93190.0,32700.0,60490.0,76840.0,93190.0,14,flipkart,https://www.flipkart.com/lenovo-ideapad-flex-5-amd-ryzen-hexa-core-7530u-16-gb-512-gb-ssd-windows-11-home-14abr8-2-1-laptop/p/itm53fa0d9c1fdd7,2026-09-28T10:45:05.276176+00:00,valid
HP,HP 15s,15s,,2021,AMD,Ryzen 5 Hexa Core 5500U,Ryzen 5,5,,,,,,,,,,,,,16,DDR4,,,,,,512,,,,,15.6,,,,,,,,,,,,,,,,False,False,Windows 11 Home,True,,,,[],,,,False,False,False,,69990.0,76999.0,7009.0,69990.0,73494.5,76999.0,12,flipkart,https://www.flipkart.com/hp-15s-amd-ryzen-5-hexa-core-5500u-16-gb-512-gb-ssd-windows-11-home-15s-eq2182au-thin-light-laptop/p/itm2f070129053ed,2026-09-28T10:45:05.305210+00:00,valid
HP,HP 15s,15-fc0028AU,,,AMD,Ryzen 5 Quad Core 7520U,Ryzen 5,7,,,,,,,,,,,,,8,DDR4,,,,,,512,,,,,15.6,,,,,,,,,,,,,,,,False,False,Windows 11 Home,True,,,,[],,,,False,False,False,,57970.0,59990.0,2020.0,57970.0,58980.0,59990.0,4,flipkart,https://www.flipkart.com/hp-15s-amd-ryzen-5-quad-core-7520u-8-gb-512-gb-ssd-windows-11-home-15-fc0028au-thin-light-laptop/p/itme3568fa69de98,2026-09-28T10:45:05.309728+00:00,valid
HP,HP OmniBook 5,16-ag1037au,,2024,Intel,Core 5 340,,,,,,,,,,,,,,,16,LPDDR5X,,,,,,512,,,,,16.0,,,,,,,,,,,,,,,,False,False,Windows 11 Home,True,,,,[],,,,False,False,False,1,79990.0,109980.0,29990.0,79990.0,94985.0,109980.0,4,flipkart,https://www.flipkart.com/hp-omnibook-5-amd-ryzen-ai-quad-core-340-16-gb-512-gb-ssd-windows-11-home-16-ag1037au-thin-light-laptop/p/itmad1fcf19f852c,2026-09-28T10:45:05.315799+00:00,valid
ASUS,ASUS Vivobook 16 with MSO 2024 + M365 Basic*,,Vivobook,2025,,,,,,,,,,,,,,,,,16,DDR5,,,,,,512,,,,,16.0,,,,,,,,,,,,,,,,False,False,Windows 11 Home,True,,,,[],,,,False,False,False,,81990.0,116990.0,35000.0,81990.0,99490.0,116990.0,2,flipkart,https://www.flipkart.com/asus-vivobook-16-2025-mso-2024-m365-basic-amd-ryzen-5-hexa-core-16-gb-512-gb-ssd-windows-11-home-m1605naq-mb095ws-thin-light-laptop/p/itm613ecc3e9e3af,2026-09-28T10:45:05.319570+00:00,valid
Dell,DELL 15,AMD,,2026,AMD,Ryzen 5 Hexa Core 7530U,Ryzen 5,7,,,,,,,,,,,,,16,DDR4,,,,,,512,,,,,15.6,,,,,,,,,,,,,,,,False,False,Windows 11 Home,True,,,,[],,,,False,False,False,,69490.0,76478.0,6988.0,69490.0,72984.0,76478.0,12,flipkart,https://www.flipkart.com/dell-15-2026-amd-ryzen-5-hexa-core-7530u-16-gb-512-gb-ssd-windows-11-home-dc15255-thin-light-laptop/p/itmd20ac87f34826,2026-09-28T10:45:05.322957+00:00,valid
HP,HP 15s,15-fc0029AU,,,AMD,Ryzen 5 Quad Core 7520U,Ryzen 5,7,,,,,,,,,,,,,8,LPDDR5,,,,,,512,,,,,15.6,,,,,,,,,,,,,,,,False,False,Windows 11 Home,True,,,,[],,,,False,False,False,,59990.0,65990.0,6000.0,59990.0,62990.0,65990.0,8,flipkart,https://www.flipkart.com/hp-15s-amd-ryzen-5-quad-core-7520u-8-gb-512-gb-ssd-windows-11-home-15-fc0029au-thin-light-laptop/p/itm33d61a12623b2,2026-09-28T10:45:05.335451+00:00,valid
HP,HP 15,15-fc0761AU,,2024,AMD,Ryzen 7 Octa Core 7730U,Ryzen 7,7,,,,,,,,,,,,,16,DDR4,,,,,,512,,,,,15.6,,,,,,,,,,,,,,,,False,False,Windows 11 Home,True,,,,[],,,,False,False,False,,76300.0,79000.0,2700.0,76300.0,77650.0,79000.0,20,flipkart,https://www.flipkart.com/hp-15-amd-ryzen-7-octa-core-7730u-16-gb-512-gb-ssd-windows-11-home-15-fc0761au-thin-light-laptop/p/itm61f1a7157aecd,2026-09-28T10:45:05.383933+00:00,valid
ASUS,"ASUS Vivobook S14 with Office 2024 + M365 Basic*, AI PC NPU up to 16TOPS",,Vivobook,2026,,,,,,,,,,,,,,,,16,16,DDR5,,,,,,1024,,,,,14.0,,,,,,,,,,,,,,,,False,False,Windows 11 Home,True,,,,[],,,,False,False,False,,84990.0,114990.0,30000.0,84990.0,99990.0,114990.0,2,flipkart,https://www.flipkart.com/asus-vivobook-s14-2026-office-2024-m365-basic-ai-pc-npu-up-16tops-amd-ryzen-7-260-16-gb-1-tb-ssd-windows-11-home-m3407ha-ly750ws-thin-light-laptop/p/itm5cc55ffa26330,2026-09-28T10:45:05.389072+00:00,valid
ASUS,ASUS,,,,AMD,Ryzen 7 7445HS,Ryzen 7,7,,,,,,,,,,,,,16,DDR5,,,,,,1024,,,,,15.6,,,,,,,,,,,,,,,,False,False,Windows 11 Home,True,,,,[],,,,False,False,False,,103499.0,110500.0,7001.0,103499.0,106999.5,110500.0,12,flipkart,https://www.flipkart.com/asus-amd-ryzen-7-7445hs-16-gb-1-tb-ssd-windows-11-home-4-gb-graphics-nvidia-geforce-rtx-30-series-fa506ncg-hn251ws-gaming-laptop/p/itmeb06a6b6ef443,2026-09-28T10:45:05.399693+00:00,valid
ASUS,ASUS,M3607GA-SH050WS,,,AMD,RYZEN AI 7 445 Ryzen 7 Hexa Core -,Ryzen 7,,,,,,,,,,,,,,16,DDR5,,,,,,1024,,,,,16.0,,,,,,,,,,,,,,,,False,False,Windows 11 Home,True,,,,[],,,,False,False,False,,129990.0,159990.0,30000.0,129990.0,144990.0,159990.0,4,flipkart,https://www.flipkart.com/asus-amd-ryzen-ai-7-445-hexa-core-16-gb-1-tb-ssd-windows-11-home-m3607ga-sh050ws-laptop/p/itma1fc34055f994,2026-09-28T10:45:05.404431+00:00,valid
ASUS,ASUS,,,,,,,,,,,,,,,,,,,,16,DDR5,,,,,,1024,,,,,15.6,,,,,,,,,,,,,,,,False,False,Windows 11 Home,True,,,,[],,,,False,False,False,,111000.0,140990.0,29990.0,111000.0,125995.0,140990.0,2,flipkart,https://www.flipkart.com/asus-amd-ryzen-7-170-processor-octa-core-ryzen-3-2ghz-16-gb-1-tb-ssd-windows-11-home-4-gb-graphics-nvidia-geforce-rtx-4gb-gddr6-optimus-nvidia-rtx-3050-144-hz-75-w-fa506ncq-hn009ws-gaming-laptop/p/itm71d2529ad6073,2026-09-28T10:45:05.407740+00:00,valid
Dell,DELL 15,AMD,,,AMD,Ryzen 7 Octa Core 7730U,Ryzen 7,7,,,,,,,,,,,,,16,DDR4,,,,,,512,,,,,15.0,,,,,,,,,,,,,,,,False,False,Windows 11 Home,True,,,,[],,,,False,False,False,,78490.0,82990.0,4500.0,78490.0,80740.0,82990.0,6,flipkart,https://www.flipkart.com/dell-15-previouly-inspiron-amd-ryzen-7-octa-core-7730u-16-gb-512-gb-ssd-windows-11-home-dc15255-thin-light-laptop/p/itm0225059e8adc4,2026-09-28T10:45:05.410640+00:00,valid
Lenovo,Lenovo,V15,,,AMD,Ryzen 7 Octa Core 7730U,Ryzen 7,7,,,,,,,,,,,,,16,DDR4,,,,,,512,,,,,15.6,,,,,,,,,,,,,,,,False,False,Windows 11 Home,True,,,,[],,,,False,False,False,,77500.0,78990.0,1490.0,70001.0,77940.57,79999.0,14,flipkart,https://www.flipkart.com/lenovo-amd-ryzen-7-octa-core-7730u-16-gb-512-gb-ssd-windows-11-home-v15-g4-thin-light-laptop/p/itm0ed77e73122ed,2026-09-28T10:45:05.417156+00:00,valid
ASUS,ASUS TUF Gaming A15,AMD,TUF Gaming,2026,,,,,,,,,,,,,,,,,16,DDR5,,,,,,1024,,,,,15.6,,,,,,,,,,,,,,,,False,False,Windows 11 Home,True,,,,[],,,,False,False,False,,79990.0,90990.0,11000.0,79990.0,118240.0,184990.0,4,flipkart,https://www.flipkart.com/asus-tuf-gaming-a15-2026-amd-ryzen-7-170-16-gb-1-tb-ssd-windows-11-home-4-gb-graphics-nvidia-geforce-rtx-3050-fa506ncq-hn008w-laptop/p/itm187b00d3b76d3,2026-09-28T10:45:05.422398+00:00,valid
HP,"HP 15 Laptop with Backlit Keyboard & MSO'2024,",,,2024,AMD,Ryzen 7 Octa Core 7730U,Ryzen 7,7,,,,,,,,,,,,,16,DDR4,,,,,,512,,,,,15.6,,,,,,,,,,,,,,,,False,False,Windows 11 Home,True,,,,[],Backlit Keyboard,,,False,False,False,,69990.0,96747.0,26757.0,69990.0,83368.5,96747.0,14,flipkart,https://www.flipkart.com/hp-15-laptop-backlit-keyboard-mso-2024-amd-ryzen-7-octa-core-7730u-16-gb-512-gb-ssd-windows-11-home-15-fc0390au-15-fc0761au-thin-light/p/itmf28fcea04f998,2026-09-28T10:45:05.426580+00:00,valid
Acer,Acer Aspire 3 Backlit,A325-42,Aspire,,AMD,Ryzen 7 Octa Core 7730U,Ryzen 7,7,,,,,,,,,,,,,16,DDR4,,,,,,1024,,,,,15.6,,,,,,,,,,,,,,,,False,False,Windows 11 Home,True,,,,[],,,,False,False,False,,75990.0,79990.0,4000.0,75990.0,77990.0,79990.0,20,flipkart,https://www.flipkart.com/acer-aspire-3-backlit-amd-ryzen-7-octa-core-7730u-16-gb-1-tb-ssd-windows-11-home-a325-42-as15-42-thin-light-laptop/p/itmdaf15e01a1d1a,2026-09-28T10:45:05.430180+00:00,valid
HP,HP MS Office 2024,15-fc1038AU,,2024,,,,,,,,,,,,,,,,,16,DDR5,,,,,,512,,,,,15.6,,,,,,,,,,,,,,,,False,False,Windows 11 Home,True,,,,[],,,,False,False,False,1,75991.0,99889.0,23898.0,75991.0,87940.0,99889.0,2,flipkart,https://www.flipkart.com/hp-ms-office-2024-amd-ryzen-7-octa-core-16-gb-512-gb-ssd-windows-11-home-15-fc1038au-thin-light-laptop/p/itmb85cccdf90f6f,2026-09-28T10:45:05.493090+00:00,valid
Acer,Acer Aspire Lite,AL15-41,Aspire,,AMD,Ryzen 7 Octa Core 7730U,Ryzen 7,7,,,,,,,,,,,,,16,DDR4,,,,,,512,,,,,15.6,,,,,,,,,,,,,,,,False,False,Windows 11 Home,True,,,,[],,,,False,False,False,,,,,,,,0,flipkart,https://www.flipkart.com/acer-aspire-lite-amd-ryzen-7-octa-core-7730u-16-gb-512-gb-ssd-windows-11-home-al15-41-thin-light-laptop/p/itm1bc0bcb4598e7,2026-09-28T10:45:05.496713+00:00,insufficient_sources
HP,HP Victus AI,,Victus,2024,,,,,,,,,,,,,,,,,16,DDR5,,,,,,1024,,,,,15.6,,,,,,,,,,,,,,,,False,False,Windows 11 Home,True,,,,[],,,,False,False,False,,157990.0,164309.0,6319.0,157990.0,161149.5,164309.0,2,flipkart,https://www.flipkart.com/hp-victus-ai-amd-ryzen-7-octa-core-260-16-gb-1-tb-ssd-windows-11-home-8-gb-graphics-nvidia-geforce-rtx-5050-15-fb3102ax-gaming-laptop/p/itmd64b9cb8692f8,2026-09-28T10:45:05.500187+00:00,valid
ASUS,"ASUS Vivobook 15 with Office 2024 + M365 Basic*,",,Vivobook,2026,,,,,,,,,,,,,,,,,16,DDR5,,,,,,512,,,,,15.6,,,,,,,,,,,,,,,,False,False,Windows 11 Home,True,,,,[],,,,False,False,False,,80990.0,95000.0,14010.0,74801.0,87468.88,107990.0,8,flipkart,https://www.flipkart.com/asus-vivobook-15-2026-office-2024-m365-basic-amd-ryzen-7-octa-core-170-16-gb-512-gb-ssd-windows-11-home-m1502naq-bq121ws-thin-light-laptop/p/itmfd4d7978b0424,2026-09-28T10:45:05.504204+00:00,valid
ASUS,ASUS VivoBook 15,M1502YA-BQ703WS,Vivobook,,AMD,Ryzen 7 Octa Core 5825U,Ryzen 7,5,,,,,,,,,,,,,16,DDR4,,,,,,512,,,,,15.6,,,,,,,,,,,,,,,,False,False,Windows 11 Home,True,,,,[],,,,False,False,False,,75000.0,82999.0,7999.0,75000.0,78999.5,82999.0,12,flipkart,https://www.flipkart.com/asus-vivobook-15-amd-ryzen-7-octa-core-5825u-16-gb-512-gb-ssd-windows-11-home-m1502ya-bq703ws-thin-light-laptop/p/itmbc825d8a33486,2026-09-28T10:45:05.507688+00:00,valid
ASUS,ASUS TUF Gaming A15,AMD,TUF Gaming,2026,,,,,,,,,,,,,,,,,16,DDR5,,,,,,512,,,,,15.6,,,,,,,,,,,,,,,,False,False,Windows 11 Home,True,,,,[],,,,False,False,False,,70990.0,84990.0,14000.0,70990.0,115134.0,159990.0,10,flipkart,https://www.flipkart.com/asus-tuf-gaming-a15-2026-amd-ryzen-7-170-16-gb-512-gb-ssd-windows-11-home-4-graphics-nvidia-geforce-rtx-3050-fa506ncq-hn006w-laptop/p/itm2a48b3e7ebd9c,2026-09-28T10:45:05.515621+00:00,valid
HP,HP Pavilion 15,15-eh3101AU,Pavilion,,AMD,Ryzen 7 Octa Core 7730U,Ryzen 7,7,,,,,,,,,,,,,16,DDR4,,,,,,512,,,,,15.6,,,,,,,,,,,,,,,,False,False,Windows 11 Home,True,,,,[],,,,False,False,False,,75121.0,76843.0,1722.0,75121.0,75982.0,76843.0,8,flipkart,https://www.flipkart.com/hp-pavilion-15-amd-ryzen-7-octa-core-7730u-16-gb-512-gb-ssd-windows-11-home-15-eh3101au-thin-light-laptop/p/itm644a41c66520c,2026-09-28T10:45:05.536258+00:00,valid
ASUS,ASUS Vivobook GO 15 OLED,E1504F,Vivobook,,AMD,Ryzen 7 Quad Core 7000,Ryzen 7,7,,,,,,,,,,,,,16,LPDDR5,,,,,,512,,,,,15.6,,,,,OLED,,,,,,,,,,,False,False,Windows 11 Home,True,,,,[],,,,False,False,False,,76046.0,93999.0,17953.0,76046.0,85022.5,93999.0,4,flipkart,https://www.flipkart.com/asus-vivobook-go-15-oled-amd-ryzen-7-quad-core-7000-series-16-gb-512-gb-ssd-windows-11-home-e1504fab-lk549ws-thin-light-laptop/p/itmdf2014893a36b,2026-09-28T10:45:05.540145+00:00,valid
Acer,Acer Aspire 5,A515-45,Aspire,,AMD,Ryzen 7 Octa Core 5700U,Ryzen 7,5,,,,,,,,,,,,,8,DDR4,,,,,,512,,,,,15.6,,,,,,,,,,,,,,,,False,False,Windows 10,True,,,,[],,,,False,False,False,,,,,,,,0,flipkart,https://www.flipkart.com/acer-aspire-5-amd-ryzen-7-octa-core-5700u-8-gb-512-gb-ssd-windows-10-home-a515-45-r9px-thin-light-laptop/p/itm10b6998d3e3c1,2026-09-28T10:45:05.544057+00:00,insufficient_sources
HP,HP OmniBook 7 Aero,AMD,,,AMD,Ryzen AI 7 Octa Core AI 7 350 -,Ryzen AI,,,,,,,,,,,,,,16,LPDDR5X,,,,,,512,,,,,13.3,,,,,,,,,,,,,,,,False,False,Windows 11,True,,,,[],,,,False,False,False,,,,,,,,0,flipkart,https://www.flipkart.com/hp-omnibook-7-aero-previously-pavilion-amd-ryzen-ai-octa-core-350-16-gb-512-gb-ssd-windows-11-home-13-bg1456au-thin-light-laptop/p/itm0e77f01f6fad1,2026-09-28T10:45:05.547236+00:00,insufficient_sources
Lenovo,Lenovo ThinkBook 15 G5,ThinkBook,,,AMD,Ryzen 7 Octa Core 7730U,Ryzen 7,7,,,,,,,,,,,,,16,DDR4,,,,,,512,,,,,15.6,,,,,,,,,,,,,,,,False,False,Windows 11 Home,True,,,,[],,,,False,False,False,,81970.0,94600.0,12630.0,81970.0,88285.0,94600.0,8,flipkart,https://www.flipkart.com/lenovo-thinkbook-15-g5-amd-ryzen-7-octa-core-7730u-16-gb-512-gb-ssd-windows-11-home-thin-light-laptop/p/itm28e586bd5f127,2026-09-28T10:45:05.550503+00:00,valid
Lenovo,Lenovo IdeaPad 1,15ALC7,IdeaPad,,AMD,Ryzen 7 Octa Core 5700U,Ryzen 7,5,,,,,,,,,,,,,16,DDR4,,,,,,512,,,,,15.6,,,,,,,,,,,,,,,,False,False,Windows 11 Home,True,,,,[],,,,False,False,False,,70769.0,80990.0,10221.0,70769.0,75879.5,80990.0,8,flipkart,https://www.flipkart.com/lenovo-ideapad-1-amd-ryzen-7-octa-core-5700u-16-gb-512-gb-ssd-windows-11-home-15alc7-thin-light-laptop/p/itm7ecd736658657,2026-09-28T10:45:05.596532+00:00,valid
ASUS,ASUS VivoBook 15,M1502QA-EJ742WS,Vivobook,,AMD,Ryzen 7 Octa Core 5800HS,Ryzen 7,5,,,,,,,,,,,,,16,DDR4,,,,,,512,,,,,15.6,,,,,,,,,,,,,,,,False,False,Windows 11 Home,True,,,,[],,,,False,False,False,,82169.0,92990.0,10821.0,82169.0,87579.5,92990.0,4,flipkart,https://www.flipkart.com/asus-vivobook-15-amd-ryzen-7-octa-core-5800hs-16-gb-512-gb-ssd-windows-11-home-m1502qa-ej742ws-thin-light-laptop/p/itmf83037b199f30,2026-09-28T10:45:05.600724+00:00,valid
Acer,Acer Swift Go 14Office 2024 + M365 Basic,,Swift,2024,AMD,Ryzen 7 Octa Core 7730U,Ryzen 7,7,,,,,,,,,,,,,16,LPDDR4X,,,,,,512,,,,,14.0,,,,,,,,,,,,,,,,False,False,Windows 11,True,,,,[],,,,False,False,False,,,,,,,,0,flipkart,https://www.flipkart.com/acer-swift-go-14office-2024-m365-basic-amd-ryzen-7-octa-core-7730u-16-gb-512-gb-ssd-windows-11-home-sfg14-41-thin-light-laptop/p/itm52551833a1d42,2026-09-28T10:45:05.607680+00:00,insufficient_sources
HP,HP Victus AI,,Victus,2024,,,,,,,,,,,,,,,,,24,DDR5,,,,,,1024,,,,,15.6,,,,,,,,,,,,,,,,False,False,Windows 11 Home,True,,,,[],,,,False,False,False,,,,,,,,0,flipkart,https://www.flipkart.com/hp-victus-ai-amd-ryzen-7-octa-core-260-24-gb-1-tb-ssd-windows-11-home-8-gb-graphics-nvidia-geforce-rtx-5050-15-fb3185ax-gaming-laptop/p/itm08bbf58218363,2026-09-28T10:45:05.614904+00:00,insufficient_sources
Lenovo,Lenovo,LOQ,,,,,,,,,,,,,,,,,,,16,DDR5,,,,,,512,,,,,15.6,,,,,,,,,,,,,,,,False,False,Windows 11,True,,,,[],,,,False,False,False,,114990.0,144790.0,29800.0,114990.0,129890.0,144790.0,4,flipkart,https://www.flipkart.com/lenovo-amd-ryzen-7-octa-core-170-16-gb-512-gb-ssd-android-11-6-graphics-loq-essential-2-1-laptop/p/itmb71f5c6d511cf,2026-09-28T10:45:05.621979+00:00,valid
HP,HP Pavilion,15-eh3102AU,Pavilion,,AMD,Ryzen 7 Octa Core 7730U,Ryzen 7,7,,,,,,,,,,,,,16,DDR4,,,,,,512,,,,,15.6,,,,,,,,,,,,,,,,False,False,Windows 11 Home,True,,,,[],,,,False,False,False,,87796.0,91600.0,3804.0,87796.0,89698.0,91600.0,8,flipkart,https://www.flipkart.com/hp-pavilion-amd-ryzen-7-octa-core-7730u-16-gb-512-gb-ssd-windows-11-home-15-eh3102au-thin-light-laptop/p/itmeebcea444074b,2026-09-28T10:45:05.624868+00:00,valid
HP,"HP HP 15,",fc1038AU,,,,,,,,,,,,,,,,,,,16,DDR5,,,,,,512,,,,,15.6,,,,,,,,,,,,,,,,False,False,Windows 11 Home,True,,,,[],,,,False,False,False,,78990.0,85990.0,7000.0,78990.0,82490.0,85990.0,2,flipkart,https://www.flipkart.com/hp-15-amd-ryzen-7-7th-gen-7735hs-16-gb-512-gb-ssd-windows-11-home-fc1038au-laptop/p/itm5f63d83f95698,2026-09-28T10:45:05.627972+00:00,valid
ASUS,ASUS Vivobook S14,M3407KA-SF048WS,Vivobook,2024,,,,,,,,,,,,,,,,,16,DDR5,,,,,,1024,,,,,14.0,,,,,,,,,,,,,,,,False,False,Windows 11 Home,True,,,,[],,,,False,False,False,,119010.0,140999.0,21989.0,119010.0,130004.5,140999.0,2,flipkart,https://www.flipkart.com/asus-vivobook-s14-amd-ryzen-7-350-16-gb-1-tb-ssd-windows-11-home-m3407ka-sf048ws-business-laptop/p/itm40723092a91dd,2026-09-28T10:45:05.636283+00:00,valid
HP,HP Pavilion Aero,13-BE2048AU,Pavilion,,AMD,Ryzen 7 Octa Core 7735U,Ryzen 7,7,,,,,,,,,,,,,16,LPDDR5,,,,,,1024,,,,,13.3,,,,,,,,,,,,,,,,False,False,Windows 11 Home,True,,,,[],,,,False,False,False,,94941.0,119999.0,25058.0,94941.0,107470.0,119999.0,12,flipkart,https://www.flipkart.com/hp-pavilion-aero-amd-ryzen-7-octa-core-7735u-16-gb-1-tb-ssd-windows-11-home-13-be2048au-thin-light-laptop/p/itmdf8679efc5053,2026-09-28T10:45:05.645197+00:00,valid
HP,HP 15s,15s,,,AMD,Ryzen 7 Octa Core 5700U,Ryzen 7,5,,,,,,,,,,,,,16,DDR4,,,,,,512,,,,,15.6,,,,,,,,,,,,,,,,False,False,Windows 11 Home,True,,,,[],,,,False,False,False,,,,,,,,0,flipkart,https://www.flipkart.com/hp-15s-amd-ryzen-7-octa-core-5700u-16-gb-512-gb-ssd-windows-11-home-15s-ey2001au-thin-light-laptop/p/itm0115cd7cec20e,2026-09-28T10:45:05.648992+00:00,insufficient_sources
MSI,MSI Thin A15,,,,AMD,Ryzen 7 Octa Core 7735HS,Ryzen 7,7,,,,,,,,,,,,,16,DDR5,,,,,,1024,,,,,15.6,,,,,,,,,,,,,,,,False,False,Windows 11 Home,True,,,,[],,,,False,False,False,,,,,,,,0,flipkart,https://www.flipkart.com/msi-thin-a15-amd-ryzen-7-octa-core-7735hs-16-gb-1-tb-ssd-windows-11-home-4-gb-graphics-nvidia-geforce-rtx-3050-144-hz-b7uc-103in-gaming-laptop/p/itm8a4195d78d2e8,2026-09-28T10:45:05.655636+00:00,insufficient_sources
Lenovo,Lenovo,21M3S0QV00,,,AMD,Ryzen 7 7735HS,Ryzen 7,7,,,,,,,,,,,,,16,DDR5,,,,,,512,,,,,14.0,,,,,,,,,,,,,,,,False,False,Windows 11 Home,True,,,,[],,,,False,False,False,,98991.0,166892.0,67901.0,98991.0,132941.5,166892.0,16,flipkart,https://www.flipkart.com/lenovo-amd-ryzen-7-7735hs-16-gb-512-gb-ssd-windows-11-home-21m3s0qv00-laptop/p/itm9259a0ef8dbdd,2026-09-28T10:45:05.663767+00:00,valid
ASUS,ASUS Vivobook 15 with Office 2024 + M365 Basic*,,Vivobook,2025,AMD,Ryzen 7 Octa Core 7730U,Ryzen 7,7,,,,,,,,,,,,,16,DDR4,,,,,,512,,,,,15.6,,,,,,,,,,,,,,,,False,False,Windows 11 Home,True,,,,[],,,,False,False,False,,,,,,,,0,flipkart,https://www.flipkart.com/asus-vivobook-15-2025-office-2024-m365-basic-amd-ryzen-7-octa-core-7730u-16-gb-512-gb-ssd-windows-11-home-m1502ya-bq936ws-thin-light-laptop/p/itm8aceea8a3302b,2026-09-28T10:45:05.678337+00:00,insufficient_sources
HP,HP 255 G10,AMD,,2025,AMD,Ryzen 7 Octa Core 7730U,Ryzen 7,7,,,,,,,,,,,,,16,DDR4,,,,,,512,,,,,15.6,,,,,,,,,,,,,,,,False,False,Windows 11 Home,True,,,,[],,,,False,False,False,,74690.0,99690.0,25000.0,74690.0,87990.5,99690.0,8,flipkart,https://www.flipkart.com/hp-255-g10-2025-amd-ryzen-7-octa-core-7730u-16-gb-512-gb-ssd-windows-11-home-g109-thin-light-laptop/p/itmee4e1ef612779,2026-09-28T10:45:05.683560+00:00,valid
Lenovo,Lenovo IdeaPad Gaming 3,,IdeaPad,,AMD,Ryzen 7 Octa Core 7735HS,Ryzen 7,7,,,,,,,,,,,,,16,DDR5,,,,,,512,,,,,15.6,,,,,,,,,,,,,,,,False,False,Windows 11 Home,True,,,,[],,,,False,False,False,,99990.0,118890.0,18900.0,99990.0,109440.0,118890.0,8,flipkart,https://www.flipkart.com/lenovo-ideapad-gaming-3-amd-ryzen-7-octa-core-7735hs-16-gb-512-gb-ssd-windows-11-home-6-graphics-nvidia-geforce-rtx-3050-15arh7-laptop/p/itmb9bd6a559e686,2026-09-28T10:45:05.689464+00:00,valid
HP,HP Victus,,Victus,,AMD,Ryzen 7 Hexa Core 7445HS,Ryzen 7,7,,,,,,,,,,,,,16,DDR5,,,,,,512,,,,,15.6,,,,,,,,,,,,,,,,False,False,Windows 11 Home,True,,,,[],,,,False,False,False,1,116990.0,122900.0,5910.0,96583.0,117446.26,128000.0,34,flipkart,https://www.flipkart.com/hp-victus-amd-ryzen-7-hexa-core-7445hs-16-gb-512-gb-ssd-windows-11-home-6-graphics-nvidia-geforce-rtx-3050-15-fb3120ax-gaming-laptop/p/itm43f86c4b31e45,2026-09-28T10:45:05.752187+00:00,valid
HP,HP OMEN 16,,Omen,2024,AMD,Ryzen AI 7 Octa Core -,Ryzen AI,,,,,,,,,,,,,,24,DDR5,,,,,,1024,,,,,16.0,,,,,,,,,,,,,,,,False,False,Windows 11 Home,True,,,,[],,,,False,False,False,,,,,,,,0,flipkart,https://www.flipkart.com/hp-omen-16-amd-ryzen-ai-7-octa-core-24-gb-1-tb-ssd-windows-11-home-8-gb-graphics-nvidia-geforce-rtx-5060-16-ap0183ax-gaming-laptop/p/itma636226b22829,2026-09-28T10:45:05.755699+00:00,insufficient_sources
Lenovo,Lenovo LOQ,,LOQ,2024,AMD,Ryzen 7 Octa Core 7435HS,Ryzen 7,7,,,,,,,,,,,,,24,DDR5,,,,,,512,,,,,15.6,,,,,,,,,,,,,,,,False,False,Windows 11 Home,True,,,,[],,,,False,False,False,,119990.0,125990.0,6000.0,104290.0,118629.39,127990.0,18,flipkart,https://www.flipkart.com/lenovo-loq-amd-ryzen-7-octa-core-7435hs-24-gb-512-gb-ssd-windows-11-home-4-graphics-nvidia-geforce-rtx-3050a-15arp9d2-gaming-laptop/p/itm86f5086acbf1d,2026-09-28T10:47:58.806542+00:00,valid
Dell,DELL,,,,AMD,Ryzen 7 Octa Core 6800H,Ryzen 7,6,,,,,,,,,,,,,16,DDR5,,,,,,512,,,,,15.6,,,,,,,,,,,,,,,,False,False,Windows 11 Home,True,,,,[],,,,False,False,False,,,,,,,,0,flipkart,https://www.flipkart.com/dell-amd-ryzen-7-octa-core-6800h-16-gb-512-gb-ssd-windows-11-home-6-graphics-nvidia-geforce-rtx-3060-165-hz-new-gaming-g15-laptop/p/itm42542dc07c436,2026-09-28T10:45:05.767383+00:00,insufficient_sources
Dell,DELL,,,2021,AMD,Ryzen 7 Octa Core 6800H,Ryzen 7,6,8,,,4.7,NVIDIA,NVIDIA GEFORCE RTX 3050,Discrete,4,GDDR6,,,,16,DDR5,,,,,,512,,,,,14.9,,,,,,120,,,250.0,,,,,,,False,False,Windows 11 Home,True,,,,[],Backlit Keyboard,,,False,False,False,,,,,,,,0,flipkart,https://www.flipkart.com/dell-amd-ryzen-7-octa-core-6800h-16-gb-512-gb-ssd-windows-11-home-4-graphics-nvidia-geforce-rtx-3050-120-hz-g15-5525-gaming-laptop/p/itm42542dc07c436,2026-09-28T10:45:05.783655+00:00,insufficient_sources
ASUS,ASUS TUF Gaming A16 with Office 2024 + M365 Basic,,TUF Gaming,2026,,,,,,,,,,,,,,,,,16,DDR5,,,,,,1024,,,,,16.0,,,,,,,,,,,,,,,,False,False,Windows 11 Home,True,,,,[],,,,False,False,False,,108990.0,138990.0,30000.0,108990.0,171740.0,298990.0,4,flipkart,https://www.flipkart.com/asus-tuf-gaming-a16-2026-office-2024-m365-basic-amd-ryzen-7-170-16-gb-1-tb-ssd-windows-11-home-6-gb-graphics-nvidia-geforce-rtx-4050-144-hz-fa607nuq-rl063ws-laptop/p/itm1aa44a98b02d2,2026-09-28T10:45:05.788747+00:00,valid
ASUS,ASUS TUF Gaming A15,,TUF Gaming,2024,AMD,Ryzen 7 Octa Core 7435HS,Ryzen 7,7,,,,,,,,,,,,,16,DDR5,,,,,,512,,,,,15.6,,,,,,,,,,,,,,,,False,False,Windows 11 Home,True,,,,[],,,,False,False,False,,99999.0,112900.0,12901.0,55990.0,77437.18,112900.0,44,flipkart,https://www.flipkart.com/asus-tuf-gaming-a15-amd-ryzen-7-octa-core-7435hs-16-gb-512-gb-ssd-windows-11-home-4-graphics-nvidia-geforce-rtx-3050-144-hz-fa566ncr-hn254ws-laptop/p/itm579ffa5920612,2026-09-28T11:02:37.897465+00:00,valid
Gigabyte,GIGABYTE GAMING A16,,,,,,,,,,,,,,,,,,,,16,DDR5,,,,,,512,,,,,16.0,,,,,,,,,,,,,,,,False,False,Windows 11 Home,True,,,,[],,,,False,False,False,,139990.0,207000.0,67010.0,139990.0,173495.0,207000.0,2,flipkart,https://www.flipkart.com/gigabyte-gaming-a16-amd-ryzen-7-260-16-gb-512-gb-ssd-windows-11-home-8-graphics-nvidia-geforce-rtx-5060-3vhk3in893sh-laptop/p/itme0ecd838c7545,2026-09-28T10:45:05.801619+00:00,valid
Dell,DELL 14 Microsoft Office Home 2024,,,2024,AMD,Ryzen AI 7 Octa Core 350 AI -,Ryzen AI,,,,,,,,,,,,,,16,LPDDR5X,,,,,,1024,,,,,14.0,,,,,,,,,,,,,,,,False,False,Windows 11 Home,True,,,,[],,,,False,False,False,,,,,,,,0,flipkart,https://www.flipkart.com/dell-14-microsoft-office-home-2024-amd-ryzen-ai-7-octa-core-350-16-gb-1-tb-ssd-windows-11-home-db14255-thin-light-laptop/p/itmae8a5667aa80c,2026-09-28T10:45:05.808723+00:00,insufficient_sources
ASUS,ASUS TUF Gaming A15,AMD,TUF Gaming,2025,AMD,Ryzen 7 7445HS,Ryzen 7,7,,,,,,,,,,,,,16,DDR5,,,,,,512,,,,,15.6,,,,,,,,,,,,,,,,False,False,Windows 11 Home,True,,,,[],,,,False,False,False,,68990.0,83990.0,15000.0,68990.0,76490.0,83990.0,22,flipkart,https://www.flipkart.com/asus-tuf-gaming-a15-2025-amd-ryzen-7-7445hs-16-gb-512-gb-ssd-windows-11-home-4-graphics-nvidia-geforce-rtx-3050-144-hz-fa506ncg-hn199w-laptop/p/itmca7ce1e457d2f,2026-09-28T10:45:05.814762+00:00,valid
Dell,DELL Alienware 15,,Alienware,,,,,,,,,,,,,,,,,,16,DDR5,,,,,,512,,,,,15.0,,,,,,,,,,,,,,,,False,False,Windows 11 Home,True,,,,[],,,,False,False,False,,139990.0,168144.0,28154.0,139990.0,154067.0,168144.0,2,flipkart,https://www.flipkart.com/dell-alienware-15-amd-ryzen-7-260-16-gb-512-gb-ssd-windows-11-home-6-graphics-nvidia-geforce-rtx-4050-165-hz-can15265cto04mino-gaming-laptop/p/itm032b809caeee3,2026-09-28T10:45:05.819954+00:00,valid
ASUS,ASUS TUF Gaming A15,AMD,TUF Gaming,2025,AMD,Ryzen 7 Octa Core 7445HS,Ryzen 7,7,,,,,,,,,,,,,16,DDR5,,,,,,1024,,,,,15.6,,,,,,,,,,,,,,,,False,False,Windows 11 Home,True,,,,[],,,,False,False,False,,75990.0,87990.0,12000.0,75990.0,81990.0,87990.0,24,flipkart,https://www.flipkart.com/asus-tuf-gaming-a15-2025-amd-ryzen-7-octa-core-7445hs-16-gb-1-tb-ssd-windows-11-home-4-gb-graphics-nvidia-geforce-rtx-3050-144-hz-fa506ncg-hn249w-laptop/p/itma80161587da66,2026-09-28T10:45:05.825832+00:00,valid
HP,HP Pavilion Plus AI Powered Laptop,14-e,Pavilion,,AMD,Ryzen 7 Octa Core 7840U,Ryzen 7,7,,,,,,,,,,,,,16,DDR4,,,,,,1024,,,,,14.0,,,,,,,,,,,,,,,,False,False,Windows 11 Home,True,,,,[],,,,False,False,False,1,86595.0,111999.0,25404.0,86595.0,99297.0,111999.0,6,flipkart,https://www.flipkart.com/hp-pavilion-plus-ai-powered-laptop-amd-ryzen-7-octa-core-7840u-16-gb-1-tb-ssd-windows-11-home-14-ey0789au/p/itmaddf6e4bcfe75,2026-09-28T10:45:05.831709+00:00,valid
Lenovo,Lenovo IdeaPad Gaming 3,,IdeaPad,,AMD,Ryzen 7 Octa Core 5800H,Ryzen 7,5,,,,,,,,,,,,,8,DDR4,,,,,,512,,,,,15.6,,,,,,,,,,,,,,,,False,False,Windows 11 Home,True,,,,[],,,,False,False,False,,63390.0,103490.0,40100.0,63390.0,83440.0,103490.0,16,flipkart,https://www.flipkart.com/lenovo-ideapad-gaming-3-amd-ryzen-7-octa-core-5800h-8-gb-512-gb-ssd-windows-11-home-4-graphics-nvidia-geforce-rtx-3050-15ach6-laptop/p/itm2a46b1c472cac,2026-09-28T10:45:05.838758+00:00,valid
HP,HP Pavilion Plus,14-ey0789AU,Pavilion,,,,,,,,,,,,,,,,,,16,LPDDR5X,,,,,,1024,,,,,14.0,,,,,,,,,,,,,,,,False,False,Windows 11 Home,True,,,,[],,,,False,False,False,,92319.0,98990.0,6671.0,92319.0,95654.5,98990.0,2,flipkart,https://www.flipkart.com/hp-pavilion-plus-amd-ryzen-7-7th-gen-7000-16-gb-1-tb-ssd-windows-11-home-14-ey0789au-thin-light-laptop/p/itmaddf6e4bcfe75,2026-09-28T10:45:05.845426+00:00,valid
Apple,Apple Macbook Neo A18 Pro A18 Pro,A18,,2026,,,,,,,,,,,,,Unified Memory,,,,8,Unified Memory,,,,,,512,,,,,13.0,,,,,,,,,,,,,,,,False,False,macOS,False,,,,[],,,,False,False,False,,,,,,,,0,flipkart,https://www.flipkart.com/apple-macbook-neo-a18-pro-2026-pro-8-gb-512-gb-ssd-tahoe-mhfg4hn-a/p/itmf87d0895be647,2026-09-28T10:45:05.904085+00:00,insufficient_sources
Apple,Apple MacBook Air M4,MC6L4HN,MacBook Air,,Apple,M4 Pro,Apple M4,4,,,,,,,,,Unified Memory,,,,24,Unified Memory,,,,,,512,,,,,15.3,,,,,,,,,,,,,,,,False,False,macOS,False,,,,[],,,,False,False,False,,,,,,,,0,flipkart,https://www.flipkart.com/apple-macbook-air-m4-24-gb-512-gb-ssd-macos-sequoia-mc6l4hn-a/p/itm6ff26e315ebd8,2026-09-28T10:45:05.911721+00:00,insufficient_sources
Apple,Apple MacBook Air M5,M5,MacBook Air,2026,,,,,,,,,,,,,Unified Memory,,,,16,Unified Memory,,,,,,512,,,,,13.6,,,,,,,,,,,,,,,,False,False,macOS,False,,,,[],,,,False,False,False,,,,,,,,0,flipkart,https://www.flipkart.com/apple-macbook-air-m5-2026-m5-16-gb-512-gb-ssd-tahoe-mdh74hn-a/p/itm7780abdd2be7d,2026-09-28T10:45:05.926989+00:00,insufficient_sources
Apple,Apple MacBook Air M4,MC7D4HN,MacBook Air,,Apple,M4 Pro,Apple M4,4,,,,,,,,,Unified Memory,,,,24,Unified Memory,,,,,,512,,,,,15.3,,,,,,,,,,,,,,,,False,False,macOS,False,,,,[],,,,False,False,False,,,,,,,,0,flipkart,https://www.flipkart.com/apple-macbook-air-m4-24-gb-512-gb-ssd-macos-sequoia-mc7d4hn-a/p/itm2814d44889ee9,2026-09-28T10:45:05.936575+00:00,insufficient_sources
Apple,Apple 2020 Macbook Air M1,MGN63HN,MacBook Air,2020,Apple,M1 Pro,Apple M1,1,,,,,,,,,,,,,8,DDR4,,,,,,256,,,,,13.3,,,,,,,,,,,,,,,,False,False,macOS,False,,,,[],,,,False,False,False,,,,,,,,0,flipkart,https://www.flipkart.com/apple-2020-macbook-air-m1-8-gb-256-gb-ssd-mac-os-big-sur-mgn63hn-a/p/itmec35accf62a2f,2026-09-28T10:45:05.944303+00:00,insufficient_sources
Apple,Apple MacBook Air M5,M5,MacBook Air,2026,,,,,,,,,,,,,Unified Memory,,,,16,Unified Memory,,,,,,1024,,,,,15.3,,,,,,,,,,,,,,,,False,False,macOS,False,,,,[],,,,False,False,False,,,,,,,,0,flipkart,https://www.flipkart.com/apple-macbook-air-m5-2026-m5-16-gb-1-tb-ssd-tahoe-mdvt4hn-a/p/itm6d89aef2f30f7,2026-09-28T10:45:05.956895+00:00,insufficient_sources
Apple,Apple MacBook AIR M2,MLXY3HN,MacBook Air,,Apple,M2 Pro,Apple M2,2,,,,,,,,,Unified Memory,,,,8,Unified Memory,,,,,,256,,,,,13.6,,,,,,,,,,,,,,,,False,False,macOS,False,,,,[],,,,False,False,False,,,,,,,,0,flipkart,https://www.flipkart.com/apple-macbook-air-m2-8-gb-256-gb-ssd-mac-os-monterey-mlxy3hn-a/p/itm6533ea968a81e,2026-09-28T10:45:05.960510+00:00,insufficient_sources
Apple,Apple MacBook Air M3,MRXP3HN,MacBook Air,,Apple,M3 Pro,Apple M3,3,,,,,,,,,Unified Memory,,,,8,Unified Memory,,,,,,512,,,,,13.0,,,,,,,,,,,,,,,,False,False,macOS,False,,,,[],,,,False,False,False,,,,,,,,0,flipkart,https://www.flipkart.com/apple-macbook-air-m3-8-gb-512-gb-ssd-macos-sonoma-mrxp3hn-a/p/itm45bd67b7758ad,2026-09-28T10:45:05.967064+00:00,insufficient_sources
Apple,Apple MacBook Air M3,MC8K4HN,MacBook Air,,Apple,M3 Pro,Apple M3,3,,,,,,,,,Unified Memory,,,,16,Unified Memory,,,,,,256,,,,,13.6,,,,,,,,,,,,,,,,False,False,macOS,False,,,,[],,,,False,False,False,,,,,,,,0,flipkart,https://www.flipkart.com/apple-macbook-air-m3-16-gb-256-gb-ssd-macos-sequoia-mc8k4hn-a/p/itmb1aa0cc739560,2026-09-28T10:45:05.971010+00:00,insufficient_sources
Apple,Apple MacBook Air M3,MRYV3HN,MacBook Air,,Apple,M3 Pro,Apple M3,3,,,,,,,,,Unified Memory,,,,8,Unified Memory,,,,,,512,,,,,15.0,,,,,,,,,,,,,,,,False,False,macOS,False,,,,[],,,,False,False,False,,,,,,,,0,flipkart,https://www.flipkart.com/apple-macbook-air-m3-8-gb-512-gb-ssd-macos-sonoma-mryv3hn-a/p/itmb1aa0cc739560,2026-09-28T10:45:05.978527+00:00,insufficient_sources
Apple,Apple MacBook Air M3,MC8H4HN,MacBook Air,,Apple,M3 Pro,Apple M3,3,,,,,,,,,Unified Memory,,,,16,Unified Memory,,,,,,256,,,,,13.6,,,,,,,,,,,,,,,,False,False,macOS,False,,,,[],,,,False,False,False,,,,,,,,0,flipkart,https://www.flipkart.com/apple-macbook-air-m3-16-gb-256-gb-ssd-macos-sequoia-mc8h4hn-a/p/itm57e2173770cba,2026-09-28T10:45:05.985674+00:00,insufficient_sources
Apple,Apple MacBook Air M3,MC8G4HN,MacBook Air,,Apple,M3 Pro,Apple M3,3,,,,,,,,,Unified Memory,,,,16,Unified Memory,,,,,,256,,,,,13.6,,,,,,,,,,,,,,,,False,False,macOS,False,,,,[],,,,False,False,False,,,,,,,,0,flipkart,https://www.flipkart.com/apple-macbook-air-m3-16-gb-256-gb-ssd-macos-sequoia-mc8g4hn-a/p/itm45bd67b7758ad,2026-09-28T10:45:05.989268+00:00,insufficient_sources
Apple,Apple MacBook AIR M2,MLXW3HN,MacBook Air,,Apple,M2 Pro,Apple M2,2,,,,,,,,,Unified Memory,,,,8,Unified Memory,,,,,,256,,,,,13.6,,,,,,,,,,,,,,,,False,False,macOS,False,,,,[],,,,False,False,False,,,,,,,,0,flipkart,https://www.flipkart.com/apple-macbook-air-m2-8-gb-256-gb-ssd-mac-os-monterey-mlxw3hn-a/p/itmc2732c112aeb1,2026-09-28T10:45:05.993206+00:00,insufficient_sources
Apple,Apple MacBook Pro M5 Max,M5,MacBook Pro,2026,,,,,,,,,,,,,Unified Memory,,,,36,Unified Memory,,,,,,2048,,,,,16.0,,,,,,,,,,,,,,,,False,False,macOS,False,,,,[],,,,False,False,False,,,,,,,,0,flipkart,https://www.flipkart.com/apple-macbook-pro-m5-max-2026-m5-max-36-gb-2-tb-ssd-tahoe-mged4hn-a/p/itmff753615fba4e,2026-09-28T10:45:06.003401+00:00,insufficient_sources
Apple,Apple MacBook Air M3,MRXW3HN,MacBook Air,,Apple,M3 Pro,Apple M3,3,,,,,,,,,Unified Memory,,,,8,Unified Memory,,,,,,512,,,,,13.0,,,,,,,,,,,,,,,,False,False,macOS,False,,,,[],,,,False,False,False,,,,,,,,0,flipkart,https://www.flipkart.com/apple-macbook-air-m3-8-gb-512-gb-ssd-macos-sonoma-mrxw3hn-a/p/itmb1aa0cc739560,2026-09-28T10:45:06.007453+00:00,insufficient_sources
Apple,Apple MacBook Air M5,M5,MacBook Air,2026,,,,,,,,,,,,,Unified Memory,,,,24,Unified Memory,,,,,,1024,,,,,15.3,,,,,,,,,,,,,,,,False,False,macOS,False,,,,[],,,,False,False,False,,,,,,,,0,flipkart,https://www.flipkart.com/apple-macbook-air-m5-2026-m5-24-gb-1-tb-ssd-tahoe-mdvu4hn-a/p/itm4a1e61b1c9541,2026-09-28T10:45:06.011258+00:00,insufficient_sources
Apple,Apple MacBook Pro M5 Pro,M5,MacBook Pro,2026,,,,,,,,,,,,,Unified Memory,,,,24,Unified Memory,,,,,,2048,,,,,14.0,,,,,,,,,,,,,,,,False,False,macOS,False,,,,[],,,,False,False,False,,,,,,,,0,flipkart,https://www.flipkart.com/apple-macbook-pro-m5-pro-2026-m5-24-gb-2-tb-ssd-tahoe-mjlw4hn-a/p/itm691cf21da1ad6,2026-09-28T10:45:06.017248+00:00,insufficient_sources
Apple,Apple MacBook Air M3,MC8J4HN,MacBook Air,,Apple,M3 Pro,Apple M3,3,,,,,,,,,Unified Memory,,,,16,Unified Memory,,,,,,256,,,,,13.6,,,,,,,,,,,,,,,,False,False,macOS,False,,,,[],,,,False,False,False,,,,,,,,0,flipkart,https://www.flipkart.com/apple-macbook-air-m3-16-gb-256-gb-ssd-macos-sequoia-mc8j4hn-a/p/itm2ea42dec44bca,2026-09-28T10:45:06.022643+00:00,insufficient_sources
Apple,Apple MacBook Air M5,M5,MacBook Air,2026,,,,,,,,,,,,,Unified Memory,,,,16,Unified Memory,,,,,,512,,,,,15.3,,,,,,,,,,,,,,,,False,False,macOS,False,,,,[],,,,False,False,False,,,,,,,,0,flipkart,https://www.flipkart.com/apple-macbook-air-m5-2026-m5-16-gb-512-gb-ssd-tahoe-mdv94hn-a/p/itma445731fd6860,2026-09-28T10:45:06.027607+00:00,insufficient_sources
Apple,Apple MacBook Air M5,M5,MacBook Air,2026,,,,,,,,,,,,,Unified Memory,,,,24,Unified Memory,,,,,,1024,,,,,13.6,,,,,,,,,,,,,,,,False,False,macOS,False,,,,[],,,,False,False,False,,,,,,,,0,flipkart,https://www.flipkart.com/apple-macbook-air-m5-2026-m5-24-gb-1-tb-ssd-tahoe-mdhg4hn-a/p/itm0b3c64c6090e7,2026-09-28T10:45:06.088008+00:00,insufficient_sources
Apple,Apple MacBook Air M5,M5,MacBook Air,2026,,,,,,,,,,,,,Unified Memory,,,,16,Unified Memory,,,,,,1024,,,,,13.6,,,,,,,,,,,,,,,,False,False,macOS,False,,,,[],,,,False,False,False,,,,,,,,0,flipkart,https://www.flipkart.com/apple-macbook-air-m5-2026-m5-16-gb-1-tb-ssd-tahoe-mdhf4hn-a/p/itmcb85d95a91f0d,2026-09-28T10:45:06.096306+00:00,insufficient_sources
Apple,Apple MacBook Pro M5 Pro,M5,MacBook Pro,2026,,,,,,,,,,,,,Unified Memory,,,,24,Unified Memory,,,,,,1024,,,,,14.0,,,,,,,,,,,,,,,,False,False,macOS,False,,,,[],,,,False,False,False,,,,,,,,0,flipkart,https://www.flipkart.com/apple-macbook-pro-m5-pro-2026-m5-24-gb-1-tb-ssd-tahoe-mgdr4hn-a/p/itm3f26f72932900,2026-09-28T10:45:06.124185+00:00,insufficient_sources
Apple,Apple MacBook AIR M2,MLXX3HN,MacBook Air,,Apple,M2 Pro,Apple M2,2,,,,,,,,,Unified Memory,,,,8,Unified Memory,,,,,,512,,,,,13.6,,,,,,,,,,,,,,,,False,False,macOS,False,,,,[],,,,False,False,False,,,,,,,,0,flipkart,https://www.flipkart.com/apple-macbook-air-m2-8-gb-512-gb-ssd-mac-os-monterey-mlxx3hn-a/p/itmc2732c112aeb1,2026-09-28T10:45:06.133412+00:00,insufficient_sources
Apple,Apple MacBook Air M3,MXCV3HN,MacBook Air,,Apple,M3 Pro,Apple M3,3,,,,,,,,,Unified Memory,,,,16,Unified Memory,,,,,,512,,,,,13.0,,,,,,,,,,,,,,,,False,False,macOS,False,,,,[],,,,False,False,False,,,,,,,,0,flipkart,https://www.flipkart.com/apple-macbook-air-m3-16-gb-512-gb-ssd-macos-sonoma-mxcv3hn-a/p/itmb1aa0cc739560,2026-09-28T10:45:06.157572+00:00,insufficient_sources
Apple,Apple MacBook Air M3,MRXR3HN,MacBook Air,,Apple,M3 Pro,Apple M3,3,,,,,,,,,Unified Memory,,,,8,Unified Memory,,,,,,512,,,,,13.0,,,,,,,,,,,,,,,,False,False,macOS,False,,,,[],,,,False,False,False,,,,,,,,0,flipkart,https://www.flipkart.com/apple-macbook-air-m3-8-gb-512-gb-ssd-macos-sonoma-mrxr3hn-a/p/itm57e2173770cba,2026-09-28T10:45:06.161477+00:00,insufficient_sources
Apple,Apple MacBook Pro M5,MDE64HN,MacBook Pro,,,,,,,,,,,,,,Unified Memory,,,,24,Unified Memory,,,,,,1024,,,,,14.0,,,,,,,,,,,,,,,,False,False,macOS,False,,,,[],,,,False,False,False,,,,,,,,0,flipkart,https://www.flipkart.com/apple-macbook-pro-m5-24-gb-1-tb-ssd-macos-tahoe-mde64hn-a-mde64hn-a/p/itm7a3e7000a5bcb,2026-09-28T10:45:06.174482+00:00,insufficient_sources
Apple,Apple MacBook Air M1,Z12400092,MacBook Air,,Apple,M1 Pro,Apple M1,1,,,,,,,,,,,,,8,DDR4,,,,,,512,,,,,13.3,,,,,,,,,,,,,,,,False,False,macOS,False,,,,[],,,,False,False,False,,,,,,,,0,flipkart,https://www.flipkart.com/apple-macbook-air-m1-8-gb-512-gb-ssd-mac-os-big-sur-z12400092/p/itmec35accf62a2f,2026-09-28T10:45:06.178899+00:00,insufficient_sources
Apple,Apple 2020 Macbook Air M1,MGN63HN,MacBook Air,2020,Apple,M1 Pro,Apple M1,1,,,,,,,,,,,,,16,DDR4,,,,,,256,,,,,13.3,,,,,,,,,,,,,,,,False,False,macOS,False,,,,[],,,,False,False,False,,,,,,,,0,flipkart,https://www.flipkart.com/apple-2020-macbook-air-m1-16-gb-256-gb-ssd-mac-os-big-sur-mgn63hn-a/p/itmec35accf62a2f,2026-09-28T10:45:06.184355+00:00,insufficient_sources
Apple,Apple MacBook Air M3,MRYM3HN,MacBook Air,,Apple,M3 Pro,Apple M3,3,,,,,,,,,Unified Memory,,,,8,Unified Memory,,,,,,256,,,,,15.0,,,,,,,,,,,,,,,,False,False,macOS,False,,,,[],,,,False,False,False,,,,,,,,0,flipkart,https://www.flipkart.com/apple-macbook-air-m3-8-gb-256-gb-ssd-macos-sonoma-mrym3hn-a/p/itm45bd67b7758ad,2026-09-28T10:45:06.187802+00:00,insufficient_sources
Apple,Apple MacBook Pro M5 Max,M5,MacBook Pro,2026,,,,,,,,,,,,,Unified Memory,,,,36,Unified Memory,,,,,,2048,,,,,14.0,,,,,,,,,,,,,,,,False,False,macOS,False,,,,[],,,,False,False,False,,,,,,,,0,flipkart,https://www.flipkart.com/apple-macbook-pro-m5-max-2026-m5-max-36-gb-2-tb-ssd-tahoe-mgdu4hn-a/p/itmf151e0a9495a0,2026-09-28T10:45:06.198896+00:00,insufficient_sources
Apple,Apple MacBook Air M3,MC9D4HN,MacBook Air,,Apple,M3 Pro,Apple M3,3,,,,,,,,,Unified Memory,,,,16,Unified Memory,,,,,,256,,,,,15.3,,,,,,,,,,,,,,,,False,False,macOS,False,,,,[],,,,False,False,False,,,,,,,,0,flipkart,https://www.flipkart.com/apple-macbook-air-m3-16-gb-256-gb-ssd-macos-sequoia-mc9d4hn-a/p/itm45bd67b7758ad,2026-09-28T10:45:06.207763+00:00,insufficient_sources
Apple,Apple MacBook Air M3,MC8N4HN,MacBook Air,,Apple,M3 Pro,Apple M3,3,,,,,,,,,Unified Memory,,,,24,Unified Memory,,,,,,512,,,,,13.6,,,,,,,,,,,,,,,,False,False,macOS,False,,,,[],,,,False,False,False,,,,,,,,0,flipkart,https://www.flipkart.com/apple-macbook-air-m3-24-gb-512-gb-ssd-macos-sequoia-mc8n4hn-a/p/itm57e2173770cba,2026-09-28T10:45:06.261877+00:00,insufficient_sources
Apple,Apple MacBook Air M3,MC8M4HN,MacBook Air,,Apple,M3 Pro,Apple M3,3,,,,,,,,,Unified Memory,,,,24,Unified Memory,,,,,,512,,,,,13.6,,,,,,,,,,,,,,,,False,False,macOS,False,,,,[],,,,False,False,False,,,,,,,,0,flipkart,https://www.flipkart.com/apple-macbook-air-m3-24-gb-512-gb-ssd-macos-sequoia-mc8m4hn-a/p/itm45bd67b7758ad,2026-09-28T10:45:06.268681+00:00,insufficient_sources
Apple,Apple MacBook Pro M5 Pro,M5,MacBook Pro,2026,,,,,,,,,,,,,Unified Memory,,,,24,Unified Memory,,,,,,1024,,,,,16.0,,,,,,,,,,,,,,,,False,False,macOS,False,,,,[],,,,False,False,False,,,,,,,,0,flipkart,https://www.flipkart.com/apple-macbook-pro-m5-pro-2026-m5-24-gb-1-tb-ssd-tahoe-mgea4hn-a/p/itmc320686d0304a,2026-09-28T10:45:06.277104+00:00,insufficient_sources
Apple,Apple 2021 Macbook Pro M1 Pro,MKGQ3HN,MacBook Pro,2021,Apple,M1 Pro,Apple M1,1,,,,,,,,,Unified Memory,,,,16,Unified Memory,,,,,,1024,,,,,14.2,,,,,,,,,,,,,,,,False,False,macOS,False,,,,[],,,,False,False,False,,,,,,,,0,flipkart,https://www.flipkart.com/apple-2021-macbook-pro-m1-16-gb-1-tb-ssd-mac-os-monterey-mkgq3hn-a/p/itmb08b4e6a1b4fe,2026-09-28T10:45:06.290817+00:00,insufficient_sources
Apple,Apple 2021 Macbook Pro M1 Max,MK1H3HN,MacBook Pro,2021,Apple,M1 Max,Apple M1,1,,,,,,,,,Unified Memory,,,,32,Unified Memory,,,,,,1024,,,,,16.2,,,,,,,,,,,,,,,,False,False,macOS,False,,,,[],,,,False,False,False,,,,,,,,0,flipkart,https://www.flipkart.com/apple-2021-macbook-pro-m1-max-32-gb-1-tb-ssd-mac-os-monterey-mk1h3hn-a/p/itma471d3d9a3f19,2026-09-28T10:45:06.304508+00:00,insufficient_sources
ASUS,ASUS Vivobook 15,X1502ZA-EJ953WS,Vivobook,,Intel,Core i3 12th Gen 1215U,Core i3,,,,,,,,,,,,,,8,DDR4,,,,,,512,,,,,15.6,,,,,,,,,,,,,,,,False,False,Windows 11 Home,True,,,,[],,,,False,False,False,,34990.0,56990.0,22000.0,34990.0,45990.0,56990.0,16,flipkart,https://www.flipkart.com/asus-vivobook-15-intel-core-i3-12th-gen-1215u-8-gb-512-gb-ssd-windows-11-home-x1502za-ej953ws-thin-light-laptop/p/itm3b11f9400fcd8,2026-09-28T10:45:06.311588+00:00,valid
ASUS,ASUS ExpertBook P1 with 1 Yr ADP,Intel,ExpertBook,,Intel,Core 3 14th Gen 100U,,,,,,,,,,,,,,,8,DDR5,,,,,,512,,,,,15.6,,,,,,,,,,,,,,,,False,False,Windows 11 Home,True,,,,[],,,,False,False,False,,56990.0,84990.0,28000.0,56990.0,70990.0,84990.0,24,flipkart,https://www.flipkart.com/asus-expertbook-p1-1-yr-adp-i3-14th-gen-intel-core-3-gen-100u-8-gb-512-gb-ssd-windows-11-home-p1503cva-s72562ws-thin-light-laptop/p/itm1ed622fed8f3a,2026-09-28T10:45:06.317178+00:00,valid
ASUS,ASUS ExpertBook P1 with 1 Yr ADP,P1403,ExpertBook,2024,Intel,Core 3 13th Gen 1315U,,,,,,,,,,,,,,,8,DDR5,,,,,,512,,,,,14.0,,,,,,,,,,,,,,,,False,False,Windows 11 Home,True,,,,[],,,,False,False,False,,47990.0,69990.0,22000.0,47990.0,58990.0,69990.0,18,flipkart,https://www.flipkart.com/asus-expertbook-p1-1-yr-adp-intel-core-3-13th-gen-1315u-8-gb-512-gb-ssd-windows-11-home-p1403cva-s60343ws-thin-light-laptop/p/itm275e21a6deac0,2026-09-28T10:45:06.321975+00:00,valid
Primebook,Primebook 2 Max in,in-Built,,2026,,,,,,,,,,,,,,,,,8,LPDDR4X,,,,,,,,,,,15.6,,,,,,,,,,,,,,,,False,False,Windows 11 Home,True,,,,[],,,,False,False,False,,31990.0,49990.0,18000.0,31990.0,40990.0,49990.0,2,flipkart,https://www.flipkart.com/primebook-2-max-2026-in-built-ai-mediatek-helio-g99-mt8781-8-gb-256-gb-android-15-pbg9915256-4278c-laptop/p/itmf01b454e9ac40,2026-09-28T10:45:06.327306+00:00,valid
ASUS,ASUS ExpertBook P3 AI PC with 1 Yr ADP,P3,ExpertBook,2024,Intel,Core Ultra 5 225H,Core Ultra 5,2,,,,,,,,,,,,,16,DDR5,,,,,,512,,,,,14.0,,,,,,,,,,,,,,,,False,False,Windows 11 Home,True,,,,[],,,,False,False,False,,94990.0,176990.0,82000.0,94990.0,135990.0,176990.0,12,flipkart,https://www.flipkart.com/asus-expertbook-p3-ai-pc-1-yr-adp-intel-core-ultra-5-225h-16-gb-512-gb-ssd-windows-11-home-p3406ccap-ly1005ws-laptop/p/itmb1cd1120b9a53,2026-09-28T10:45:06.332844+00:00,valid
Samsung,Samsung Galaxy Book4 Metal,NP750XGJ,,,Intel,Core i5 13th Gen 1335U,Core i5,,,,,,,,,,,,,,16,LPDDR4X,,,,,,512,,,,,15.6,,,,,,,,,,,,,,,,False,False,Windows 11 Home,True,,,,[],,,,False,False,False,,77490.0,113090.0,35600.0,77490.0,95290.0,113090.0,18,flipkart,https://www.flipkart.com/samsung-galaxy-book4-metal-intel-core-i5-13th-gen-1335u-16-gb-512-gb-ssd-windows-11-home-np750xgj-thin-light-laptop/p/itm1df5212efb9fc,2026-09-28T10:45:06.337731+00:00,valid
ASUS,ASUS ExpertBook P1 with 1 Yr ADP,Intel,ExpertBook,,Intel,Core 3 14th Gen 100U,,,,,,,,,,,,,,,16,DDR5,,,,,,512,,,,,14.0,,,,,,,,,,,,,,,,False,False,Windows 11 Home,True,,,,[],,,,False,False,False,,65990.0,74990.0,9000.0,65990.0,70490.0,74990.0,18,flipkart,https://www.flipkart.com/asus-expertbook-p1-1-yr-adp-i3-14th-gen-intel-core-3-gen-100u-16-gb-512-gb-ssd-windows-11-home-p1403cva-s61822ws-thin-light-laptop/p/itm4cbe2565a1363,2026-09-28T10:45:06.351026+00:00,valid
ASUS,ASUS ExpertBook P1 with 1 Yr ADP,Intel,ExpertBook,,Intel,Core 5 210H,,,,,,,,,,,,,,,16,DDR4,,,,,,512,,,,,15.6,,,,,,,,,,,,,,,,False,False,Windows 11 Home,True,,,,[],,,,False,False,False,,70990.0,89990.0,19000.0,70990.0,80490.0,89990.0,116,flipkart,https://www.flipkart.com/asus-expertbook-p1-1-yr-adp-i5-14th-gen-intel-core-5-210h-16-gb-512-gb-ssd-windows-11-home-p1503cva-s72222ws-p1503cvayb-s73386ws-laptop/p/itmfe48dae26f674,2026-09-28T10:45:06.354772+00:00,valid
ASUS,ASUS Vivobook 15,X1502ZA-EJ545WS,Vivobook,,Intel,Core i5 12th Gen 1235U,Core i5,,,,,,,,,,,,,,16,DDR4,,,,,,512,,,,,15.6,,,,,,,,,,,,,,,,False,False,Windows 11 Home,True,,,,[],,,,False,False,False,,51990.0,74990.0,23000.0,51990.0,63490.0,74990.0,20,flipkart,https://www.flipkart.com/asus-vivobook-15-intel-core-i5-12th-gen-1235u-16-gb-512-gb-ssd-windows-11-home-x1502za-ej545ws-thin-light-laptop/p/itm3b11f9400fcd8,2026-09-28T10:45:06.359226+00:00,valid
Motorola,MOTOROLA Motobook 60 Full Metal 2.8K OLED,Intel,,2024,,,,,,,,,,,,,,,,,16,DDR5,,,,,,1024,,,,,14.0,,,,,OLED,,,,,,,,,,,False,False,Windows 11,True,,,,[],,,,False,False,False,,79990.0,110490.0,30500.0,79990.0,95240.0,110490.0,2,flipkart,https://www.flipkart.com/motorola-motobook-60-full-metal-2-8k-oled-i7-14th-gen-intel-core-7-series-2-240h-16-gb-1-tb-ssd-windows-11-home-14irh10r-thin-light-laptop/p/itmd38998009f90e,2026-09-28T10:45:06.366575+00:00,valid
ASUS,ASUS ExpertBook P5 with Full Metal OLED AI PC 1 Yr ADP,,ExpertBook,2024,Intel,Core Ultra 7 255H,Core Ultra 7,2,,,,,,,,,,,,,16,DDR5,,,,,,1024,,,,,14.0,,,,,OLED,,,,,,,,,,,False,False,Windows 11 Home,True,,,,[],,,,False,False,False,,104990.0,279990.0,175000.0,279990.0,279990.0,279990.0,8,flipkart,https://www.flipkart.com/asus-expertbook-p5-full-metal-oled-ai-pc-1-yr-adp-intel-core-ultra-7-255h-16-gb-1-tb-ssd-windows-11-home-p5406cca-sf0161ws-laptop/p/itmd6dd1bfb91dbf,2026-09-28T10:45:06.370931+00:00,outlier
ASUS,ASUS ExpertBook P1 with 1 Yr ADP,Intel,ExpertBook,,Intel,Core 3 14th Gen 100U,,,,,,,,,,,,,,,8,DDR5,,,,,,512,,,,,14.0,,,,,,,,,,,,,,,,False,False,Windows 11 Home,True,,,,[],,,,False,False,False,,61990.0,69990.0,8000.0,61990.0,65990.0,69990.0,18,flipkart,https://www.flipkart.com/asus-expertbook-p1-1-yr-adp-i3-14th-gen-intel-core-3-gen-100u-8-gb-512-gb-ssd-windows-11-home-p1403cva-s61821ws-thin-light-laptop/p/itm2be4c7e3b9728,2026-09-28T10:45:06.374235+00:00,valid
Acer,Acer Aspire 7,Intel,Aspire,,Intel,Core 5 210H,,,,,,,,,,,,,,,16,DDR4,,,,,,512,,,,,15.6,,,,,,,,,,,,,,,,False,False,Windows 11 Home,True,,,,[],,,,False,False,False,1,104690.0,115499.0,10809.0,79990.0,108295.33,129990.0,92,flipkart,https://www.flipkart.com/acer-aspire-7-i5-14th-gen-intel-core-5-210h-16-gb-512-gb-ssd-windows-11-home-6-graphics-nvidia-geforce-rtx-4050-a715-79g-gaming-laptop/p/itme15c1638095fc,2026-09-28T10:45:06.377601+00:00,valid
ASUS,ASUS ExpertBook P1 with 1 Yr ADP,P1503,ExpertBook,2024,Intel,Core 3 13th Gen 1315U,,,,,,,,,,,,,,,8,DDR5,,,,,,512,,,,,15.6,,,,,,,,,,,,,,,,False,False,Windows 11 Home,True,,,,[],,,,False,False,False,,47990.0,69990.0,22000.0,47990.0,58990.0,69990.0,16,flipkart,https://www.flipkart.com/asus-expertbook-p1-1-yr-adp-intel-core-3-13th-gen-1315u-8-gb-512-gb-ssd-windows-11-home-p1503cva-s70501ws-thin-light-laptop/p/itm5b59a30b4c016,2026-09-28T10:45:06.435657+00:00,valid
ASUS,ASUS Chromebook CX15,CX1505CTA-S7025,,,Intel,Celeron Dual Core N50,,,,,,,,,,,,,,,4,LPDDR5,,,,,EMMC,,,,,,15.6,,,,,,,,,,,,,,,,False,False,Chrome OS,False,,,,[],,,,False,False,False,,,,,,,,0,flipkart,https://www.flipkart.com/asus-chromebook-cx15-intel-celeron-dual-core-n50-4-gb-64-gb-emmc-storage-chrome-os-cx1505cta-s70256-laptop/p/itm987fe58d63593,2026-09-28T10:45:06.438705+00:00,insufficient_sources
ASUS,ASUS Chromebook CX15,CX1505CKA-S7,,,Intel,Celeron Dual Core N4500,,,,,,,,,,,,,,,8,LPDDR4X,,,,,EMMC,,,,,,15.6,,,,,,,,,,,,,,,,False,False,Chrome OS,False,,,,[],,,,False,False,False,,32140.0,34999.0,2859.0,32140.0,33569.5,34999.0,2,flipkart,https://www.flipkart.com/asus-chromebook-cx15-intel-celeron-dual-core-n4500-8-gb-128-gb-emmc-storage-chrome-os-cx1505cka-s70182/p/itm53212abbc6de0,2026-09-28T10:45:06.441614+00:00,valid
ASUS,ASUS ExpertBook P1 with 1 Yr ADP,P140,ExpertBook,2024,Intel,Core 3 13th Gen 1315U,,,,,,,,,,,,,,,16,DDR5,,,,,,512,,,,,14.0,,,,,,,,,,,,,,,,False,False,Windows 11 Home,True,,,,[],,,,False,False,False,,51990.0,74990.0,23000.0,51990.0,63490.0,74990.0,24,flipkart,https://www.flipkart.com/asus-expertbook-p1-1-yr-adp-intel-core-3-13th-gen-1315u-16-gb-512-gb-ssd-windows-11-home-p1403cva-s60938ws-thin-light-laptop/p/itm0af4b81838b5b,2026-09-28T10:45:06.448418+00:00,valid
ASUS,ASUS Vivobook 15,Intel,Vivobook,2026,Intel,Core 3 100U,,,,,,,,,,,,,,,8,DDR5,,,,,,512,,,,,15.6,,,,,,,,,,,,,,,,False,False,Windows 11 Home,True,,,,[],,,,False,False,False,,63990.0,86990.0,23000.0,59990.0,74490.0,86990.0,4,flipkart,https://www.flipkart.com/asus-vivobook-15-2026-intel-core-3-100u-8-gb-512-gb-ssd-windows-11-home-x1504vap-in005ws-thin-light-laptop/p/itm18e563e735696,2026-09-28T11:02:10.705792+00:00,valid
ASUS,ASUS ExpertBook P3 with AI PC 1 Yr ADP,P3,ExpertBook,2024,Intel,Core Ultra 7 255H,Core Ultra 7,2,,,,,,,,,,,,,16,DDR5,,,,,,512,,,,,14.0,,,,,,,,,,,,,,,,False,False,Windows 11 Home,True,,,,[],,,,False,False,False,,92990.0,192990.0,100000.0,92990.0,142990.0,192990.0,18,flipkart,https://www.flipkart.com/asus-expertbook-p3-ai-pc-1-yr-adp-intel-core-ultra-7-255h-16-gb-512-gb-ssd-windows-11-home-p3406ccap-ly0161ws-thin-light-laptop/p/itm4e82eadf48819,2026-09-28T10:45:06.456365+00:00,valid
ASUS,ASUS ExpertBook P1 with 1 Yr ADP,Intel,ExpertBook,,Intel,Core 3 100U,,,,,,,,,,,,,,,16,DDR5,,,,,,512,,,,,15.6,,,,,,,,,,,,,,,,False,False,Windows 11 Home,True,,,,[],,,,False,False,False,,,,,,,,0,flipkart,https://www.flipkart.com/asus-expertbook-p1-1-yr-adp-i3-14th-gen-intel-core-3-100u-16-gb-512-gb-ssd-windows-11-home-p1503cvai-s70006ws-thin-light-laptop/p/itm9351bb5fce8bb,2026-09-28T10:45:06.460188+00:00,insufficient_sources
ASUS,ASUS Chromebook CX14,CX1405CTA-S606,,,Intel,Celeron Dual Core N50,,,,,,,,,,,,,,,4,LPDDR5,,,,,EMMC,,,,,,14.0,,,,,,,,,,,,,,,,False,False,Chrome OS,False,,,,[],,,,False,False,False,,31166.0,34999.0,3833.0,31166.0,33082.5,34999.0,6,flipkart,https://www.flipkart.com/asus-chromebook-cx14-intel-celeron-dual-core-n50-4-gb-128-gb-emmc-storage-chrome-os-cx1405cta-s60621-laptop/p/itm4dfd2435ab403,2026-09-28T10:45:06.465703+00:00,valid
ASUS,"ASUS Vivobook S16 OLED with Backlit Keyboard, Metal Body*,",,Vivobook,2025,Qualcomm,Snapdragon X -,Snapdragon X,,,,,,,,,,,,,,16,LPDDR5X,,,,,,512,,,,,16.0,,,,,OLED,,,,,,,,,,,False,False,Windows 11 Home,True,,,,[],Backlit Keyboard,,,False,False,False,,72990.0,98990.0,26000.0,72990.0,91933.55,121999.0,60,flipkart,https://www.flipkart.com/asus-vivobook-s16-oled-2025-backlit-keyboard-metal-body-snapdragon-x-16-gb-512-gb-ssd-windows-11-home-s3607qa-sh078ws-thin-light-laptop/p/itm252509f1beb81,2026-09-28T10:45:06.519401+00:00,valid
ASUS,ASUS Vivobook 15 with Office 2024 + M365 Basic*,,Vivobook,2025,,,,,,,,,,,,,,,,,8,DDR5,,,,,,512,,,,,15.6,,,,,,,,,,,,,,,,False,False,Windows 11 Home,True,,,,[],,,,False,False,False,,50990.0,75990.0,25000.0,50990.0,63490.0,75990.0,2,flipkart,https://www.flipkart.com/asus-vivobook-15-2025-office-2024-m365-basic-intel-core-i3-13th-gen-8-gb-512-gb-ssd-windows-11-home-x1504va-d5321ws-thin-light-laptop/p/itma044347a6922b,2026-09-28T10:45:06.524390+00:00,valid
ASUS,ASUS Chromebook CX14,CX1405CKA-NK,,,Intel,Celeron Dual Core N4500,,,,,,,,,,,,,,,4,LPDDR4X,,,,,EMMC,,,,,,14.0,,,,,,,,,,,,,,,,False,False,Chrome OS,False,,,,[],,,,False,False,False,,33409.0,39990.0,6581.0,32499.0,35222.0,39990.0,4,flipkart,https://www.flipkart.com/asus-chromebook-cx14-intel-celeron-dual-core-n4500-4-gb-128-gb-emmc-storage-chrome-os-cx1405cka-nk0155-cx1405cka-s60343/p/itm3869be0531b66,2026-09-28T10:45:06.527784+00:00,valid
ASUS,ASUS Chromebook CX14,CX1405CKA-NK0,,,Intel,Celeron Dual Core N4500,,,,,,,,,,,,,,,4,LPDDR4X,,,,,EMMC,,,,,,14.0,,,,,,,,,,,,,,,,False,False,Chrome OS,False,,,,[],,,,False,False,False,,28900.0,32500.0,3600.0,28900.0,30700.0,32500.0,4,flipkart,https://www.flipkart.com/asus-chromebook-cx14-intel-celeron-dual-core-n4500-4-gb-64-gb-emmc-storage-chrome-os-cx1405cka-nk0154-cx1405cka-s60342/p/itm076cdd51ac69a,2026-09-28T10:45:06.534601+00:00,valid
ASUS,"ASUS Vivobook S14 Flip with Touch Screen, Metallic Design,",,Vivobook,2025,Intel,Core i5 13th Gen 13420H,Core i5,13,,,,,,,,,,,,,16,DDR4,,,,,,512,,,,,14.0,,,,,,,,,,True,,,,,,False,False,Windows 11 Home,True,,,,[],,,,False,False,False,,72990.0,86990.0,14000.0,72990.0,79990.0,86990.0,32,flipkart,https://www.flipkart.com/asus-vivobook-s14-flip-2025-touch-screen-metallic-design-intel-core-i5-13th-gen-13420h-16-gb-512-gb-ssd-windows-11-home-tp3402vao-lz612ws-2-1-laptop/p/itme494b3629a714,2026-09-28T10:45:06.539505+00:00,valid
ASUS,ASUS Chromebook CX15,CX1505CKA-S70,,,Intel,Celeron Dual Core N4500,,,,,,,,,,,,,,,4,LPDDR4X,,,,,EMMC,,,,,,15.6,,,,,,,,,,,,,,,,False,False,Chrome OS,False,,,,[],,,,False,False,False,,37990.0,39999.0,2009.0,37990.0,38994.5,39999.0,2,flipkart,https://www.flipkart.com/asus-chromebook-cx15-intel-celeron-dual-core-n4500-4-gb-64-gb-emmc-storage-chrome-os-cx1505cka-s70179/p/itm75a5cdacc688f,2026-09-28T10:45:06.543318+00:00,valid
ASUS,ASUS Chromebook,CX1500CKA-NJ0413,,,Intel,Celeron Dual Core N4500,,,,,,,,,,,,,,,4,LPDDR4X,,,,,EMMC,,,,,,15.6,,,,,,,,,,,,,,,,False,False,Chrome OS,False,,,,[],,,,False,False,False,,29409.0,40990.0,11581.0,29409.0,35199.5,40990.0,2,flipkart,https://www.flipkart.com/asus-chromebook-intel-celeron-dual-core-n4500-4-gb-128-gb-emmc-storage-chrome-os-cx1500cka-nj0413/p/itmc1d20ec9ce589,2026-09-28T10:45:06.547798+00:00,valid
ASUS,"ASUS Vivobook 14 Flip OLED with Touch Screen, Metallic Design,",,Vivobook,2026,Intel,Core Ultra 5 226V,Core Ultra 5,2,,,,,,,,,,,,,16,LPDDR5X,,,,,,512,,,,,14.0,,,,,OLED,,,,,True,,,,,,False,False,Windows 11 Home,True,,,,[],,,,False,False,False,,96990.0,176990.0,80000.0,96990.0,129626.36,176990.0,22,flipkart,https://www.flipkart.com/asus-vivobook-14-flip-oled-2026-touch-screen-metallic-design-intel-core-ultra-5-226v-16-gb-512-gb-ssd-windows-11-home-tp3407sa-sg183ws-2-1-laptop/p/itmffd74b3d38344,2026-09-28T10:45:06.552472+00:00,valid
ASUS,"ASUS Vivobook 15 , AI PC with NPU up to 15TOPS,",,Vivobook,2026,Intel,Core 3 304,,,,,,,,,,,,,,15,8,DDR5,,,,,,256,,,,,15.6,,,,,,,,,,,,,,,,False,False,Windows 11 Home,True,,,,[],,,,False,False,False,,55990.0,107990.0,52000.0,55990.0,81990.0,107990.0,16,flipkart,https://www.flipkart.com/asus-vivobook-15-2026-ai-pc-npu-up-15tops-intel-core-3-304-8-gb-256-gb-ssd-windows-11-home-x1504ma-bq907ws-thin-light-laptop/p/itmb5ae325a646d7,2026-09-28T10:45:06.556184+00:00,valid
ASUS,ASUS ExpertBook P3 AI PC with 1 Yr ADP,P3,ExpertBook,2024,Intel,Core Ultra 5 225H,Core Ultra 5,2,,,,,,,,,,,,,16,DDR5,,,,,,512,,,,,16.0,,,,,,,,,,,,,,,,False,False,Windows 11 Home,True,,,,[],,,,False,False,False,,82500.0,176990.0,94490.0,82500.0,129745.0,176990.0,6,flipkart,https://www.flipkart.com/asus-expertbook-p3-ai-pc-1-yr-adp-intel-core-ultra-5-225h-16-gb-512-gb-ssd-windows-11-home-p3606ccap-mb1005ws-laptop/p/itmf089d07337578,2026-09-28T10:45:06.560259+00:00,valid
ASUS,ASUS Vivobook 15 with Office 2024 + M365 Basic,,Vivobook,2026,Intel,Core 3 14th Gen 100U,,,,,,,,,,,,,,,8,DDR5,,,,,,512,,,,,15.6,,,,,,,,,,,,,,,,False,False,Windows 11 Home,True,,,,[],,,,False,False,False,,56990.0,84990.0,28000.0,55900.0,70756.43,84990.0,28,flipkart,https://www.flipkart.com/asus-vivobook-15-2026-office-2024-m365-basic-i3-14th-gen-intel-core-3-gen-100u-8-gb-512-gb-ssd-windows-11-home-x1504vap-bq1322ws-thin-light-laptop/p/itm8e8288a414a80,2026-09-28T10:45:06.624775+00:00,valid
ASUS,"ASUS Vivobook 14 with Office 2024 + M365 Basic*, Backlit Keyboard,",,Vivobook,2025,Qualcomm,Snapdragon X -,Snapdragon X,,,,,,,,,,,,,,16,LPDDR5X,,,,,,512,,,,,14.0,,,,,,,,,,,,,,,,False,False,Windows 11 Home,True,,,,[],Backlit Keyboard,,,False,False,False,,60816.0,122990.0,62174.0,60816.0,84563.13,122990.0,62,flipkart,https://www.flipkart.com/asus-vivobook-14-2025-office-2024-m365-basic-backlit-keyboard-snapdragon-x-16-gb-512-gb-ssd-windows-11-home-x1407qa-ly088ws-thin-light-laptop/p/itm50b9ac5b77ae0,2026-09-28T10:45:06.630406+00:00,valid
ASUS,ASUS ExpertBook P1 with 1 Yr ADP,P150,ExpertBook,2024,Intel,Core 3 13th Gen 1315U,,,,,,,,,,,,,,,16,DDR5,,,,,,512,,,,,15.6,,,,,,,,,,,,,,,,False,False,Windows 11 Home,True,,,,[],,,,False,False,False,,65200.0,74990.0,9790.0,65200.0,70095.0,74990.0,10,flipkart,https://www.flipkart.com/asus-expertbook-p1-1-yr-adp-intel-core-3-13th-gen-1315u-16-gb-512-gb-ssd-windows-11-home-p1503cva-s71074ws-thin-light-laptop/p/itmf84b442d31b6b,2026-09-28T10:45:06.637484+00:00,valid
ASUS,ASUS Vivobook Ultra 14,X413JA-EK267T,Vivobook,,Intel,Core i3 10th Gen 1005G,Core i3,,,,,,,,,,,,,,4,DDR4,,,,,,512,,,,,14.0,,,,,,,,,,,,,,,,False,False,Windows 11 Home,True,,,,[],,,,False,False,False,,,,,,,,0,flipkart,https://www.flipkart.com/asus-vivobook-ultra-14-intel-core-i3-10th-gen-1005g1-4-gb-512-gb-ssd-windows-11-home-x413ja-ek267t-x413ja-eb302t-thin-light-laptop/p/itm2b4ff5e65cd0f,2026-09-28T10:45:06.648273+00:00,insufficient_sources
ASUS,ASUS Chromebook CX15,CX1505CTA-S702,,,Intel,Celeron Dual Core N50,,,,,,,,,,,,,,,4,LPDDR5,,,,,EMMC,,,,,,15.6,,,,,,,,,,,,,,,,False,False,Chrome OS,False,,,,[],,,,False,False,False,,,,,,,,0,flipkart,https://www.flipkart.com/asus-chromebook-cx15-intel-celeron-dual-core-n50-4-gb-128-gb-emmc-storage-chrome-os-cx1505cta-s70257-laptop/p/itm4119a57f911bf,2026-09-28T10:45:06.660898+00:00,insufficient_sources
ASUS,"ASUS Vivobook 15 with MSO 2024 + M365 Basic*, Backlit Keyboard,",,Vivobook,2025,Intel,Core 5 120U,,,,,,,,,,,,,,,16,DDR4,,,,,,512,,,,,15.6,,,,,,,,,,,,,,,,False,False,Windows 11 Home,True,,,,[],Backlit Keyboard,,,False,False,False,,76170.0,85990.0,9820.0,76170.0,81080.0,85990.0,2,flipkart,https://www.flipkart.com/asus-vivobook-15-2025-i5-14th-gen-mso-2024-m365-basic-backlit-keyboard-intel-core-5-120u-16-gb-512-gb-ssd-windows-11-home-x1504vap-nj2862ws-x1504vap-bq224ws-thin-light-laptop/p/itm774438efecaf0,2026-09-28T11:02:14.214482+00:00,valid
ASUS,ASUS Vivobook Go 14 with Office 2024 + M365 Basic*,,Vivobook,2025,AMD,Ryzen 3 Quad Core 7320U,Ryzen 3,7,,,,,,,,,,,,,8,LPDDR5,,,,,,512,,,,,14.0,,,,,,,,,,,,,,,,False,False,Windows 11 Home,True,,,,[],,,,False,False,False,,53997.0,59990.0,5993.0,53997.0,57066.75,59990.0,16,flipkart,https://www.flipkart.com/asus-vivobook-go-14-2025-office-2024-m365-basic-amd-ryzen-3-quad-core-7320u-8-gb-512-gb-ssd-windows-11-home-e1404fa-nk3325ws-e1404fa-eb2322ws-e1404fa-eb901ws-thin-light-laptop/p/itm7939cfb8266f7,2026-09-28T10:45:06.670978+00:00,valid
ASUS,ASUS ExpertBook P1 with 1 Yr ADP,P1,ExpertBook,2024,Intel,Core i5 13th Gen 13420H,Core i5,13,,,,,,,,,,,,,16,DDR5,,,,,,512,,,,,15.6,,,,,,,,,,,,,,,,False,False,Windows 11 Home,True,,,,[],,,,False,False,False,,77102.0,98999.0,21897.0,77102.0,88050.5,98999.0,4,flipkart,https://www.flipkart.com/asus-expertbook-p1-1-yr-adp-intel-core-i5-13th-gen-13420h-16-gb-512-gb-ssd-windows-11-home-p1503cva-s70611ws-thin-light-laptop/p/itmf788da016f665,2026-09-28T10:45:06.675128+00:00,valid
ASUS,ASUS Vivobook 15,X1504ZA-NJ322WS,Vivobook,,Intel,Core i3 12th Gen 1215U,Core i3,,,,,,,,,,,,,,8,DDR4,,,,,,512,,,,,15.6,,,,,,,,,,,,,,,,False,False,Windows 11 Home,True,,,,[],,,,False,False,False,,56790.0,59990.0,3200.0,55990.0,58324.08,59999.0,12,flipkart,https://www.flipkart.com/asus-vivobook-15-intel-core-i3-12th-gen-1215u-8-gb-512-gb-ssd-windows-11-home-x1504za-nj322ws-thin-light-laptop/p/itm200184e4e0443,2026-09-28T10:45:06.679025+00:00,valid
ASUS,ASUS ExpertBook P3 with AI PC IR Cam 1 Yr ADP,,ExpertBook,2024,Intel,Core Ultra 7 255H,Core Ultra 7,2,,,,,,,,,,,,,16,DDR5,,,,,,512,,,,,16.0,,,,,,,,,,,,,,,,False,False,Windows 11 Home,True,,,,[],,,,False,False,False,,93500.0,190000.0,96500.0,93500.0,141750.0,190000.0,10,flipkart,https://www.flipkart.com/asus-expertbook-p3-ai-pc-ir-cam-1-yr-adp-intel-core-ultra-7-255h-16-gb-512-gb-ssd-windows-11-home-p3606ccap-mb0056ws-p3606ccap-mb0432ws-thin-light-laptop/p/itm2a79561b76fe5,2026-09-28T10:45:06.683482+00:00,valid
ASUS,"ASUS ExpertBook Ultra Full Metal Nano Ceramic Coating, TOLED with Touchscreen Copilot",,ExpertBook,2024,,,,,,,,,,,,,,,,,32,LPDDR5X,,,,,,1024,,,,,14.0,,,,,,,,,,True,,,,,,False,False,Windows 11 Home,True,,,,[],,,,False,False,False,,272990.0,449990.0,177000.0,272990.0,361490.0,449990.0,30,flipkart,https://www.flipkart.com/asus-expertbook-ultra-full-metal-nano-ceramic-coating-toled-touchscreen-copilot-intel-core-x7-358h-32-gb-1-tb-ssd-windows-11-home-b9406caa-th1205ws-thin-light-laptop/p/itm8f6006a76d8bf,2026-09-28T10:45:06.736717+00:00,valid
HP,HP 14 AI PC,14-ep1151TU,,,Intel,Core Ultra 7 155H,Core Ultra 7,1,,,,,,,,,,,,,16,DDR5,,,,,,512,,,,,14.0,,,,,,,,,,,,,,,,False,False,Windows 11 Home,True,,,,[],,,,False,False,False,,94900.0,99990.0,5090.0,94900.0,97445.0,99990.0,16,flipkart,https://www.flipkart.com/hp-14-ai-pc-intel-core-ultra-7-155h-16-gb-512-gb-ssd-windows-11-home-14-ep1151tu-14-gr1036tu-thin-light-laptop/p/itmb03e7985652f2,2026-09-28T10:45:06.742143+00:00,valid
Motorola,MOTOROLA Motobook 60 Pro Full Metal AI PC WUXGA OLED,,,2024,Intel,Core Ultra 5 225H,Core Ultra 5,2,,,,,,,,,,,,,16,DDR5,,,,,,512,,,,,14.0,,,,,OLED,,,,,,,,,,,False,False,Windows 11,True,,,,[],,,,False,False,False,,84990.0,145000.0,60010.0,84990.0,114995.0,145000.0,14,flipkart,https://www.flipkart.com/motorola-motobook-60-pro-full-metal-ai-pc-wuxga-oled-intel-core-ultra-5-225h-16-gb-512-gb-ssd-windows-11-home-14iah101-thin-light-laptop/p/itm9a8f7e63c313f,2026-09-28T10:45:06.747806+00:00,valid
Samsung,Samsung Galaxy Book5 AI Metal,NP750XHD,,2024,Intel,Core Ultra 7 255U,Core Ultra 7,1,,,,,,,,,,,,,16,LPDDR5X,,,,,,512,,,,,15.6,,,,,,,,,,,,,,,,False,False,Windows 11 Home,True,,,,[],,,,False,False,False,,91990.0,109990.0,18000.0,91990.0,100990.0,109990.0,12,flipkart,https://www.flipkart.com/samsung-galaxy-book5-ai-metal-intel-core-ultra-7-255u-16-gb-512-gb-ssd-windows-11-home-np750xhd-thin-light-laptop/p/itma9c081cdbe95d,2026-09-28T10:45:06.751732+00:00,valid
Dell,DELL 15 AI Powered,AI,,,Intel,Core Ultra 5 225H,Core Ultra 5,2,,,,,,,,,,,,,8,DDR5,,,,,,512,,,,,15.6,,,,,,,,,,,,,,,,False,False,Windows 11 Home,True,,,,[],,,,False,False,False,,81998.0,89990.0,7992.0,81998.0,85994.0,89990.0,4,flipkart,https://www.flipkart.com/dell-15-previously-inspiron-ai-powered-intel-core-ultra-5-225h-8-gb-512-gb-ssd-windows-11-home-thin-light-laptop/p/itmef7ee4e46fdc2,2026-09-28T10:45:06.755499+00:00,valid
Acer,Acer Swift Neo Office 2024 + M365 Basic,S,Swift,2024,Intel,Core Ultra 5 115U,Core Ultra 5,1,,,,,,,,,,,,,16,LPDDR5,,,,,,512,,,,,14.0,,,,,,,,,,,,,,,,False,False,Windows 11 Home,True,,,,[],,,,False,False,False,1,74062.0,89999.0,15937.0,74062.0,84795.33,94990.0,24,flipkart,https://www.flipkart.com/acer-swift-neo-office-2024-m365-basic-intel-core-ultra-5-115u-16-gb-512-gb-ssd-windows-11-home-sfn14-54h-thin-light-laptop/p/itm093fb94fa4b22,2026-09-28T10:45:06.760853+00:00,valid
Acer,"Acer Aspire 3 AI PC, Backlit Keyboard",AI,Aspire,2026,Intel,Core Ultra 5 115U,Core Ultra 5,1,,,,,,,,,,,,,8,DDR5,,,,,,512,,,,,15.6,,,,,,,,,,,,,,,,False,False,Windows 11 Home,True,,,,[],Backlit Keyboard,,,False,False,False,,59990.0,69990.0,10000.0,59990.0,64990.0,69990.0,14,flipkart,https://www.flipkart.com/acer-aspire-3-2026-ai-pc-backlit-keyboard-intel-core-ultra-5-115u-8-gb-512-gb-ssd-windows-11-home-a325-55-notebook/p/itmbcd8bc89383cd,2026-09-28T10:45:06.767359+00:00,valid
ASUS,ASUS ExpertBook P3 with AI PC 1 Yr ADP,P3,ExpertBook,2024,Intel,Core Ultra 7 255H,Core Ultra 7,2,,,,,,,,,,,,,16,DDR5,,,,,,512,,,,,16.0,,,,,,,,,,,,,,,,False,False,Windows 11 Home,True,,,,[],,,,False,False,False,,89990.0,192990.0,103000.0,89990.0,141490.0,192990.0,18,flipkart,https://www.flipkart.com/asus-expertbook-p3-ai-pc-1-yr-adp-intel-core-ultra-7-255h-16-gb-512-gb-ssd-windows-11-home-p3606ccap-mb1007ws-thin-light-laptop/p/itm50b719d53d28e,2026-09-28T10:45:06.773726+00:00,valid
ASUS,"ASUS Vivobook 16 with Office 2024 + M365 Basic, AI PC",,Vivobook,2025,,,,,,,,,,,,,,,,,16,DDR5,,,,,,512,,,,,16.0,,,,,,,,,,,,,,,,False,False,Windows 11 Home,True,,,,[],,,,False,False,False,,86735.0,99999.0,13264.0,86735.0,93367.0,99999.0,2,flipkart,https://www.flipkart.com/asus-vivobook-16-2025-office-2024-m365-basic-ai-pc-intel-core-ultra-5-series-2-225h-16-gb-512-gb-ssd-windows-11-home-x1607ca-mb139ws-thin-light-laptop/p/itm2c73093a3141d,2026-09-28T10:45:07.049699+00:00,valid
ASUS,ASUS Vivobook 16,Intel,Vivobook,2026,Intel,Core Ultra 5 225H,Core Ultra 5,2,,,,,,,,,,,,,16,DDR5,,,,,,512,,,,,16.0,,,,,,,,,,,,,,,,False,False,Windows 11 Home,True,,,,[],,,,False,False,False,,91990.0,159990.0,68000.0,91990.0,125990.0,159990.0,14,flipkart,https://www.flipkart.com/asus-vivobook-16-2026-intel-core-ultra-5-225h-16-gb-512-gb-ssd-windows-11-home-x1607ca-mb350ws-thin-light-laptop/p/itm109084c762d77,2026-09-28T10:45:06.789715+00:00,valid
ASUS,"ASUS Vivobook S14 with Office 2024 + M365 Basic*, AI PC, Backlit Keyboard,",,Vivobook,2025,,,,,,,,,,,,,,,,,16,DDR5,,,,,,512,,,,,14.0,,,,,,,,,,,,,,,,False,False,Windows 11 Home,True,,,,[],Backlit Keyboard,,,False,False,False,,92990.0,117990.0,25000.0,90993.0,100517.03,117990.0,38,flipkart,https://www.flipkart.com/asus-vivobook-s14-2025-office-2024-m365-basic-ai-pc-backlit-keyboard-intel-core-ultra-5-225h-16-gb-512-gb-ssd-windows-11-home-s3407ca-ly057ws-thin-light-laptop/p/itma23ab93a3f665,2026-09-28T10:45:06.800349+00:00,valid
Lenovo,Lenovo Legion Pro 5 WQXGA OLED,,Legion,2024,Intel,Core Ultra 9 275HX,Core Ultra 9,1,,,,,,,,,,,,,32,DDR5,,,,,,1024,,,,,16.0,,,,,OLED,,,,,,,,,,,False,False,Windows 11 Home,True,,,,[],,,,False,False,False,,259990.0,293890.0,33900.0,259990.0,310665.0,396790.0,20,flipkart,https://www.flipkart.com/lenovo-legion-pro-5-wqxga-oled-intel-core-ultra-9-275hx-32-gb-1-tb-ssd-windows-11-home-8-gb-graphics-nvidia-geforce-rtx-5070-16iax10-gaming-laptop/p/itm0968b6925c1fe,2026-09-28T10:45:06.804968+00:00,valid
ASUS,"ASUS Vivobook 14 with Office 2024 + M365 Basic*,",,Vivobook,2025,Intel,Core Ultra 5 225H,Core Ultra 5,2,,,,,,,,,,,,,16,DDR5,,,,,,512,,,,,14.0,,,,,,,,,,,,,,,,False,False,Windows 11 Home,True,,,,[],,,,False,False,False,,74990.0,113990.0,39000.0,74990.0,94490.0,113990.0,8,flipkart,https://www.flipkart.com/asus-vivobook-14-2025-office-2024-m365-basic-intel-core-ultra-5-225h-16-gb-512-gb-ssd-windows-11-home-x1407ca-ly160ws-thin-light-laptop/p/itmfeb2507e526d6,2026-09-28T10:45:06.808482+00:00,valid
HP,HP Pavilion AI PC,16-af0028TU,Pavilion,,Intel,Core Ultra 7 155U,Core Ultra 7,1,,,,,,,,,,,,,16,LPDDR5X,,,,,,512,,,,,16.0,,,,,,,,,,,,,,,,False,False,Windows 11 Home,True,,,,[],,,,False,False,False,,84999.0,104048.0,19049.0,84999.0,94523.5,104048.0,6,flipkart,https://www.flipkart.com/hp-pavilion-ai-pc-intel-core-ultra-7-155u-16-gb-512-gb-ssd-windows-11-home-16-af0028tu-thin-light-laptop/p/itmec9c43c3b429c,2026-09-28T10:45:06.811391+00:00,valid
ASUS,"ASUS Vivobook 14 with Office 2024 + M365 Basic*, AI PC, Backlit Keyboard,",,Vivobook,2025,,,,,,,,,,,,,,,,,16,DDR5,,,,,,512,,,,,14.0,,,,,,,,,,,,,,,,False,False,Windows 11 Home,True,,,,[],Backlit Keyboard,,,False,False,False,,96485.0,111999.0,15514.0,96485.0,104242.0,111999.0,16,flipkart,https://www.flipkart.com/asus-vivobook-14-2025-office-2024-m365-basic-ai-pc-backlit-keyboard-intel-core-ultra-5-225h-16-gb-512-gb-ssd-windows-11-home-x1407ca-ly102ws-thin-light-laptop/p/itm46931df73e192,2026-09-28T10:45:06.819232+00:00,valid
Acer,Acer Swift Neo Office 2024 + M365 Basic,S,Swift,2024,Intel,Core Ultra 7 155U,Core Ultra 7,1,,,,,,,,,,,,,16,LPDDR5,,,,,,512,,,,,14.0,,,,,,,,,,,,,,,,False,False,Windows 11 Home,True,,,,[],,,,False,False,False,1,,,,,,,0,flipkart,https://www.flipkart.com/acer-swift-neo-office-2024-m365-basic-intel-core-ultra-7-155u-16-gb-512-gb-ssd-windows-11-home-sfn14-54h-thin-light-laptop/p/itm84801184d63e1,2026-09-28T10:45:06.871604+00:00,insufficient_sources
ASUS,"ASUS Vivobook S16 with Office 2024 + M365 Basic*, Metal Body*,",,Vivobook,2025,Intel,Core Ultra 5 225H,Core Ultra 5,2,,,,,,,,,,,,,16,DDR5,,,,,,512,,,,,16.0,,,,,,,,,,,,,,,,False,False,Windows 11 Home,True,,,,[],,,,False,False,False,,97000.0,130990.0,33990.0,89368.0,107391.17,130990.0,6,flipkart,https://www.flipkart.com/asus-vivobook-s16-2025-office-2024-m365-basic-metal-body-intel-core-ultra-5-225h-16-gb-512-gb-ssd-windows-11-home-s3607ca-sh071ws-thin-light-laptop/p/itm038f39f4a1473,2026-09-28T10:45:06.882871+00:00,valid
Acer,Acer Swift Lite 14,SFL14-54M,Swift,,Intel,Core Ultra 5 115U,Core Ultra 5,1,,,,,,,,,,,,,16,LPDDR5,,,,,,512,,,,,14.0,,,,,,,,,,,,,,,,False,False,Windows 11 Home,True,,,,[],,,,False,False,False,1,,,,,,,0,flipkart,https://www.flipkart.com/acer-swift-lite-14-intel-core-ultra-5-115u-16-gb-512-gb-ssd-windows-11-home-sfl14-54m-thin-light-laptop/p/itmfc244e83d2b43,2026-09-28T10:45:06.886389+00:00,insufficient_sources
HP,HP AI PC,14-gr1022TU,,,Intel,Core Ultra 5 125H,Core Ultra 5,1,,,,,,,,,,,,,16,DDR5,,,,,,512,,,,,14.0,,,,,,,,,,,,,,,,False,False,Windows 11 Home,True,,,,[],,,,False,False,False,,,,,,,,0,flipkart,https://www.flipkart.com/hp-ai-pc-intel-core-ultra-5-125h-16-gb-512-gb-ssd-windows-11-home-14-gr1022tu-thin-light-laptop/p/itm0864cb6a1844f,2026-09-28T10:45:06.891582+00:00,insufficient_sources
Acer,Acer Predator Helios Neo 16S AI,,Predator,,Intel,Core Ultra 7 255HX,Core Ultra 7,1,,,,,,,,,,,,,16,DDR5,,,,,,1024,,,,,16.0,,,,,,,,,,,,,,,,False,False,Windows 11 Home,True,,,,[],,,,False,False,False,1,,,,,,,0,flipkart,https://www.flipkart.com/acer-predator-helios-neo-16s-ai-intel-core-ultra-7-255hx-16-gb-1-tb-ssd-windows-11-home-8-gb-graphics-nvidia-geforce-rtx-5070-phn16s-71-gaming-laptop/p/itmc6d30f6de45a2,2026-09-28T10:45:06.895507+00:00,insufficient_sources
Lenovo,Lenovo Ultra 5 225U,21SKA0FTIG,,,Intel,Core Ultra 5 225U,Core Ultra 5,1,,,,,,,,,,,,,16,DDR5,,,,,,1024,,,,,16.0,,,,,,,,,,,,,,,,False,False,Windows 11 Home,True,,,,[],,,,False,False,False,,115999.0,120990.0,4991.0,115999.0,118494.5,120990.0,18,flipkart,https://www.flipkart.com/lenovo-ultra-5-225u-intel-core-16-gb-1-tb-ssd-windows-11-home-21ska0ftig-laptop/p/itmb069abad9f7f6,2026-09-28T10:45:06.901333+00:00,valid
Samsung,Samsung Galaxy Book6,NP740VJG,,,,,,,,,,,,,,,,,,,16,LPDDR5X,,,,,,512,,,,,14.0,,,,,,,,,,,,,,,,False,False,Windows 11 Home,True,,,,[],,,,False,False,False,,112990.0,142790.0,29800.0,112990.0,134136.15,153990.0,26,flipkart,https://www.flipkart.com/samsung-galaxy-book6-intel-core-ultra-5-series-3-325-16-gb-512-gb-ssd-windows-11-home-np740vjg-thin-light-laptop/p/itmed9696cbcb830,2026-09-28T10:45:06.904561+00:00,valid
Dell,DELL Previously Inspiron,,Inspiron,,Intel,Core Ultra 5 322,Core Ultra 5,1,,,,,,,,,,,,,16,LPDDR5X,,,,,,512,,,,,14.0,,,,,,,,,,True,,,,,,False,False,Windows 11 Home,True,,,,[],,,,False,False,False,,,,,,,,0,flipkart,https://www.flipkart.com/dell-previously-inspiron-premium-series-intel-core-ultra-5-322-16-gb-512-gb-ssd-windows-11-home-intel-graphics-14s-creator-laptop/p/itm9f659f7be9af7,2026-09-28T10:45:06.907143+00:00,insufficient_sources
Infinix,Infinix ZERO BOOK ULTRA Series Laptop,,,,Intel,Core i9 12th Gen 12900H,Core i9,12,,,,,,,,,,,,,16,LPDDR5,,,,,,512,,,,,15.6,,,,,,,,,,,,,,,,False,False,Windows 11,True,,,,[],,,,False,False,False,,,,,,,,0,flipkart,https://www.flipkart.com/infinix-zero-book-ultra-series-laptop-intel-core-i9-12th-gen-12900h-16-gb-512-gb-ssd-windows-11-home-zl12-business/p/itmad7e026e8b8c5,2026-09-28T10:45:06.910803+00:00,insufficient_sources
ASUS,"ASUS Zenbook 14 OLED with Touch Screen, Backlit Keyboard, Full Metal Body,",,Zenbook,2025,,,,,,,,,,,,,,,,,16,LPDDR5X,,,,,,1024,,,,,14.0,,,,,OLED,,,,,True,,,,,,False,False,Windows 11 Home,True,,,,[],Backlit Keyboard,,,False,False,False,,129990.0,135990.0,6000.0,129990.0,132990.0,135990.0,10,flipkart,https://www.flipkart.com/asus-zenbook-14-oled-2025-touch-screen-backlit-keyboard-full-metal-body-intel-core-ultra-5-225h-16-gb-1-tb-ssd-windows-11-home-ux3405ca-pz345ws-thin-light-laptop/p/itm7247031999b45,2026-09-28T10:45:06.916922+00:00,valid
ASUS,"ASUS Vivobook S16 with Office 2024 + M365 Basic*, Metal Body*,",,Vivobook,2025,Intel,Core Ultra 7 255H,Core Ultra 7,2,,,,,,,,,,,,,16,DDR5,,,,,,512,,,,,16.0,,,,,,,,,,,,,,,,False,False,Windows 11 Home,True,,,,[],,,,False,False,False,,116038.0,160999.0,44961.0,116038.0,138518.5,160999.0,10,flipkart,https://www.flipkart.com/asus-vivobook-s16-2025-office-2024-m365-basic-metal-body-intel-core-ultra-7-255h-16-gb-512-gb-ssd-windows-11-home-s3607ca-sh077ws-thin-light-laptop/p/itm1169d48bb3480,2026-09-28T10:45:06.925295+00:00,valid
Dell,DELL 15 AI Powered,AI,,,Intel,Core Ultra 5 225H,Core Ultra 5,2,,,,,,,,,,,,,16,DDR5,,,,,,512,,,,,15.6,,,,,,,,,,,,,,,,False,False,Windows 11 Home,True,,,,[],,,,False,False,False,,88400.0,106989.0,18589.0,88400.0,97694.5,106989.0,6,flipkart,https://www.flipkart.com/dell-15-previously-inspiron-ai-powered-intel-core-ultra-5-225h-16-gb-512-gb-ssd-windows-11-home-thin-light-laptop/p/itm3d19bf8ab4b69,2026-09-28T10:45:06.928520+00:00,valid
ASUS,"ASUS Vivobook S14 with Backlit Keyboard, Metallic Design*,",,Vivobook,2025,Intel,Core Ultra 7 255H,Core Ultra 7,2,,,,,,,,,,,,,16,DDR5,,,,,,512,,,,,14.0,,,,,,,,,,,,,,,,False,False,Windows 11 Home,True,,,,[],Backlit Keyboard,,,False,False,False,,103990.0,165990.0,62000.0,103990.0,134990.0,165990.0,8,flipkart,https://www.flipkart.com/asus-vivobook-s14-2025-backlit-keyboard-metallic-design-intel-core-ultra-7-255h-16-gb-512-gb-ssd-windows-11-home-s3407ca-ly083ws-thin-light-laptop/p/itm52b33faa17e6b,2026-09-28T10:45:06.933472+00:00,valid
Dell,DELL 18 Area 51,,,,Intel,Core Ultra 9 275HX,Core Ultra 9,1,,,,,,,,,,,,,64,DDR5,,,,,,2048,,,,,18.0,,,,,,,,,,,,,,,,False,False,Windows 11 Home,True,,,,[],,,,False,False,False,,525900.0,598529.0,72629.0,525900.0,562214.5,598529.0,10,flipkart,https://www.flipkart.com/dell-18-area-51-intel-core-ultra-9-275hx-64-gb-2-tb-ssd-windows-11-home-24-gb-graphics-nvidia-geforce-rtx-5090-300-hz-can18250cto03mino-gaming-laptop/p/itmece53c0773a66,2026-09-28T10:45:06.941746+00:00,valid
Dell,DELL 16 Area 51,,,,Intel,Core Ultra 9 275HX,Core Ultra 9,1,,,,,,,,,,,,,32,DDR5,,,,,,1024,,,,,16.0,,,,,,,,,,,,,,,,False,False,Windows 11 Home,True,,,,[],,,,False,False,False,,349990.0,379722.0,29732.0,349990.0,364856.0,379722.0,14,flipkart,https://www.flipkart.com/dell-16-area-51-intel-core-ultra-9-275hx-32-gb-1-tb-ssd-windows-11-home-12-gb-graphics-nvidia-geforce-rtx-5070ti-240-hz-alienware-area-51-gaming-laptop/p/itm10eb70662f089,2026-09-28T10:45:06.945431+00:00,valid
HP,HP 14 Omnibook X Flip Next Gen AI PC,Omnibo,,,Intel,Core Ultra 7 256V,Core Ultra 7,2,,,,,,,,,,,,,16,LPDDR5X,,,,,,1024,,,,,14.0,,,,,,,,,,,,,,,,False,False,Windows 11 Home,True,,,,[],,,,False,False,False,,172990.0,224827.0,51837.0,172990.0,198908.5,224827.0,6,flipkart,https://www.flipkart.com/hp-14-omnibook-x-flip-next-gen-ai-pc-intel-core-ultra-7-256v-16-gb-1-tb-ssd-windows-11-home-14-fm0100tu-thin-light-laptop/p/itme7e0e144a4053,2026-09-28T10:45:06.951398+00:00,valid
HP,HP Pavilion AI PC,16-af0015TU,Pavilion,,Intel,Core Ultra 5 125U,Core Ultra 5,1,,,,,,,,,,,,,16,LPDDR5,,,,,,512,,,,,16.0,,,,,,,,,,,,,,,,False,False,Windows 11 Home,True,,,,[],,,,False,False,False,,89990.0,99000.0,9010.0,89990.0,94495.0,99000.0,8,flipkart,https://www.flipkart.com/hp-pavilion-ai-pc-intel-core-ultra-5-125u-16-gb-512-gb-ssd-windows-11-home-16-af0015tu-thin-light-laptop/p/itmdb0b867255e2b,2026-09-28T10:45:06.960212+00:00,valid
Lenovo,Lenovo Yoga Slim Series,83CV00B3IN,Yoga,,Intel,Core Ultra 9 185H,Core Ultra 9,1,,,,,,,,,,,,,32,LPDDR5,,,,,,1024,,,,,14.0,,,,,,,,,,,,,,,,False,False,Windows 11 Home,True,,,,[],,,,False,False,False,1,164890.0,169890.0,5000.0,159890.0,165723.33,169890.0,6,flipkart,https://www.flipkart.com/lenovo-yoga-slim-series-intel-core-ultra-9-185h-32-gb-1-tb-ssd-windows-11-home-83cv00b3in-thin-light-laptop/p/itm3ffa1ea78706b,2026-09-28T10:45:06.965759+00:00,valid
Samsung,Samsung Galaxy Book5 AI Metal,NP750XHD,,2024,Intel,Core Ultra 7 255U,Core Ultra 7,1,,,,,,,,,,,,,32,LPDDR5X,,,,,,1024,,,,,15.6,,,,,,,,,,,,,,,,False,False,Windows 11 Home,True,,,,[],,,,False,False,False,,,,,,,,0,flipkart,https://www.flipkart.com/samsung-galaxy-book5-ai-metal-intel-core-ultra-7-255u-32-gb-1-tb-ssd-windows-11-home-np750xhd-thin-light-laptop/p/itmccedba0d1cc20,2026-09-28T10:45:06.969360+00:00,insufficient_sources
Lenovo,Lenovo IdeaPad Slim 5 WUXGA IPS AI PC with 1Yr ADP,,IdeaPad,,Intel,Core Ultra 5 125H,Core Ultra 5,1,,,,,,,,,,,,,16,LPDDR5X,,,,,,512,,,,,14.0,,,,,IPS,,,,,,,,,,,False,False,Windows 11,True,,,,[],,,,False,False,False,,106990.0,120000.0,13010.0,106990.0,113495.0,120000.0,8,flipkart,https://www.flipkart.com/lenovo-ideapad-slim-5-wuxga-ips-ai-pc-1yr-adp-intel-core-ultra-125h-16-gb-512-gb-ssd-windows-11-home-14imh9-thin-light-laptop/p/itm089031723a8df,2026-09-28T10:45:07.015037+00:00,valid
ASUS,ASUS ROG Strix SCAR 18,Intel,ROG,2026,Intel,Core Ultra 9 290HX,Core Ultra 9,1,,,,,,,,,,,,,64,DDR5,,,,,,2048,,,,,18.0,,,,,,,,,,,,,,,,False,False,Windows 11 Home,True,,,,[],,,,False,False,False,,699990.0,779990.0,80000.0,699990.0,739990.0,779990.0,4,flipkart,https://www.flipkart.com/asus-rog-strix-scar-18-2026-intel-core-ultra-9-290hx-plus-64-gb-2-tb-ssd-windows-11-home-24-gb-graphics-nvidia-geforce-rtx-5090-240-hz-g835lxg-tq492ws-gaming-laptop/p/itmfa1ec8f7961ff,2026-09-28T10:45:07.020114+00:00,valid
Acer,Acer Swift Go 14 Powered EVO AI PC,SFG14,Swift,,Intel,Core Ultra 5 125H,Core Ultra 5,1,,,,,,,,,,,,,16,LPDDR5X,,,,,,512,,,,,14.0,,,,,,,,,,True,,,,,,False,False,Windows 11 Home,True,,,,[],,,,False,False,False,,88999.0,129999.0,41000.0,88999.0,109499.0,129999.0,6,flipkart,https://www.flipkart.com/acer-swift-go-14-powered-evo-ai-pc-intel-core-ultra-5-125h-16-gb-512-gb-ssd-windows-11-home-sfg14-72t-549e-thin-light-laptop/p/itma2494f47445ab,2026-09-28T10:45:07.024792+00:00,valid
Acer,"Acer Aspire 5 Metal AI PC, Backlit Keyboard",AI,Aspire,2026,Intel,Core Ultra 5 226V,Core Ultra 5,2,,,,,,,,,,,,,16,DDR5,,,,,,512,,,,,14.0,,,,,,,,,,,,,,,,False,False,Windows 11 Home,True,,,,[],Backlit Keyboard,,,False,False,False,,74990.0,99990.0,25000.0,74990.0,87490.0,99990.0,8,flipkart,https://www.flipkart.com/acer-aspire-5-metal-2026-ai-pc-backlit-keyboard-intel-core-ultra-226v-16-gb-512-gb-ssd-windows-11-home-a514-55-notebook/p/itmd7173c35fdafd,2026-09-28T10:45:07.028536+00:00,valid
Dell,DELL Inspiron,5330,Inspiron,,Intel,Core Ultra 5 125H,Core Ultra 5,1,,,,,,,,,,,,,16,LPDDR5X,,,,,,512,,,,,13.3,,,,,,,,,,,,,,,,False,False,Windows 11 Home,True,,,,[],,,,False,False,False,,98990.0,115000.0,16010.0,98990.0,106995.0,115000.0,2,flipkart,https://www.flipkart.com/dell-inspiron-intel-core-ultra-5-125h-16-gb-512-gb-ssd-windows-11-home-5330-thin-light-laptop/p/itm81bdc530dcf54,2026-09-28T10:45:07.033788+00:00,valid
Lenovo,Lenovo IdeaPad Slim 3 Next,Next-gen,IdeaPad,,,,,,,,,,,,,,,,,,16,DDR5,,,,,,512,,,,,15.3,,,,,,,,,,,,,,,,False,False,Windows 11 Home,True,,,,[],,,,False,False,False,,101000.0,180000.0,79000.0,101000.0,140500.0,180000.0,6,flipkart,https://www.flipkart.com/lenovo-ideapad-slim-3-gen-11-next-gen-ai-pc-intel-core-ultra-5-series-322-16-gb-512-gb-ssd-windows-11-home-15iph11-thin-light-laptop/p/itm408ce3b8776af,2026-09-28T10:45:07.041214+00:00,valid
Acer,Acer Swift Neo Office 2024 + M365 Basic,SFN,Swift,2024,Intel,Core Ultra 5 115U,Core Ultra 5,1,,,,,,,,,,,,,16,LPDDR5,,,,,,1024,,,,,14.0,,,,,,,,,,,,,,,,False,False,Windows 11 Home,True,,,,[],,,,False,False,False,1,,,,,,,0,flipkart,https://www.flipkart.com/acer-swift-neo-office-2024-m365-basic-intel-core-ultra-5-115u-16-gb-1-tb-ssd-windows-11-home-sfn14-54h-thin-light-laptop/p/itm6985fa8acc1b8,2026-09-28T10:45:07.044510+00:00,insufficient_sources
HP,HP ENVY AI PC,14-fc0078TU,Envy,,Intel,Core Ultra 5 125U,Core Ultra 5,1,,,,,,,,,,,,,16,LPDDR5,,,,,,512,,,,,14.0,,,,,,,,,,True,,,,,,False,False,Windows 11 Home,True,,,,[],,,,False,False,False,,120925.0,125000.0,4075.0,120925.0,122962.5,125000.0,2,flipkart,https://www.flipkart.com/hp-envy-ai-pc-intel-core-ultra-5-125u-16-gb-512-gb-ssd-windows-11-home-14-fc0078tu-thin-light-laptop/p/itma4a95464cf19e,2026-09-28T10:45:07.052825+00:00,valid
Acer,Acer Predator Helios Neo 16S AI,,Predator,,Intel,Core Ultra 9 275HX,Core Ultra 9,1,,,,,,,,,,,,,16,DDR5,,,,,,1024,,,,,16.0,,,,,,,,,,,,,,,,False,False,Windows 11 Home,True,,,,[],,,,False,False,False,1,262246.0,319990.0,57744.0,262246.0,291118.0,319990.0,6,flipkart,https://www.flipkart.com/acer-predator-helios-neo-16s-ai-intel-core-ultra-9-275hx-16-gb-1-tb-ssd-windows-11-home-8-gb-graphics-nvidia-geforce-rtx-5070-phn16s-71-gaming-laptop/p/itmb27b13bdbdb17,2026-09-28T10:45:07.055682+00:00,valid
MSI,MSI Prestige 16 Studio AI PC,,,,Intel,Core Ultra 7 155H,Core Ultra 7,1,,,,,,,,,,,,,32,LPDDR5,,,,,,1024,,,,,16.0,,,,,,,,,,,,,,,,False,False,Windows 11 Home,True,,,,[],,,,False,False,False,,139990.0,179990.0,40000.0,139990.0,164990.0,189990.0,20,flipkart,https://www.flipkart.com/msi-prestige-16-studio-ai-pc-intel-core-ultra-7-155h-32-gb-1-tb-ssd-windows-11-home-6-gb-graphics-b1veg-thin-light-laptop/p/itm763e2e0f0b0a4,2026-09-28T10:45:07.059751+00:00,valid
Lenovo,Lenovo Yoga Slim 7 AI PC,14IMH9,Yoga,,Intel,Core Ultra 5 125H,Core Ultra 5,1,,,,,,,,,,,,,16,LPDDR5X,,,,,,512,,,,,14.0,,,,,,,,,,,,,,,,False,False,Windows 11 Home,True,,,,[],,,,False,False,False,,99499.0,124890.0,25391.0,99499.0,115821.8,128590.0,10,flipkart,https://www.flipkart.com/lenovo-yoga-slim-7-ai-pc-intel-core-ultra-5-125h-16-gb-512-gb-ssd-windows-11-home-14imh9-thin-light-laptop/p/itm77304edff3814,2026-09-28T10:45:07.065776+00:00,valid
Dell,DELL 16,DA16260,,,,,,,,,,,,,,,,,,,32,LPDDR5X,,,,,,1024,,,,,16.0,,,,,,,,,,True,,,,,,False,False,Windows 11 Home,True,,,,[],,,,False,False,False,,,,,,,,0,flipkart,https://www.flipkart.com/dell-16-intel-core-ultra-x7-14th-gen-358h-32-gb-1-tb-ssd-windows-11-home-da16260-laptop/p/itma4cc6d3045988,2026-09-28T10:45:07.068446+00:00,insufficient_sources
HP,HP EliteBook 840 G11,EliteBook,,,,,,,,,,,,,,,,,,,16,DDR5,,,,,,1024,,,,,14.0,,,,,,,,,,,,,,,,False,False,Windows 11 Home,True,,,,[],,,,False,False,False,2,150499.0,164990.0,14491.0,150499.0,157744.5,164990.0,4,flipkart,https://www.flipkart.com/hp-elitebook-840-g11-intel-core-ultra-7-16-gb-1-tb-ssd-windows-11-home-business-laptop/p/itmce03f0a88af7b,2026-09-28T10:45:07.071360+00:00,valid
Samsung,Samsung Galaxy Book4 Pro 360 Evo AI PC,NP,,2021,Intel,Core Ultra 7 155H,Core Ultra 7,1,,,,,,,,,,,,,16,LPDDR5X,,,,,,512,,,,,16.0,,,,,,,,,,True,,,,,,False,False,Windows 11 Home,True,,,,[],,,,False,False,False,,159999.0,188589.0,28590.0,159999.0,174294.0,188589.0,4,flipkart,https://www.flipkart.com/samsung-galaxy-book4-pro-360-evo-ai-pc-intel-core-ultra-7-155h-16-gb-512-gb-ssd-windows-11-home-np960qgk-kg1in-np960qgk-lg1in-2-1-laptop/p/itm54d1534c14e6f,2026-09-28T10:45:07.074611+00:00,valid
ASUS,"ASUS Vivobook 14 Flip OLED with Touch Screen, Metallic Design,",,Vivobook,2026,Intel,Core Ultra 7 256V,Core Ultra 7,2,,,,,,,,,,,,,16,LPDDR5X,,,,,,512,,,,,14.0,,,,,OLED,,,,,True,,,,,,False,False,Windows 11 Home,True,,,,[],,,,False,False,False,,110990.0,118990.0,8000.0,110990.0,114990.0,118990.0,10,flipkart,https://www.flipkart.com/asus-vivobook-14-flip-oled-2026-touch-screen-metallic-design-intel-core-ultra-7-256v-16-gb-512-gb-ssd-windows-11-home-tp3407sa-sg184ws-2-1-laptop/p/itmb193516d88191,2026-09-28T10:45:07.077979+00:00,valid
Dell,DELL,14,,,,,,,,,,,,,,,,,,,16,LPDDR5X,,,,,,512,,,,,14.0,,,,,,,,,,,,,,,,False,False,Windows 11 Home,True,,,,[],,,,False,False,False,,,,,,,,0,flipkart,https://www.flipkart.com/dell-intel-core-ultra-7-16-gb-512-gb-ssd-windows-11-home-14-laptop/p/itmfe8f401cc6837,2026-09-28T10:45:07.082511+00:00,insufficient_sources
HP,HP AI PC,14-gr1023TU,,,Intel,Core Ultra 7 155H,Core Ultra 7,1,,,,,,,,,,,,,16,DDR5,,,,,,512,,,,,14.0,,,,,,,,,,,,,,,,False,False,Windows 11 Home,True,,,,[],,,,False,False,False,,97313.0,99900.0,2587.0,97313.0,98606.5,99900.0,4,flipkart,https://www.flipkart.com/hp-ai-pc-intel-core-ultra-7-155h-16-gb-512-gb-ssd-windows-11-home-14-gr1023tu-thin-light-laptop/p/itm3a3020e1ac05e,2026-09-28T10:45:07.087324+00:00,valid
ASUS,ASUS ROG Zephyrus G16 AI PC,,ROG,2024,Intel,Core Ultra 7 155H,Core Ultra 7,1,,,,,,,,,,,,,16,LPDDR5X,,,,,,1024,,,,,16.0,,,,,,,,,,,,,,,,False,False,Windows 11 Home,True,,,,[],,,,False,False,False,,193975.0,207999.0,14024.0,193975.0,200987.0,207999.0,6,flipkart,https://www.flipkart.com/asus-rog-zephyrus-g16-ai-pc-intel-core-ultra-7-155h-16-gb-1-tb-ssd-windows-11-home-8-gb-graphics-nvidia-geforce-rtx-4060-240-hz-gu605mv-co4711ws-gaming-laptop/p/itmd4dbadae0d71c,2026-09-28T10:45:07.090360+00:00,valid
Lenovo,Lenovo IdeaPad Slim 5 WUXGA IPS,16IMH9,IdeaPad,,Intel,Core Ultra 5 125H,Core Ultra 5,1,,,,,,,,,,,,,16,LPDDR5X,,,,,,1024,,,,,16.0,,,,,IPS,,,,,,,,,,,False,False,Windows 11 Home,True,,,,[],,,,False,False,False,,79890.0,111190.0,31300.0,79890.0,95540.0,111190.0,14,flipkart,https://www.flipkart.com/lenovo-ideapad-slim-5-wuxga-ips-intel-core-ultra-125h-16-gb-1-tb-ssd-windows-11-home-16imh9-thin-light-laptop/p/itm23294734162fe,2026-09-28T10:45:07.093471+00:00,valid
Acer,Acer Swift Lite OLED WUXGA,OLED,Swift,2025,Intel,Core Ultra 5 115U,Core Ultra 5,1,,,,,,,,,,,,,16,LPDDR5,,,,,,512,,,,,14.0,,,,,OLED,,,,,,,,,,,False,False,Windows 11 Home,True,,,,[],,,,False,False,False,,96485.0,115999.0,19514.0,96485.0,106242.0,115999.0,12,flipkart,https://www.flipkart.com/acer-swift-lite-2025-oled-wuxga-intel-core-ultra-5-115u-16-gb-512-gb-ssd-windows-11-home-sfl14-54m-thin-light-laptop/p/itm74374216a5492,2026-09-28T10:45:07.098194+00:00,valid
Samsung,Samsung Galaxy Book6,NP740VJG,,,,,,,,,,,,,,,,,,,16,LPDDR5X,,,,,,1024,,,,,14.0,,,,,,,,,,,,,,,,False,False,Windows 11 Home,True,,,,[],,,,False,False,False,,139990.0,181990.0,42000.0,139990.0,160990.0,181990.0,12,flipkart,https://www.flipkart.com/samsung-galaxy-book6-intel-core-ultra-7-series-3-355-16-gb-1-tb-ssd-windows-11-home-np740vjg-thin-light-laptop/p/itm5648c9a2ec78f,2026-09-28T10:45:07.101816+00:00,valid
Lenovo,Lenovo Chromebook 11IJL9,Chromeboo,,,Intel,Celeron Dual Core N4500,,,,,,,,,,,,,,,4,LPDDR4X,,,,,EMMC,,,,,,11.6,,,,,,,,,,,,,,,,False,False,Chrome OS,False,,,,[],,,,False,False,False,,16990.0,36502.0,19512.0,16990.0,26746.0,36502.0,86,flipkart,https://www.flipkart.com/lenovo-chromebook-11ijl9-intel-celeron-dual-core-n4500-4-gb-64-gb-emmc-storage-chrome-os/p/itmd2a376187074e,2026-09-28T10:45:07.161585+00:00,valid
Dell,DELL 14 Microsoft Office Home 2024,Inspiron,,2024,Qualcomm,Snapdragon X -,Snapdragon X,,,,,,,,,,,,,,16,LPDDR5X,,,,,,512,,,,,14.0,,,,,,,,,,,,,,,,False,False,Windows 11 Home,True,,,,[],,,,False,False,False,,61990.0,87704.0,25714.0,61990.0,74847.0,87704.0,18,flipkart,https://www.flipkart.com/dell-14-microsoft-office-home-2024-snapdragon-x-16-gb-512-gb-ssd-windows-11-home-inspiron-5441-thin-light-laptop/p/itmb16ff5081b580,2026-09-28T10:45:07.166127+00:00,valid
Dell,DELL 15 Microsoft Office Home 2024,Microsoft,,2025,AMD,Ryzen 5 Hexa Core 7530U,Ryzen 5,7,,,,,,,,,,,,,16,DDR4,,,,,,512,,,,,15.6,,,,,,,,,,,,,,,,False,False,Windows 11,True,,,,[],,,,False,False,False,,,,,,,,0,flipkart,https://www.flipkart.com/dell-15-previously-inspiron-2025-microsoft-office-home-2024-amd-ryzen-5-hexa-core-7530u-16-gb-512-gb-ssd-windows-11-home-3535-15dc15255-thin-light-laptop/p/itm672bf7685863c,2026-09-28T10:45:07.170544+00:00,insufficient_sources
Dell,DELL 14 Next Gen AI PC Microsoft Office Home 2024,,,2024,Intel,Core Ultra 5 226V,Core Ultra 5,2,,,,,,,,,,,,,16,LPDDR5X,,,,,,512,,,,,14.0,,,,,,,,,,True,,,,,,False,False,Windows 11,True,,,,[],,,,False,False,False,,91490.0,102656.0,11166.0,91490.0,97073.0,102656.0,16,flipkart,https://www.flipkart.com/dell-14-next-gen-ai-pc-microsoft-office-home-2024-intel-core-ultra-5-226v-16-gb-512-gb-ssd-windows-11-home-db14250-plus-2-1-db04250-thin-light-laptop/p/itmd5a3fea5e96f8,2026-09-28T10:45:07.175011+00:00,valid
Dell,DELL 14,OIN54403001F1RINU1O,,,Intel,Core i3 13th Gen 1305U,Core i3,,,,,,,,,,,,,,8,DDR5,,,,,,512,,,,,14.0,,,,,,,,,,,,,,,,False,False,Windows 11 Home,True,,,,[],,,,False,False,False,,58800.0,66990.0,8190.0,58800.0,62895.0,66990.0,8,flipkart,https://www.flipkart.com/dell-14-intel-core-i3-13th-gen-1305u-8-gb-512-gb-ssd-windows-11-home-oin54403001f1rinu1o-thin-light-laptop/p/itm56bbf62ed4037,2026-09-28T10:45:07.178443+00:00,valid
Dell,DELL PRO 15 DDR5 5600Mhz,DDR5,,2026,Intel,Core 3 14th Gen 100U,,,,,,,,,,,,,,,8,DDR5,5600,5600,,,,512,,,,,15.6,,,,,,,,,,,,,,,,False,False,Windows 11 Pro,True,,,,[],,,,False,False,False,,51790.0,62789.0,10999.0,51790.0,60247.5,69900.0,18,flipkart,https://www.flipkart.com/dell-pro-15-2026-ddr5-5600mhz-i3-14th-gen-intel-core-3-gen-100u-8-gb-512-gb-ssd-windows-11-pro-thin-light-laptop/p/itm51b9615f85177,2026-09-28T10:45:07.182248+00:00,valid
Dell,DELL Inspiron 5440,Intel,Inspiron,2026,Intel,Core 3 14th Gen 100U,,,,,,,,,,,,,,,8,DDR5,,,,,,512,,,,,14.0,,,,,,,,,,,,,,,,False,False,Windows 11 Home,True,,,,[],,,,False,False,False,1,60339.0,65499.0,5160.0,56730.0,62179.09,73990.0,22,flipkart,https://www.flipkart.com/dell-inspiron-5440-2026-i3-14th-gen-intel-core-3-gen-100u-8-gb-512-gb-ssd-windows-11-home-thin-light-laptop/p/itm0587042bee5d3,2026-09-28T10:45:07.205344+00:00,valid
Dell,DELL Inspiron 5440,Intel,Inspiron,2025,Intel,Core i3 13th Gen 1305U,Core i3,,,,,,,,,,,,,,8,DDR5,,,,,,512,,,,,14.0,,,,,,,,,,,,,,,,False,False,Windows 11 Home,True,,,,[],,,,False,False,False,,54990.0,68990.0,14000.0,54990.0,63890.0,73990.0,26,flipkart,https://www.flipkart.com/dell-inspiron-5440-2025-intel-core-i3-13th-gen-1305u-8-gb-512-gb-ssd-windows-11-home-thin-light-laptop/p/itm1dc3eb60c7b18,2026-09-28T10:45:07.322847+00:00,valid
Dell,DELL 15,Intel,,,Intel,Core i5 13th Gen 1334U,Core i5,,,,,,,,,,,,,,16,DDR4,,,,,,512,,,,,15.0,,,,,,,,,,,,,,,,False,False,Windows 11 Home,True,,,,[],,,,False,False,False,,70990.0,71763.0,773.0,70990.0,71376.5,71763.0,16,flipkart,https://www.flipkart.com/dell-15-previously-inspiron-intel-core-i5-13th-gen-1334u-16-gb-512-gb-ssd-windows-11-home-dc15250-db15250-thin-light-laptop/p/itm1e2ed725033ec,2026-09-28T10:45:07.194036+00:00,valid
Dell,DELL 14 Plus Next Gen AI PC Microsoft Office Home 2024,,,2024,Intel,Core Ultra 5 226V,Core Ultra 5,2,,,,,,,,,,,,,16,LPDDR5X,,,,,,512,,,,,14.0,,,,,,,,,,,,,,,,False,False,Windows 11 Home,True,,,,[],,,,False,False,False,,78990.0,98040.0,19050.0,78990.0,88515.0,98040.0,8,flipkart,https://www.flipkart.com/dell-14-plus-next-gen-ai-pc-microsoft-office-home-2024-intel-core-ultra-5-226v-16-gb-512-gb-ssd-windows-11-home-db14250-thin-light-laptop/p/itm35f6fc2e7327a,2026-09-28T10:45:07.199531+00:00,valid
Dell,DELL Vostro,Vostro,Vostro,2021,Intel,Core i3 10th Gen 1005G,Core i3,,,,,,,,,,,,,,8,DDR4,,,,,,256,,,,,15.6,,,,,,,,,,,,,,,,False,False,Windows 11 Home,True,,,,[],,,,False,False,False,,,,,,,,0,flipkart,https://www.flipkart.com/dell-vostro-intel-core-i3-10th-gen-1005g1-8-gb-1-tb-hdd-256-gb-ssd-windows-11-home-3510-x9k0t-thin-light-laptop/p/itm09fe91e610daf,2026-09-28T10:45:07.209366+00:00,insufficient_sources
Dell,DELL 15 Inspiron,DC15250,Inspiron,,Intel,Core 3 100U,,,,,,,,,,,,,,,8,DDR4,,,,,,512,,,,,15.6,,,,,,,,,,,,,,,,False,False,Windows 11 Home,True,,,,[],,,,False,False,False,,57490.0,62500.0,5010.0,57490.0,59465.8,62500.0,20,flipkart,https://www.flipkart.com/dell-15-inspiron-intel-core-3-100u-8-gb-512-gb-ssd-windows-11-home-dc15250-thin-light-laptop/p/itm0261fe56bb112,2026-09-28T10:45:07.212659+00:00,valid
Dell,DELL 14 Plus Microsoft Office Home 2024,D,,2024,Intel,Core Ultra 7 256V,Core Ultra 7,2,,,,,,,,,,,,,16,LPDDR5X,,,,,,512,,,,,14.0,,,,,,,,,,,,,,,,False,False,Windows 11 Home,True,,,,[],,,,False,False,False,,102990.0,116859.0,13869.0,102990.0,109924.5,116859.0,8,flipkart,https://www.flipkart.com/dell-14-plus-microsoft-office-home-2024-intel-core-ultra-7-256v-16-gb-512-gb-ssd-windows-11-home-db14250-thin-light-laptop/p/itm31edf0baad0c4,2026-09-28T10:45:07.218875+00:00,valid
Dell,DELL G15 Microsoft Office Home 2024,,,2024,Intel,Core i5 13th Gen 13450HX,Core i5,13,,,,,,,,,,,,,16,DDR5,,,,,,1024,,,,,15.6,,,,,,,,,,,,,,,,False,False,Windows 11 Home,True,,,,[],,,,False,False,False,,119990.0,130000.0,10010.0,119990.0,124995.0,130000.0,4,flipkart,https://www.flipkart.com/dell-g15-microsoft-office-home-2024-intel-core-i5-13th-gen-13450hx-16-gb-1-tb-ssd-windows-11-home-6-gb-graphics-nvidia-geforce-rtx-3050-120-hz-5530-gaming-laptop/p/itmd1b02da743465,2026-09-28T10:45:07.224739+00:00,valid
Dell,DELL 15,3520,,,Intel,Core i3 12th Gen 1215U,Core i3,,,,,,,,,,,,,,8,DDR4,,,,,,512,,,,,15.6,,,,,,,,,,,,,,,,False,False,Windows 11 Home,True,,,,[],,,,False,False,False,,57990.0,66990.0,9000.0,57990.0,61365.0,66990.0,16,flipkart,https://www.flipkart.com/dell-15-intel-core-i3-12th-gen-1215u-8-gb-512-gb-ssd-windows-11-home-3520-thin-light-laptop/p/itmf0fc8e8bdc072,2026-09-28T10:45:07.228523+00:00,valid
Dell,DELL INSPIRON,Intel,Inspiron,,Intel,Core 3 14th Gen 100U,,,,,,,,,,,,,,,8,DDR5,,,,,HDD,512,,,,,15.6,,,,,,,,,,,,,,,,False,False,Windows 11 Home,True,,,,[],,,,False,False,False,,58800.0,77990.0,19190.0,54507.0,65188.93,77990.0,14,flipkart,https://www.flipkart.com/dell-inspiron-i3-14th-gen-intel-core-3-gen-100u-8-gb-512-gb-hdd-512-ssd-windows-11-home-5440-laptop/p/itmb7bfef6adb4c3,2026-09-28T11:24:36.884862+00:00,valid
Dell,DELL G15,,,,Intel,Core i5 13th Gen 13450HX,Core i5,13,,,,,,,,,,,,,16,DDR5,,,,,,512,,,,,15.6,,,,,,,,,,,,,,,,False,False,Windows 11 Home,True,,,,[],,,,False,False,False,,102990.0,119900.0,16910.0,102990.0,111445.0,119900.0,4,flipkart,https://www.flipkart.com/dell-g15-5530-intel-core-i5-13th-gen-13450hx-16-gb-512-gb-ssd-windows-11-home-6-graphics-nvidia-geforce-rtx-3050-120-hz-gaming-laptop/p/itm2af1ddd730862,2026-09-28T11:06:04.575431+00:00,valid
Dell,DELL Inspiron 15 Microsoft Office Home 2024,Microsoft,Inspiron,2026,Intel,Core i5 13th Gen 1334U,Core i5,,,,,,,,,,,,,,8,DDR4,,,,,,512,,,,,15.6,,,,,,,,,,,,,,,,False,False,Windows 11,True,,,,[],,,,False,False,False,,66990.0,69990.0,3000.0,66990.0,68490.0,69990.0,16,flipkart,https://www.flipkart.com/dell-inspiron-15-2026-microsoft-office-home-2024-intel-core-i5-13th-gen-1334u-8-gb-512-gb-ssd-windows-11-home-3530-dc-15250-thin-light-laptop/p/itm2878edc74d8e4,2026-09-28T10:45:07.251876+00:00,valid
Dell,DELL 14 Microsoft Office Home 2024,DB0425,,2024,Intel,Core Ultra 7 256V,Core Ultra 7,2,,,,,,,,,,,,,16,LPDDR5X,,,,,,512,,,,,14.0,,,,,,,,,,True,,,,,,False,False,Windows 11 Home,True,,,,[],,,,False,False,False,,,,,,,,0,flipkart,https://www.flipkart.com/dell-14-microsoft-office-home-2024-intel-core-ultra-7-256v-16-gb-512-gb-ssd-windows-11-home-db04250-2-1-laptop/p/itmad82e5bcc1ea9,2026-09-28T10:45:07.303590+00:00,insufficient_sources
Dell,DELL Inspiron 5440,Intel,Inspiron,2026,Intel,Core 3 14th Gen 100U,,,,,,,,,,,,,,,16,DDR5,,,,,,512,,,,,14.0,,,,,,,,,,,,,,,,False,False,Windows 11 Pro,True,,,,[],,,,False,False,False,,64890.0,79900.0,15010.0,64890.0,72395.0,79900.0,6,flipkart,https://www.flipkart.com/dell-inspiron-5440-2026-i3-14th-gen-intel-core-3-gen-100u-16-gb-512-gb-ssd-windows-11-pro-thin-light-laptop/p/itm2e51b5c320312,2026-09-28T10:45:07.307546+00:00,valid
Dell,DELL 14 Plus series,ODB14255507,,2024,AMD,Ryzen AI 5 Hexa Core AI 5 340 -,Ryzen AI,,,,,,,,,,,,,,16,LPDDR5X,,,,,,512,,,,,14.0,,,,,,,,,,,,,,,,False,False,Windows 11 Home,True,,,,[],,,,False,False,False,1,74990.0,98990.0,24000.0,74990.0,86990.0,98990.0,12,flipkart,https://www.flipkart.com/dell-14-plus-series-amd-ryzen-ai-5-hexa-core-340-16-gb-512-gb-ssd-windows-11-home-odb1425550701rinu1-thin-light-laptop/p/itm7a3471c3fcd36,2026-09-28T10:45:07.311113+00:00,valid
Dell,DELL Inspiron,3530,Inspiron,,Intel,Core i5 13th Gen 1334U,Core i5,,,,,,,,,,,,,,8,DDR4,,,,,,512,,,,,15.6,,,,,,,,,,,,,,,,False,False,Windows 11 Home,True,,,,[],,,,False,False,False,,66990.0,69990.0,3000.0,64522.0,67913.5,69999.0,18,flipkart,https://www.flipkart.com/dell-inspiron-intel-core-i5-13th-gen-1334u-8-gb-512-gb-ssd-windows-11-home-3530-thin-light-laptop/p/itm3d8252f6a031d,2026-09-28T10:45:07.326168+00:00,valid
Dell,DELL,3530,,,,,,,,,,,,,,,,,,,8,DDR4,,,,,,512,,,,,15.6,,,,,,,,,,,,,,,,False,False,Windows 11 Home,True,,,,[],,,,False,False,False,,55990.0,59990.0,4000.0,55990.0,57990.0,59990.0,2,flipkart,https://www.flipkart.com/dell-intel-core-i3-13th-gen-8-gb-512-gb-ssd-windows-11-home-3530-thin-light-laptop/p/itme37811760d94c,2026-09-28T10:45:07.341417+00:00,valid
Dell,DELL Inspiron 5440,Intel,Inspiron,2025,Intel,Core i3 13th Gen 1305U,Core i3,,,,,,,,,,,,,,16,DDR5,,,,,,512,,,,,14.0,,,,,,,,,,,,,,,,False,False,Windows 11 Home,True,,,,[],,,,False,False,False,,67560.0,78980.0,11420.0,67560.0,73270.0,78980.0,12,flipkart,https://www.flipkart.com/dell-inspiron-5440-2025-intel-core-i3-13th-gen-1305u-16-gb-512-gb-ssd-windows-11-home-thin-light-laptop/p/itmedd3b1335552d,2026-09-28T10:45:07.345022+00:00,valid
Dell,DELL 15 Inspiron,DC15250,Inspiron,2024,,,,,,,,,,,,,,,,,16,DDR4,,,,,,512,,,,,15.6,,,,,,,,,,,,,,,,False,False,Windows 11 Home,True,,,,[],,,,False,False,False,,61990.0,65990.0,4000.0,61990.0,63990.0,65990.0,2,flipkart,https://www.flipkart.com/dell-15-inspiron-intel-core-3-16-gb-512-gb-ssd-windows-11-home-dc15250-thin-light-laptop/p/itm7e498a75536a6,2026-09-28T10:45:07.350612+00:00,valid
Dell,DELL 16 14 Microsoft Office Home 2024,,,2024,AMD,Ryzen AI 5 Hexa Core 340 AI -,Ryzen AI,,,,,,,,,,,,,,16,LPDDR5X,,,,,,512,,,,,16.0,,,,,,,,,,,,,,,,False,False,Windows 11,True,,,,[],,,,False,False,False,,96990.0,112388.0,15398.0,96990.0,104689.0,112388.0,6,flipkart,https://www.flipkart.com/dell-16-14-microsoft-office-home-2024-amd-ryzen-ai-5-hexa-core-340-16-gb-512-gb-ssd-windows-11-home-db16255-laptop/p/itmb43fb45c2abbb,2026-09-28T10:45:07.353991+00:00,valid
Dell,DELL Inspiron MSO '2024,Inspiron,Inspiron,2024,Intel,Core i3 13th Gen 1305U,Core i3,,,,,,,,,,,,,,8,DDR4,,,,,,512,,,,,15.6,,,,,,,,,,,,,,,,False,False,Windows 11 Home,True,,,,[],,,,False,False,False,,59481.0,69990.0,10509.0,59481.0,63208.5,69990.0,20,flipkart,https://www.flipkart.com/dell-inspiron-mso-2024-intel-core-i3-13th-gen-1305u-8-gb-512-gb-ssd-windows-11-home-3530-thin-light-laptop/p/itm56b02a3274b1b,2026-09-28T11:05:46.675256+00:00,valid
Dell,DELL Dell Pro 15 Essential PV15250,Pro,,,Intel,Core i5 13th Gen 1334U,Core i5,,,,,,,,,,,,,,8,DDR5,,,,,,512,,,,,15.6,,,,,,,,,,,,,,,,False,False,Linux,False,,,,[],,,,False,False,False,1,64990.0,84999.0,20009.0,64990.0,74994.5,84999.0,4,flipkart,https://www.flipkart.com/dell-pro-15-essential-pv15250-intel-core-i5-13th-gen-1334u-8-gb-512-gb-ssd-ubuntu-business-laptop/p/itm3bec9eaacc0fd,2026-09-28T10:45:07.364257+00:00,valid
Dell,DELL,New,,,Intel,Core i5 12th Gen 1235U,Core i5,,10,,,4.4,,,,,,,,,8,DDR4,,,,,,512,,,,,14.96,,,,,,120,,,250.0,,,,,,,False,False,Windows 11 Home,True,,,,[],,,,False,False,False,,68990.0,70000.0,1010.0,68990.0,69495.0,70000.0,2,flipkart,https://www.flipkart.com/dell-intel-core-i5-12th-gen-1235u-8-gb-512-gb-ssd-windows-11-home-new-inspiron-15-laptop-thin-light/p/itmbb62f4fcc7145,2026-09-28T10:45:07.368505+00:00,valid
Dell,DELL 15 Microsoft Office Home 2024,Microsoft,,2025,,,,,,,,,,,,,,,,,16,DDR4,,,,,,512,,,,,15.6,,,,,,,,,,,,,,,,False,False,Windows 11 Home,True,,,,[],,,,False,False,False,,74561.0,79990.0,5429.0,74561.0,77275.5,79990.0,2,flipkart,https://www.flipkart.com/dell-15-2025-microsoft-office-home-2024-intel-core-i5-13th-gen-16-gb-512-gb-ssd-windows-11-home-vostro-3530-rpl-thin-light-laptop/p/itm131ebb1b7cdce,2026-09-28T10:45:07.372475+00:00,valid
Dell,DELL Alienware 15,,Alienware,,Intel,Core 7 240H,,,,,,,,,,,,,,,16,DDR5,,,,,,512,,,,,15.3,,,,,,,,,,,,,,,,False,False,Windows 11 Home,True,,,,[],,,,False,False,False,,169990.0,210649.0,40659.0,159990.0,187242.0,210649.0,24,flipkart,https://www.flipkart.com/dell-alienware-15-intel-core-7-240h-16-gb-512-gb-ssd-windows-11-home-8-graphics-nvidia-geforce-rtx-5060-165-hz-can15260cto06mino-gaming-laptop/p/itmbf3201918dfac,2026-09-28T10:45:07.385566+00:00,valid
Dell,DELL 15,3530,,,Intel,Core i7 13th Gen 1355U,Core i7,,,,,,,,,,,,,,16,DDR4,,,,,,512,,,,,15.6,,,,,,,,,,,,,,,,False,False,Windows 11 Home,True,,,,[],,,,False,False,False,,92990.0,95990.0,3000.0,92990.0,94490.0,95990.0,10,flipkart,https://www.flipkart.com/dell-15-intel-core-i7-13th-gen-1355u-16-gb-512-gb-ssd-windows-11-home-3530-thin-light-laptop/p/itm836637f91bd3b,2026-09-28T10:45:07.388735+00:00,valid
Dell,DELL 14,Intel,,,Intel,Core 3 100U,,,,,,,,,,,,,,,8,DDR5,,,,,,512,,,,,14.0,,,,,,,,,,,,,,,,False,False,Windows 11 Home,True,,,,[],,,,False,False,False,,69990.0,84400.0,14410.0,69990.0,77195.0,84400.0,6,flipkart,https://www.flipkart.com/dell-14-i3-14th-gen-intel-core-3-100u-8-gb-512-gb-ssd-windows-11-home-dc14250-laptop/p/itm5128ca808c1ea,2026-09-28T10:45:07.455733+00:00,valid
Dell,DELL 15,DC15255,,2024,AMD,Ryzen 3 Quad Core 7320U,Ryzen 3,7,,,,,,,,,,,,,8,LPDDR5,,,,,,512,,,,,15.6,,,,,,,,,,,,,,,,False,False,Windows 11 Home,True,,,,[],,,,False,False,False,,,,,,,,0,flipkart,https://www.flipkart.com/dell-15-amd-ryzen-3-quad-core-7320u-8-gb-512-gb-ssd-windows-11-home-dc15255-thin-light-laptop/p/itm0b7032798dc6f,2026-09-28T10:45:07.460742+00:00,insufficient_sources
Dell,DELL 14,Intel,,,Intel,Core 7 240H,,,,,,,,,,,,,,,16,LPDDR5X,,,,,,512,,,,,14.0,,,,,,,,,,,,,,,,False,False,Windows 11 Home,True,,,,[],,,,False,False,False,,,,,,,,0,flipkart,https://www.flipkart.com/dell-14-i7-14th-gen-intel-core-7-240h-16-gb-512-gb-ssd-windows-11-home-7440-thin-light-laptop/p/itm85ac1913cc276,2026-09-28T10:45:07.467048+00:00,insufficient_sources
Dell,DELL Inspiron MSO 2024,Inspiron,Inspiron,2024,Intel,Core i5 13th Gen 1334U,Core i5,,,,,,,,,,,,,,16,DDR4,,,,,,512,,,,,15.6,,,,,,,,,,,,,,,,False,False,Windows 11 Home,True,,,,[],,,,False,False,False,,71137.0,98999.0,27862.0,71137.0,85068.0,98999.0,14,flipkart,https://www.flipkart.com/dell-inspiron-mso-2024-intel-core-i5-13th-gen-1334u-16-gb-512-gb-ssd-windows-11-home-3530-thin-light-laptop/p/itm56b02a3274b1b,2026-09-28T10:45:07.477427+00:00,valid
Dell,DELL Alienware 16 Aurora Microsoft Office Home 2024,Microsoft,Alienware,2024,Intel,Core 7 240H,,,,,,,,,,,,,,,16,DDR5,,,,,,1024,,,,,16.0,,,,,,,,,,,,,,,,False,False,Windows 11,True,,,,[],,,,False,False,False,,191990.0,194781.0,2791.0,191990.0,193385.5,194781.0,2,flipkart,https://www.flipkart.com/dell-alienware-16-aurora-i7-14th-gen-microsoft-office-home-2024-intel-core-7-240h-16-gb-1-tb-ssd-windows-11-home-8-gb-graphics-nvidia-geforce-rtx-5050-ac-16250-gaming-laptop/p/itm656eae0ef1b7d,2026-09-28T11:07:34.446963+00:00,valid
Dell,DELL Inspiron 15 MSO'24,15,Inspiron,,Intel,Core i5 13th Gen 1334U,Core i5,,,,,,,,,,,,,,16,DDR4,,,,,,1024,,,,,15.0,,,,,,,,,,,,,,,,False,False,Windows 11 Home,True,,,,[],,,,False,False,False,,86763.0,95900.0,9137.0,86763.0,91331.5,95900.0,6,flipkart,https://www.flipkart.com/dell-inspiron-15-mso-24-intel-core-i5-13th-gen-1334u-16-gb-1-tb-ssd-windows-11-home-dc15250-thin-light-laptop/p/itm2f6e458597bec,2026-09-28T10:45:07.487396+00:00,valid
Dell,DELL inspiron 15,Inspiron,Inspiron,,AMD,Ryzen 5 Quad Core 7520U,Ryzen 5,7,,,,,,,,,,,,,8,LPDDR5,,,,,,512,,,,,15.6,,,,,,,,,,,,,,,,False,False,Windows 11 Home,True,,,,[],,,,False,False,False,,54559.0,65800.0,11241.0,54559.0,60179.5,65800.0,4,flipkart,https://www.flipkart.com/dell-inspiron-15-amd-ryzen-5-quad-core-7520u-8-gb-512-gb-ssd-windows-11-home-3535-laptop/p/itmf8176c4bff1f7,2026-09-28T10:45:07.491494+00:00,valid
Dell,DELL Inspiron 15,3530,Inspiron,,Intel,Core i5 1334U,Core i5,,,,,,,,,,,,,,16,DDR4,,,,,,512,,,,,15.6,,,,,,,,,,,,,,,,False,False,Windows 11 Home,True,,,,[],,,,False,False,False,,71990.0,79990.0,8000.0,71990.0,75990.0,79990.0,10,flipkart,https://www.flipkart.com/dell-inspiron-15-intel-core-i5-1334u-16-gb-512-gb-ssd-windows-11-home-3530-thin-light-laptop/p/itmd9735b628eb7e,2026-09-28T10:45:07.494573+00:00,valid
Dell,DELL Inspiron 3530,Inspiron,Inspiron,,Intel,Core i7 13th Gen 1355U,Core i7,,,,,,,,,,,,,,16,DDR4,,,,,,512,,,,,15.6,,,,,,,,,,,,,,,,False,False,Windows 11 Home,True,,,,[],,,,False,False,False,,93500.0,99999.0,6499.0,93500.0,96749.5,99999.0,8,flipkart,https://www.flipkart.com/dell-inspiron-3530-intel-core-i7-13th-gen-1355u-16-gb-512-gb-ssd-windows-11-home-thin-light-laptop/p/itm1e8ad2b18043a,2026-09-28T10:45:07.500115+00:00,valid
Dell,DELL 3 Years Warranty Vostro 3530,Intel,Vostro,2025,Intel,Core i5 13th Gen 1334U,Core i5,,,,,,,,,,,,,,16,DDR4,,,,,,512,,,,,15.6,,,,,,,,,,,,,,,,False,False,Windows 11 Home,True,,,,[],,,,False,False,False,,72890.0,99999.0,27109.0,72890.0,86444.5,99999.0,6,flipkart,https://www.flipkart.com/dell-3-years-warranty-vostro-3530-2025-intel-core-i5-13th-gen-1334u-16-gb-512-gb-ssd-windows-11-home-thin-light-laptop/p/itme2b49092541f0,2026-09-28T10:45:07.503607+00:00,valid
Dell,DELL Inspiron,Inspiron,Inspiron,,Intel,Core i5 11th Gen 11300H,Core i5,11,,,,,,,,,,,,,16,DDR4,,,,,,512,,,,,15.6,,,,,,,,,,,,,,,,False,False,Windows 10,True,,,,[],,,,False,False,False,,69990.0,81872.0,11882.0,69990.0,75931.0,81872.0,8,flipkart,https://www.flipkart.com/dell-inspiron-intel-core-i5-11th-gen-11300h-16-gb-512-gb-ssd-windows-10-2-graphics-5518-thin-light-laptop/p/itm1e9b014e322b6,2026-09-28T10:45:07.506890+00:00,valid
Dell,DELL Inspiron 15 3530,IN3530RW8JY001ORS1,Inspiron,,,,,,,,,,,,,,,,,,8,DDR4,,,,,,1024,,,,,15.6,,,,,,,,,,,,,,,,False,False,Windows 11 Home,True,,,,[],,,,False,False,False,,74990.0,90000.0,15010.0,74990.0,82495.0,90000.0,2,flipkart,https://www.flipkart.com/dell-inspiron-15-3530-intel-core-i5-13th-gen-8-gb-1-tb-ssd-windows-11-home-in3530rw8jy001ors1-thin-light-laptop/p/itm1e8ad2b18043a,2026-09-28T10:45:07.510565+00:00,valid
Dell,"DELL Inspiron 15 with Backlit Keyboard,",,Inspiron,,Intel,Core i5 13th Gen 1334U,Core i5,,,,,,,,,,,,,,16,DDR4,,,,,,512,,,,,15.6,,,,,,,,,,,,,,,,False,False,Windows 11,True,,,,[],Backlit Keyboard,,,False,False,False,,71990.0,74990.0,3000.0,71990.0,73490.0,74990.0,8,flipkart,https://www.flipkart.com/dell-inspiron-15-backlit-keyboard-intel-core-i5-13th-gen-1334u-16-gb-512-gb-ssd-windows-11-home-dc15250-thin-light-laptop/p/itm23d84e15561c4,2026-09-28T10:45:07.519672+00:00,valid
Dell,DELL Inspiron 3520,Inspiron,Inspiron,,Intel,Core i5 12th Gen 1235U,Core i5,,,,,,,,,,,,,,8,DDR4,,,,,,512,,,,,15.6,,,,,,,,,,,,,,,,False,False,Windows 11 Home,True,,,,[],,,,False,False,False,,65900.0,69900.0,4000.0,65900.0,67900.0,69900.0,10,flipkart,https://www.flipkart.com/dell-inspiron-3520-intel-core-i5-12th-gen-1235u-8-gb-512-gb-ssd-windows-11-home-thin-light-laptop/p/itm4859affe88b94,2026-09-28T10:45:07.522516+00:00,valid
Dell,DELL Inspiron 15 With MSO'2024 & Backlit KB,,Inspiron,2024,Intel,Core i5 13th Gen 1334U,Core i5,,,,,,,,,,,,,,16,DDR4,,,,,,1024,,,,,15.6,,,,,,,,,,,,,,,,False,False,Windows 11,True,,,,[],,,,False,False,False,,79990.0,92863.0,12873.0,79990.0,86426.5,92863.0,6,flipkart,https://www.flipkart.com/dell-inspiron-15-mso-2024-backlit-kb-intel-core-i5-13th-gen-1334u-16-gb-1-tb-ssd-windows-11-home-dc15250-thin-light-laptop/p/itm23d84e15561c4,2026-09-28T10:45:07.525511+00:00,valid
Dell,DELL Inspiron 5370,,Inspiron,,Intel,Core i7 8th Gen 8550U,Core i7,,,,,,,,,,,,,,8,DDR4,,,,,,256,,,,,13.3,,,,,,,,,,,,,,,,False,False,Windows 11 Home,True,,,,[],,,,False,False,False,,,,,,,,0,flipkart,https://www.flipkart.com/dell-inspiron-5370-intel-core-i7-8th-gen-8550u-8-gb-256-gb-ssd-windows-11-home-4-graphics-amd-radeon-530-f5yx0-gaming-laptop/p/itmb11f42ce532c5,2026-09-28T10:45:07.528631+00:00,insufficient_sources
Dell,DELL,G,,,,,,,,,,,NVIDIA,NVIDIA GeForce RTX 3050,Discrete,,,,,,16,DDR5,,,,,,1024,,,,,15.6,,,,,,,,,,,,,,,,False,False,Windows 11 Home,True,,,,[],,,,False,False,False,,124990.0,140000.0,15010.0,124990.0,132495.0,140000.0,2,flipkart,https://www.flipkart.com/dell-intel-core-i5-13th-gen-16-gb-1-tb-ssd-windows-11-home-6-gb-graphics-nvidia-geforce-rtx-3050-g15-5530-gaming-laptop/p/itme3ae9f2792f1a,2026-09-28T10:45:07.535263+00:00,valid
Dell,DELL 14,7441,,,Qualcomm,Snapdragon X Plus -,Snapdragon X,,,,,,,,,,,,,,16,LPDDR5,,,,,,512,,,,,14.0,,,,,,,,,,True,,,,,,False,False,Windows 11 Home,True,,,,[],,,,False,False,False,,99990.0,139900.0,39910.0,99990.0,119945.0,139900.0,2,flipkart,https://www.flipkart.com/dell-14-snapdragon-x-plus-16-gb-512-gb-ssd-windows-11-home-7441-thin-light-laptop/p/itm780e8d95f98e7,2026-09-28T10:45:07.538652+00:00,valid
Lenovo,Lenovo Legion 5 WQXGA OLED,WQXGA,Legion,2026,,,,,,,,,,,,,,,,,16,DDR5,,,,,,512,,,,,15.3,,,,,OLED,,,,,,,,,,,False,False,Windows 11 Home,True,,,,[],,,,False,False,False,,239490.0,377890.0,138400.0,239490.0,308690.0,377890.0,4,flipkart,https://www.flipkart.com/lenovo-legion-5-2026-wqxga-oled-amd-ryzen-7-octa-core-250-16-gb-512-gb-ssd-windows-11-home-8-graphics-nvidia-geforce-rtx-5060-15ahp11-gaming-laptop/p/itm36608ea14a70c,2026-09-28T10:45:07.601055+00:00,valid
MSI,MSI GL Series,,,,Intel,Core i5 8th Gen 8300H,Core i5,,,,,,,,,,,,,,8,DDR4,,,,,,,,,,,15.6,,,,,,,,,,,,,,,,False,False,Windows 10,True,,,,[],,,,False,False,False,,,,,,,,0,flipkart,https://www.flipkart.com/msi-gl-series-intel-core-i5-8th-gen-8300h-8-gb-1-tb-hdd-windows-10-home-4-gb-graphics-nvidia-geforce-gtx-1050-gl63-8rc-gaming-laptop/p/itmd50583b28d775,2026-09-28T10:45:07.612155+00:00,insufficient_sources
MSI,MSI Thin 15,,,,Intel,Core i5 12th Gen 12450H,Core i5,12,,,,,,,,,,,,,8,DDR4,,,,,,512,,,,,15.6,,,,,,,,,,,,,,,,False,False,Windows 11 Home,True,,,,[],,,,False,False,False,,,,,,,,0,flipkart,https://www.flipkart.com/msi-thin-15-intel-core-i5-12th-gen-12450h-8-gb-512-gb-ssd-windows-11-home-4-graphics-nvidia-geforce-rtx-2050-144-hz-45-w-b12ucx-1696in-gaming-laptop/p/itmc1581367ea4e2,2026-09-28T10:45:07.620946+00:00,insufficient_sources
HP,HP Victus,Intel,Victus,2024,Intel,Core 5 210H,,,,,,,,,,,,,,,24,DDR5,,,,,,512,,,,,15.6,,,,,,,,,,,,,,,,False,False,Windows 11 Home,True,,,,[],,,,False,False,False,,92990.0,147674.0,54684.0,92990.0,120332.0,147674.0,28,flipkart,https://www.flipkart.com/hp-victus-i5-14th-gen-intel-core-5-210h-24-gb-512-gb-ssd-windows-11-home-4-graphics-nvidia-geforce-rtx-3050-15-fa2500tx-15-fa2497tx-gaming-laptop/p/itm4ee921f6132cd,2026-09-28T10:45:07.624565+00:00,valid
Acer,Acer Aspire 7,,Aspire,,Intel,Core 5 210H,,,,,,,,,,,,,,,16,DDR4,,,,,,512,,,,,15.6,,,,,,,,,,,,,,,,False,False,Windows 11 Home,True,,,,[],,,,False,False,False,,87824.0,165990.0,78166.0,87824.0,126907.0,165990.0,20,flipkart,https://www.flipkart.com/acer-aspire-7-intel-core-5-210h-16-gb-512-gb-ssd-windows-11-home-4-graphics-nvidia-geforce-rtx-3050-a715-79g-gaming-laptop/p/itm16e348955bedb,2026-09-28T10:45:07.633643+00:00,valid
HP,HP Victus,,Victus,2024,Intel,Core i5 14th Gen 14450HX,Core i5,14,,,,,,,,,,,,,16,DDR5,,,,,,512,,,,,16.1,,,,,,,,,,,,,,,,False,False,Windows 11 Home,True,,,,[],,,,False,False,False,,112853.0,130958.0,18105.0,112853.0,121905.5,130958.0,20,flipkart,https://www.flipkart.com/hp-victus-intel-core-i5-14th-gen-14450hx-16-gb-512-gb-ssd-windows-11-home-6-graphics-nvidia-geforce-rtx-3050-144-hz-16-r1707tx-16-r1705tx-16-r1703tx-gaming-laptop/p/itm63eabe025aaaa,2026-09-28T10:45:07.637444+00:00,valid
ASUS,"ASUS Gaming V16 for Creator with Office 2024 + M365 Basic*, AI PC",for,,2025,Intel,Core 7 240,,,,,,,,,,,,,,,16,DDR5,,,,,,512,,,,,16.0,,,,,,,,,,,,,,,,False,False,Windows 11 Home,True,,,,[],,,,False,False,False,,99990.0,137990.0,38000.0,99990.0,122990.0,149990.0,22,flipkart,https://www.flipkart.com/asus-gaming-v16-2025-creator-office-2024-m365-basic-ai-pc-i7-14th-gen-intel-core-7-240h-16-gb-512-gb-ssd-windows-11-home-8-graphics-nvidia-geforce-rtx-5050-144-hz-v3607vh-rp038ws-laptop/p/itmd370afa37c2f5,2026-09-28T10:45:07.642011+00:00,valid
MSI,MSI Bravo,,,,AMD,Ryzen 5 Hexa Core 5600H,Ryzen 5,5,,,,,,,,,,,,,8,DDR4,,,,,,512,,,,,15.6,,,,,,,,,,,,,,,,False,False,Windows 10,True,,,,[],,,,False,False,False,,,,,,,,0,flipkart,https://www.flipkart.com/msi-bravo-amd-ryzen-5-hexa-core-5600h-8-gb-512-gb-ssd-windows-10-home-4-graphics-amd-radeon-rx5500m-144-hz-15-b5dd-043in-gaming-laptop/p/itm88ba3661546df,2026-09-28T10:45:07.645290+00:00,insufficient_sources
HP,HP victus,,Victus,,AMD,Ryzen 5 Hexa Core 5600H,Ryzen 5,5,,,,,,,,,,,,,8,DDR4,,,,,,512,,,,,16.1,,,,,,,,,,,,,,,,False,False,Windows 10,True,,,,[],,,,False,False,False,,74547.0,85900.0,11353.0,74547.0,80223.5,85900.0,16,flipkart,https://www.flipkart.com/hp-victus-amd-ryzen-5-hexa-core-5600h-8-gb-512-gb-ssd-windows-10-home-4-graphics-nvidia-geforce-gtx-nvidia-16-e0075ax-gaming-laptop/p/itm08528d71de97a,2026-09-28T10:45:07.690184+00:00,valid
Acer,Acer Predator Helios Neo 16,,Predator,,Intel,Core i7 13th Gen 13700HX,Core i7,13,,,,,,,,,,,,,16,DDR5,,,,,,1024,,,,,16.0,,,,,,,,,,,,,,,,False,False,Windows 11 Home,True,,,,[],,,,False,False,False,,,,,,,,0,flipkart,https://www.flipkart.com/acer-predator-helios-neo-16-intel-core-i7-13th-gen-13700hx-16-gb-1-tb-ssd-windows-11-home-6-gb-graphics-nvidia-geforce-rtx-4050-165-hz-140-w-phn16-71-757p-gaming-laptop/p/itm4295aa0d4297e,2026-09-28T10:45:07.693586+00:00,insufficient_sources
HP,HP Victus,Intel,Victus,2024,Intel,Core 5 210,,,,,,,,,,,,,,,16,DDR4,,,,,,512,,,,,15.6,,,,,,,,,,,,,,,,False,False,Windows 11 Home,True,,,,[],,,,False,False,False,,,,,,,,0,flipkart,https://www.flipkart.com/hp-victus-i5-14th-gen-intel-core-5-210-h-16-gb-512-gb-ssd-windows-11-home-6-graphics-nvidia-geforce-rtx-4050-15-fa2203tx-gaming-laptop/p/itm65704ff158138,2026-09-28T10:45:07.698468+00:00,insufficient_sources
HP,HP OMEN,Intel,Omen,2024,Intel,Core 7 240H,,,,,,,,,,,,,,,24,DDR5,,,,,,1024,,,,,16.0,,,,,,,,,,,,,,,,False,False,Windows 11 Home,True,,,,[],,,,False,False,False,,,,,,,,0,flipkart,https://www.flipkart.com/hp-omen-i7-14th-gen-intel-core-7-240h-24-gb-1-tb-ssd-windows-11-home-8-gb-graphics-nvidia-geforce-rtx-5050-16-am0277tx-gaming-laptop/p/itm8240637ba90b5,2026-09-28T10:45:07.705517+00:00,insufficient_sources
MSI,MSI Thin 15,,,,Intel,Core i5 13th Gen 13420H,Core i5,13,,,,,,,,,,,,,16,DDR4,,,,,,512,,,,,15.6,,,,,,,,,,,,,,,,False,False,Windows 11 Home,True,,,,[],,,,False,False,False,,98645.0,99900.0,1255.0,93234.0,97860.85,99900.0,20,flipkart,https://www.flipkart.com/msi-thin-15-intel-core-i5-13th-gen-13420h-16-gb-512-gb-ssd-windows-11-home-6-graphics-nvidia-geforce-rtx-3050-144-hz-b13udx-129in-b13udx-3223in-gaming-laptop/p/itmd0e88a93d7711,2026-09-28T10:45:07.709682+00:00,valid
ASUS,ASUS Vivobook 16X with Office 2024 + M365 Basic*,,Vivobook,2025,Intel,Core i5 13th Gen 13420H,Core i5,13,,,,,,,,,,,,,16,DDR4,,,,,,512,,,,,16.0,,,,,,,,,,,,,,,,False,False,Windows 11 Home,True,,,,[],,,,False,False,False,,93207.0,98900.0,5693.0,93207.0,96053.5,98900.0,12,flipkart,https://www.flipkart.com/asus-vivobook-16x-2025-office-2024-m365-basic-intel-core-i5-13th-gen-13420h-16-gb-512-gb-ssd-windows-11-home-4-graphics-nvidia-geforce-rtx-3050-144-hz-k3605vc-rp412ws-gaming-laptop/p/itm9e70454315f97,2026-09-28T10:45:07.716185+00:00,valid
ASUS,ASUS TUF Gaming F16 with MSO 2024+M365 Basic,,TUF Gaming,2025,,,,,,,,,,,,,,,,,16,DDR5,,,,,,512,,,,,16.0,,,,,,,,,,,,,,,,False,False,Windows 11 Home,True,,,,[],,,,False,False,False,,74990.0,91990.0,17000.0,74990.0,83490.0,91990.0,2,flipkart,https://www.flipkart.com/asus-tuf-gaming-f16-2025-mso-2024-m365-basic-i5-14th-gen-intel-core-5-16-gb-512-gb-ssd-windows-11-home-6-graphics-nvidia-geforce-rtx-3050-144-hz-fx607vjb-rl179ws-laptop/p/itmc80d5869a7145,2026-09-28T10:45:07.720375+00:00,valid
Lenovo,Lenovo LOQ,,LOQ,2021,Intel,Core i5 12th Gen 12450HX,Core i5,12,,,,,,,,,,,,,12,DDR5,,,,,,512,,,,,15.6,,,,,,,,,,,,,,,,False,False,Windows 11 Home,True,,,,[],,,,False,False,False,,98990.0,105000.0,6010.0,98990.0,101995.0,105000.0,10,flipkart,https://www.flipkart.com/lenovo-loq-intel-core-i5-12th-gen-12450hx-12-gb-512-gb-ssd-windows-11-home-4-graphics-nvidia-geforce-rtx-2050-144-hz-65-w-15iax9d1-gaming-laptop/p/itm4a19730d181b4,2026-09-28T10:47:58.766867+00:00,valid
Lenovo,Lenovo LOQe,,,2024,AMD,Ryzen 5 Hexa Core 7535HS,Ryzen 5,7,,,,,,,,,,,,,16,DDR5,,,,,,512,,,,,15.6,,,,,,,,,,,,,,,,False,False,Windows 11 Home,True,,,,[],,,,False,False,False,,99990.0,153590.0,53600.0,99990.0,126790.0,153590.0,16,flipkart,https://www.flipkart.com/lenovo-loqe-amd-ryzen-5-hexa-core-7535hs-16-gb-512-gb-ssd-windows-11-home-6-graphics-nvidia-geforce-rtx-3050-144-hz-loq-15arp10e-gaming-laptop/p/itm91800a4606ea7,2026-09-28T10:45:07.726383+00:00,valid
Acer,Acer NITRO V 16S,Intel,Nitro,,Intel,Core 5 210H,,,,,,,,,,,,,,,16,DDR5,,,,,,512,,,,,16.0,,,,,,,,,,,,,,,,False,False,Windows 11 Home,True,,,,[],,,,False,False,False,1,,,,,,,0,flipkart,https://www.flipkart.com/acer-nitro-v-16s-i5-14th-gen-intel-core-5-210h-16-gb-512-gb-ssd-windows-11-home-8-graphics-nvidia-geforce-rtx-nvidia-5050-180-hz-anv16s-71-gaming-laptop/p/itm3b37af3ef698e,2026-09-28T10:45:07.729315+00:00,insufficient_sources
Lenovo,Lenovo Legion 7 WQXGA OLED,,Legion,2024,Intel,Core Ultra 9 275HX,Core Ultra 9,1,,,,,,,,,,,,,32,DDR5,,,,,,1024,,,,,16.0,,,,,OLED,,,,,,,,,,,False,False,Windows 11 Home,True,,,,[],,,,False,False,False,,253490.0,286190.0,32700.0,253490.0,269840.0,286190.0,14,flipkart,https://www.flipkart.com/lenovo-legion-7-wqxga-oled-intel-core-ultra-9-275hx-32-gb-1-tb-ssd-windows-11-home-8-gb-graphics-nvidia-geforce-rtx-5060-16iax10-gaming-laptop/p/itmfec58f35c0189,2026-09-28T10:45:07.736150+00:00,valid
Acer,Acer Nitro V 15,,Nitro,,Intel,Core i7 13th Gen 13620H,Core i7,13,,,,,,,,,,,,,16,DDR4,,,,,,512,,,,,15.6,,,,,,,,,,,,,,,,False,False,Windows 11 Home,True,,,,[],,,,False,False,False,1,119990.0,125599.0,5609.0,119990.0,122794.5,125599.0,30,flipkart,https://www.flipkart.com/acer-nitro-v-15-intel-core-i7-13th-gen-13620h-16-gb-512-gb-ssd-windows-11-home-8-graphics-nvidia-geforce-rtx-5050-anv15-52-gaming-laptop/p/itmca41715d4a6d8,2026-09-28T10:45:07.742568+00:00,valid
ASUS,"ASUS Gaming V16 for Creator with Office 2024 + M365 Basic*, AI PC",for,,2025,Intel,Core 5 210,,,,,,,,,,,,,,,16,DDR5,,,,,,512,,,,,16.0,,,,,,,,,,,,,,,,False,False,Windows 11 Home,True,,,,[],,,,False,False,False,,89990.0,125990.0,36000.0,89990.0,107990.0,125990.0,14,flipkart,https://www.flipkart.com/asus-gaming-v16-2025-creator-office-2024-m365-basic-ai-pc-i5-14th-gen-intel-core-5-210h-16-gb-512-gb-ssd-windows-11-home-8-graphics-nvidia-geforce-rtx-5050-144-hz-v3607vh-rp037ws-laptop/p/itm7d7ee6f36f528,2026-09-28T10:45:07.746383+00:00,valid
Dell,DELL Alienware 16 Aurora Microsoft Office Home 2024,Microsoft,Alienware,2024,Intel,Core 7 240,,,,,,,,,,,,,,,16,DDR5,,,,,,1024,,,,,16.0,,,,,,,,,,,,,,,,False,False,Windows 11 Home,True,,,,[],,,,False,False,False,,,,,,,,0,flipkart,https://www.flipkart.com/dell-alienware-16-aurora-i7-14th-gen-microsoft-office-home-2024-intel-core-7-240-h-16-gb-1-tb-ssd-windows-11-home-6-gb-graphics-nvidia-geforce-rtx-4050-120-hz-oan1625000701mino-gaming-laptop/p/itm726b2f32eb38b,2026-09-28T10:45:07.750236+00:00,insufficient_sources
HP,HP OMEN,,Omen,,Intel,Core i7 14th Gen 14650HX,Core i7,14,,,,,,,,,,,,,16,DDR5,,,,,,1024,,,,,16.1,,,,,,,,,,,,,,,,False,False,Windows 11 Home,True,,,,[],,,,False,False,False,,,,,,,,0,flipkart,https://www.flipkart.com/hp-omen-intel-core-i7-14th-gen-14650hx-16-gb-1-tb-ssd-windows-11-home-8-gb-graphics-nvidia-geforce-rtx-4060-16-wf1096tx-ae0002tx-gaming-laptop/p/itm98841df0cbbc6,2026-09-28T10:45:07.754259+00:00,insufficient_sources
Lenovo,Lenovo LOQ 2025,,LOQ,2025,Intel,Core i7 14th Gen 14700HX,Core i7,14,,,,,,,,,,,,,16,DDR5,,,,,,1024,,,,,15.6,,,,,,,,,,,,,,,,False,False,Windows 11 Home,True,,,,[],,,,False,False,False,,147990.0,338290.0,190300.0,147990.0,230120.32,338290.0,56,flipkart,https://www.flipkart.com/lenovo-loq-2025-intel-core-i7-14th-gen-14700hx-16-gb-1-tb-ssd-windows-11-home-8-gb-graphics-nvidia-geforce-rtx-5050-15irx10-gaming-laptop/p/itma450dfe0cb70b,2026-09-28T10:45:07.758375+00:00,valid
Lenovo,Lenovo LOQ,,LOQ,2021,Intel,Core i5 13th Gen 13450HX,Core i5,13,,,,,,,,,,,,,16,DDR5,,,,,,512,,,,,15.6,,,,,,,,,,,,,,,,False,False,Windows 11 Home,True,,,,[],,,,False,False,False,,125990.0,135000.0,9010.0,113990.0,152291.54,228090.0,52,flipkart,https://www.flipkart.com/lenovo-loq-intel-core-i5-13th-gen-13450hx-16-gb-512-gb-ssd-windows-11-home-6-graphics-nvidia-geforce-rtx-3050-144-hz-95-w-15irx9d2-15irx9-gaming-laptop/p/itm4a19730d181b4,2026-09-28T10:47:56.981348+00:00,valid
ASUS,ASUS ROG Zephyrus Duo 16 OLED with Touch Screen,,ROG,2026,Intel,Core Ultra 9 386H,Core Ultra 9,1,,,,,,,,,,,,,64,LPDDR5X,,,,,,2048,,,,,16.0,,,,,OLED,,,,,True,,,,,,False,False,Windows 11 Home,True,,,,[],,,,False,False,False,,729990.0,839990.0,110000.0,729990.0,784990.0,839990.0,4,flipkart,https://www.flipkart.com/asus-rog-zephyrus-duo-16-oled-2026-touch-screen-intel-core-ultra-9-386h-64-gb-2-tb-ssd-windows-11-home-24-gb-graphics-nvidia-geforce-rtx-5090-120-hz-gx651ax-sr099ws-gaming-laptop/p/itm441b0ac6e5df0,2026-09-28T10:45:07.810998+00:00,valid
Acer,Acer Aspire 5,,Aspire,,,,,,,,,,,,,,,,,,8,DDR4,,,,,,512,,,,,15.6,,,,,,,,,,,,,,,,False,False,Windows 11 Home,True,,,,[],,,,False,False,False,1,67691.0,68900.0,1209.0,67691.0,68295.5,68900.0,2,flipkart,https://www.flipkart.com/acer-aspire-5-intel-core-i5-13th-gen-8-gb-512-gb-ssd-windows-11-home-4-graphics-nvidia-geforce-rtx-rtx-2050-gaming-laptop/p/itm2e43cbf50d0ac,2026-09-28T10:45:07.816878+00:00,valid
HP,HP Victus,,Victus,2021,AMD,Ryzen 5 Hexa Core 5600H,Ryzen 5,5,,,,,,,,,,,,,8,DDR4,,,,,,512,,,,,15.6,,,,,,,,,,,,,,,,False,False,Windows 11 Home,True,,,,[],,,,False,False,False,,90093.0,95900.0,5807.0,90093.0,92996.5,95900.0,10,flipkart,https://www.flipkart.com/hp-victus-amd-ryzen-5-hexa-core-5600h-8-gb-512-gb-ssd-windows-11-home-4-graphics-nvidia-geforce-rtx-3050-15-fb0050ax-gaming-laptop/p/itm86ca62161fd3f,2026-09-28T10:47:48.668852+00:00,valid
MSI,MSI Katana 15,,,,Intel,Core i5 13th Gen 13420H,Core i5,13,,,,,,,,,,,,,16,DDR5,,,,,,1024,,,,,15.6,,,,,,,,,,,,,,,,False,False,Windows 11 Home,True,,,,[],,,,False,False,False,,102990.0,116990.0,14000.0,102990.0,109990.0,116990.0,14,flipkart,https://www.flipkart.com/msi-katana-15-intel-core-i5-13th-gen-13420h-16-gb-1-tb-ssd-windows-11-home-6-gb-graphics-nvidia-geforce-rtx-3050-144-hz-75-w-b13udxk-gaming-laptop/p/itm46d7fa4f505a2,2026-09-28T10:45:07.826497+00:00,valid
Lenovo,Lenovo LOQ 2025,,LOQ,2025,Intel,Core i7 13th Gen 13700HX,Core i7,13,,,,,,,,,,,,,16,DDR5,,,,,,1024,,,,,15.6,,,,,,,,,,,,,,,,False,False,Windows 11 Home,True,,,,[],,,,False,False,False,,,,,,,,0,flipkart,https://www.flipkart.com/lenovo-loq-2025-intel-core-i7-13th-gen-13700hx-16-gb-1-tb-ssd-windows-11-home-8-gb-graphics-nvidia-geforce-rtx-5050-15irx10-gaming-laptop/p/itmb8196b6d3b8d4,2026-09-28T10:45:07.834060+00:00,insufficient_sources
MSI,MSI GF65 Thin,,,,Intel,Core i5 9th Gen 9300H,Core i5,,,,,,,,,,,,,,16,DDR4,,,,,,512,,,,,15.6,,,,,,,,,,,,,,,,False,False,Windows 10,True,,,,[],,,,False,False,False,2,,,,,,,0,flipkart,https://www.flipkart.com/msi-gf65-thin-intel-core-i5-9th-gen-9300h-16-gb-512-gb-ssd-windows-10-home-6-graphics-nvidia-geforce-gtx-1660-ti-9sd-890in-gaming-laptop/p/itm7df656f78c425,2026-09-28T10:45:07.839024+00:00,insufficient_sources
HP,HP HyperX Omen,,Omen,,Intel,Core i7 14th Gen 14650HX,Core i7,14,,,,,,,,,,,,,24,DDR5,,,,,,1024,,,,,15.3,,,,,,,,,,,,,,,,False,False,Windows 11 Home,True,,,,[],,,,False,False,False,,167931.0,221999.0,54068.0,167931.0,194965.0,221999.0,34,flipkart,https://www.flipkart.com/hp-hyperx-omen-intel-core-i7-14th-gen-14650hx-24-gb-1-tb-ssd-windows-11-home-8-gb-graphics-nvidia-geforce-rtx-5050-15-ga0028tx-gaming-laptop/p/itme4efd91a109d9,2026-09-28T10:45:07.842317+00:00,valid
ASUS,ASUS ROG Strix G16 with Office 2024 + M365 Basic*,,ROG,2025,,,,,,,,,,,,,,,,,16,DDR5,,,,,,1024,,,,,16.0,,,,,,,,,,,,,,,,False,False,Windows 11 Home,True,,,,[],,,,False,False,False,,279990.0,359990.0,80000.0,279990.0,319990.0,359990.0,2,flipkart,https://www.flipkart.com/asus-rog-strix-g16-2025-office-2024-m365-basic-amd-ryzen-9-16-core-8940hx-16-gb-1-tb-ssd-windows-11-home-12-gb-graphics-nvidia-geforce-rtx-5070-ti-165-hz-140-w-g614pr-rv032ws-gaming-laptop/p/itm2ba68f87808a6,2026-09-28T10:45:07.851002+00:00,valid
HP,HP Victus,,Victus,2024,Intel,Core i5 13th Gen 13420H,Core i5,13,,,,,,,,,,,,,16,DDR4,,,,,,512,,,,,15.6,,,,,,,,,,,,,,,,False,False,Windows 11 Home,True,,,,[],,,,False,False,False,,89990.0,99000.0,9010.0,89990.0,109634.78,125990.0,58,flipkart,https://www.flipkart.com/hp-victus-intel-core-i5-13th-gen-13420h-16-gb-512-gb-ssd-windows-11-home-4-graphics-nvidia-geforce-rtx-2050-144-hz-15-fa2703tx-gaming-laptop/p/itm280d703c08614,2026-09-28T10:47:46.653893+00:00,valid
HP,HP Victus,,Victus,,Intel,Core i5 13th Gen 13420,Core i5,13,,,,,,,,,,,,,16,DDR4,,,,,,512,,,,,15.6,,,,,,,,,,,,,,,,False,False,Windows 11 Home,True,,,,[],,,,False,False,False,,112829.0,124990.0,12161.0,112829.0,128263.28,159421.0,18,flipkart,https://www.flipkart.com/hp-victus-intel-core-i5-13th-gen-13420-h-16-gb-512-gb-ssd-windows-11-home-6-graphics-nvidia-geforce-rtx-3050-15-fa2196tx-15-fa2197tx-gaming-laptop/p/itm8143e1b0af034,2026-09-28T10:45:07.857274+00:00,valid
ASUS,ASUS TUF Gaming A16,AMD,TUF Gaming,2025,AMD,Ryzen 7 7445HS,Ryzen 7,7,,,,,,,,,,,,,16,DDR5,,,,,,1024,,,,,16.0,,,,,,,,,,,,,,,,False,False,Windows 11 Home,True,,,,[],,,,False,False,False,,135000.0,160000.0,25000.0,135000.0,147500.0,160000.0,18,flipkart,https://www.flipkart.com/asus-tuf-gaming-a16-2025-amd-ryzen-7-7445hs-16-gb-1-tb-ssd-windows-11-home-6-gb-graphics-nvidia-geforce-rtx-4050-144-hz-fa607nug-rl189ws-laptop/p/itmef1df61b648a5,2026-09-28T10:45:07.860702+00:00,valid
ASUS,ASUS ROG Zephyrus G16 OLED,Intel,ROG,2026,Intel,Core Ultra 9 386H,Core Ultra 9,1,,,,,,,,,,,,,32,LPDDR5X,,,,,,2048,,,,,16.0,,,,,OLED,,,,,,,,,,,False,False,Windows 11 Home,True,,,,[],,,,False,False,False,,509990.0,593990.0,84000.0,489990.0,547990.0,593990.0,10,flipkart,https://www.flipkart.com/asus-rog-zephyrus-g16-oled-2026-intel-core-ultra-9-386h-32-gb-2-tb-ssd-windows-11-home-12-gb-graphics-nvidia-geforce-rtx-5070-ti-240-hz-gu606ar-tb039ws-gaming-laptop/p/itmdee0c1001d6a1,2026-09-28T10:45:07.873211+00:00,valid
HP,HP 15,Intel,,2024,Intel,Core 3 100U,,,,,,,,,,,,,,,8,DDR4,,,,,,512,,,,,15.6,,,,,,,,,,,,,,,,False,False,Windows 11 Home,True,,,,[],,,,False,False,False,,54900.0,67990.0,13090.0,54900.0,61445.0,67990.0,20,flipkart,https://www.flipkart.com/hp-15-i3-14th-gen-intel-core-3-100u-8-gb-512-gb-ssd-windows-11-home-15-fd1253tu-15-fd1225tu-thin-light-laptop/p/itm09491ad4135b2,2026-09-28T10:45:07.923003+00:00,valid
HP,HP 15R,Intel,,2025,Intel,Core i3 13th Gen 1315U,Core i3,,,,,,,,,,,,,,8,DDR4,,,,,,512,,,,,15.6,,,,,,,,,,,,,,,,False,False,Windows 11 Pro,True,,,,[],,,,False,False,False,,55999.0,72500.0,16501.0,54990.0,61621.65,72500.0,20,flipkart,https://www.flipkart.com/hp-15r-2025-intel-core-i3-13th-gen-1315u-8-gb-512-gb-ssd-windows-11-pro-g9-thin-light-laptop/p/itmff5abac6385ed,2026-09-28T10:45:07.929513+00:00,valid
HP,HP 255 G10,AMD,,2025,,,,,,,,,,,,,,,,,8,DDR4,,,,,,256,,,,,15.6,,,,,,,,,,,,,,,,False,False,Windows 11 Pro,True,,,,[],,,,False,False,False,1,52990.0,54990.0,2000.0,45099.0,50913.87,61299.0,38,flipkart,https://www.flipkart.com/hp-255-g10-2025-amd-athlon-dual-core-7120u-8-gb-256-gb-ssd-windows-11-pro-thin-light-laptop/p/itm7e340cc25ba7f,2026-09-28T10:45:08.061235+00:00,valid
HP,HP 15s Backlit Keyboard,15-fc0026AU,,,AMD,Ryzen 3 Quad Core 7320U,Ryzen 3,7,,,,,,,,,,,,,8,LPDDR5,,,,,,512,,,,,15.6,,,,,,,,,,,,,,,,False,False,Windows 11 Home,True,,,,[],Backlit Keyboard,,,False,False,False,,,,,,,,0,flipkart,https://www.flipkart.com/hp-15s-backlit-keyboard-amd-ryzen-3-quad-core-7320u-8-gb-512-gb-ssd-windows-11-home-15-fc0026au-thin-light-laptop/p/itm4e6d85f618393,2026-09-28T10:45:07.937960+00:00,insufficient_sources
HP,HP MS Office 2024,15-fr0045TU,,2024,Intel,Core i5 13th Gen 13420H,Core i5,13,,,,,,,,,,,,,16,DDR4,,,,,,512,,,,,15.6,,,,,,,,,,,,,,,,False,False,Windows 11 Home,True,,,,[],,,,False,False,False,,67990.0,69023.0,1033.0,67990.0,68506.5,69023.0,14,flipkart,https://www.flipkart.com/hp-ms-office-2024-intel-core-i5-13th-gen-13420h-16-gb-512-gb-ssd-windows-11-home-15-fr0045tu-thin-light-laptop/p/itm5a4df44828227,2026-09-28T10:45:07.941311+00:00,valid
HP,HP G9,250R,,,Intel,Core i3 13th Gen 1315U,Core i3,,,,,,,,,,,,,,16,DDR4,,,,,,512,,,,,15.6,,,,,,,,,,,,,,,,False,False,Windows 11 Pro,True,,,,[],,,,False,False,False,,59894.0,64999.0,5105.0,59894.0,63383.25,69990.0,16,flipkart,https://www.flipkart.com/hp-g9-intel-core-i3-13th-gen-1315u-16-gb-512-gb-ssd-windows-11-pro-250r-business-laptop/p/itmff5abac6385ed,2026-09-28T10:45:07.944617+00:00,valid
HP,HP Laptop,15s-fq5329TU,,,Intel,Core i5 12th Gen 1235U,Core i5,,,,,,,,,,,,,,8,DDR4,,,,,,512,,,,,15.6,,,,,,,,,,,,,,,,False,False,Windows 11 Home,True,,,,[],,,,False,False,False,,72900.0,75926.0,3026.0,72900.0,74413.0,75926.0,2,flipkart,https://www.flipkart.com/hp-laptop-intel-core-i5-12th-gen-1235u-8-gb-512-gb-ssd-windows-11-home-15s-fq5329tu-thin-light/p/itm4e4d051344e51,2026-09-28T11:04:08.314104+00:00,valid
HP,HP 15,AMD,,2024,AMD,Ryzen 3 Quad Core 7320U,Ryzen 3,7,,,,,,,,,,,,,8,DDR4,,,,,,512,,,,,15.6,,,,,,,,,,True,,,,,,False,False,Windows 11 Home,True,,,,[],,,,False,False,False,,52990.0,55990.0,3000.0,50490.0,55435.02,60990.0,44,flipkart,https://www.flipkart.com/hp-15-2024-amd-ryzen-3-quad-core-7320u-8-gb-512-gb-ssd-windows-11-home-15-fc0500au-15-fc0154au-thin-light-laptop/p/itm54d54d7d6142f,2026-09-28T10:47:43.466536+00:00,valid
HP,HP 15s Metal,15-hr0005TU,,2024,Intel,Core i3 13th Gen 1315U,Core i3,,,,,,,,,,,,,,8,DDR4,,,,,,512,,,,,15.6,,,,,,,,,,,,,,,,False,False,Windows 11 Home,True,,,,[],,,,False,False,False,,54990.0,67990.0,13000.0,54990.0,61490.0,67990.0,6,flipkart,https://www.flipkart.com/hp-15s-metal-intel-core-i3-13th-gen-1315u-8-gb-512-gb-ssd-windows-11-home-15-hr0005tu-thin-light-laptop/p/itmb433fd9435785,2026-09-28T10:45:07.960476+00:00,valid
HP,HP 15,15-fd0576TU,,2024,Intel,Core i5 13th Gen 1335U,Core i5,,,,,,,,,,,,,,16,DDR4,,,,,,512,,,,,15.6,,,,,,,,,,,,,,,,False,False,Windows 11 Home,True,,,,[],,,,False,False,False,,75690.0,84690.0,9000.0,75690.0,80190.0,84690.0,8,flipkart,https://www.flipkart.com/hp-15-intel-core-i5-13th-gen-1335u-16-gb-512-gb-ssd-windows-11-home-15-fd0576tu-15-fd0467tu-thin-light-laptop/p/itm3d552029526ba,2026-09-28T10:45:07.966421+00:00,valid
HP,HP 240 G10 Professional,Professional,,2025,Intel,Core i3 13th Gen 1315U,Core i3,,,,,,,,,,,,,,8,DDR4,,,,,,512,,,,,14.0,,,,,,,,,,,,,,,,False,False,Windows 11 Home,True,,,,[],,,,False,False,False,1,56890.0,59990.0,3100.0,56890.0,58440.0,59990.0,12,flipkart,https://www.flipkart.com/hp-240-g10-2025-professional-intel-core-i3-13th-gen-1315u-8-gb-512-gb-ssd-windows-11-home-thin-light-laptop/p/itm18544aec3fcd1,2026-09-28T10:45:07.970113+00:00,valid
HP,HP 15,15-Fd0640TU,,2024,Intel,Core 5 120U,,,,,,,,,,,,,,,16,DDR5,,,,,,512,,,,,15.6,,,,,,,,,,,,,,,,False,False,Windows 11 Home,True,,,,[],,,,False,False,False,,78700.0,85000.0,6300.0,78700.0,81850.0,85000.0,16,flipkart,https://www.flipkart.com/hp-15-intel-core-5-120u-16-gb-512-gb-ssd-windows-11-home-15-fd0640tu-15-fd0682tu-15-fd0746tu-thin-light-laptop/p/itm1c0ebc1fda7cf,2026-09-28T10:45:07.984374+00:00,valid
HP,HP Pavilion,15-eh1047AU,Pavilion,,AMD,Ryzen 5 Hexa Core 5500U,Ryzen 5,5,,,,,,,,,,,,,16,DDR4,,,,,,1024,,,,,15.6,,,,,,,,,,,,,,,,False,False,Windows 11 Home,True,,,,[],,,,False,False,False,,,,,,,,0,flipkart,https://www.flipkart.com/hp-pavilion-amd-ryzen-5-hexa-core-5500u-16-gb-1-tb-ssd-windows-11-home-15-eh1047au-thin-light-laptop/p/itmde20cd0a415cb,2026-09-28T10:45:07.993523+00:00,insufficient_sources
HP,HP Laptop,15s,,,AMD,Ryzen 3 Quad Core 5300U,Ryzen 3,5,,,,,,,,,,,,,8,DDR4,,,,,,512,,,,,15.5,,,,,,,,,,,,,,,,False,False,Windows 11 Home,True,,,,[],,,,False,False,False,,55683.0,59990.0,4307.0,55683.0,57836.5,59990.0,10,flipkart,https://www.flipkart.com/hp-laptop-amd-ryzen-3-quad-core-5300u-8-gb-512-gb-ssd-windows-11-home-15s-eq2212au-thin-light/p/itmd82eb9bd7fabe,2026-09-28T10:45:07.997472+00:00,valid
HP,HP 15s,15-fd0006TU,,,Intel,Core i3 13th Gen 1315U,Core i3,,,,,,,,,,,,,,8,DDR4,,,,,,512,,,,,15.6,,,,,,,,,,,,,,,,False,False,Windows 11 Home,True,,,,[],,,,False,False,False,,54990.0,69990.0,15000.0,54990.0,61728.75,69990.0,8,flipkart,https://www.flipkart.com/hp-15s-intel-core-i3-13th-gen-1315u-8-gb-512-gb-ssd-windows-11-home-15-fd0006tu-15-fd0569tu-thin-light-laptop/p/itm5978c19db874e,2026-09-28T10:45:08.006596+00:00,valid
HP,HP 255 R G10,255,,,AMD,Ryzen 5 Hexa Core 7535U,Ryzen 5,7,,,,,,,,,,,,,8,DDR5,,,,,,512,,,,,15.6,,,,,,,,,,,,,,,,False,False,Windows 11 Home,True,,,,[],,,,False,False,False,,58000.0,68900.0,10900.0,58000.0,63450.0,68900.0,16,flipkart,https://www.flipkart.com/hp-255-r-g10-amd-ryzen-5-hexa-core-7535u-8-gb-512-gb-ssd-windows-11-home-business-laptop/p/itmfbb6f5232de2f,2026-09-28T10:45:08.057096+00:00,valid
HP,HP 15s,15s-fq5327TU,,2021,Intel,Core i3 12th Gen 1215U,Core i3,,,,,,,,,,,,,,8,DDR4,,,,,,512,,,,,15.6,,,,,,,,,,,,,,,,False,False,Windows 11 Home,True,,,,[],,,,False,False,False,,,,,,,,0,flipkart,https://www.flipkart.com/hp-15s-intel-core-i3-12th-gen-1215u-8-gb-512-gb-ssd-windows-11-home-15s-fq5327tu-fd0063tu-thin-light-laptop/p/itm797b10e1b8bca,2026-09-28T10:45:08.066749+00:00,insufficient_sources
HP,HP 255R G10 Professional DDR5 5600Mhz,Professional,,2026,,,,,,,,,,,,,,,,,8,DDR5,5600,5600,,,,512,,,,,15.6,,,,,,,,,,,,,,,,False,False,Windows 11 Pro,True,,,,[],,,,False,False,False,,56446.0,65000.0,8554.0,56446.0,61795.33,69990.0,6,flipkart,https://www.flipkart.com/hp-255r-g10-2026-professional-ddr5-5600mhz-amd-ryzen-5-hexa-core-8-gb-512-gb-ssd-windows-11-pro-thin-light-laptop/p/itmf384f3e0e52b8,2026-09-28T10:45:08.074727+00:00,valid
HP,HP OmniBook 5,Intel,,,Intel,Core i5 13th Gen 1334U,Core i5,,,,,,,,,,,,,,16,LPDDR5X,,,,,,512,,,,,16.0,,,,,,,,,,,,,,,,False,False,Windows 11 Home,True,,,,[],,,,False,False,False,,,,,,,,0,flipkart,https://www.flipkart.com/hp-omnibook-5-previously-pavilion-intel-core-i5-13th-gen-1334u-16-gb-512-gb-ssd-windows-11-home-16-ba1123tu-thin-light-laptop/p/itm17c7ddcf83e55,2026-09-28T10:45:08.080902+00:00,insufficient_sources
HP,HP 255R G10 Professional DDR5 5600Mhz,Professional,,2026,AMD,Ryzen 3 Quad Core 7335U,Ryzen 3,7,,,,,,,,,,,,,8,DDR5,5600,5600,,,,512,,,,,15.6,,,,,,,,,,,,,,,,False,False,Windows 11 Home,True,,,,[],,,,False,False,False,1,52790.0,56999.0,4209.0,49990.0,56616.81,64990.0,16,flipkart,https://www.flipkart.com/hp-255r-g10-2026-professional-ddr5-5600mhz-amd-ryzen-3-quad-core-7335u-8-gb-512-gb-ssd-windows-11-home-thin-light-laptop/p/itm3300a324937f1,2026-09-28T11:18:37.797902+00:00,valid
HP,HP 15,15-fd0668TU,,,Intel,Core i3 13th Gen 1315U,Core i3,,,,,,,,,,,,,,16,DDR4,,,,,,512,,,,,15.6,,,,,,,,,,,,,,,,False,False,Windows 11 Home,True,,,,[],,,,False,False,False,,61399.0,79990.0,18591.0,61399.0,70694.5,79990.0,6,flipkart,https://www.flipkart.com/hp-15-intel-core-i3-13th-gen-1315u-16-gb-512-gb-ssd-windows-11-home-15-fd0668tu-thin-light-laptop/p/itm44ca89d3e5687,2026-09-28T10:45:08.096642+00:00,valid
HP,Chromebook 3,15a-nb0002TU,,,,,,,,,,,,,,,,,,,8,LPDDR5,,,,,,,,,,,15.6,,,,,,,,,,,,,,,,False,False,Chrome OS,False,,,,[],,,,False,False,False,,,,,,,,0,flipkart,https://www.flipkart.com/hp-intel-core-i3-n305-8-gb-chrome-os-15a-nb0002tu-chromebook/p/itm49c5d20208887,2026-09-28T10:45:08.107567+00:00,insufficient_sources
HP,HP 15s,15s-fq2629TU,,,Intel,Core i3 11th Gen 1125G,Core i3,,,,,,,,,,,,,,8,DDR4,,,,,,512,,,,,15.6,,,,,,,,,,,,,,,,False,False,Windows 11 Home,True,,,,[],,,,False,False,False,,57999.0,65999.0,8000.0,57999.0,63124.75,68000.0,8,flipkart,https://www.flipkart.com/hp-15s-intel-core-i3-11th-gen-1125g4-8-gb-512-gb-ssd-windows-11-home-15s-fq2629tu-thin-light-laptop/p/itm6b83aa8fab029,2026-09-28T10:45:08.113398+00:00,valid
HP,HP 240 G9,240,,,Intel,Core i3 12th Gen 1215,Core i3,,,,,,,,,,,,,,8,DDR4,,,,,,512,,,,,14.0,,,,,,,,,,,,,,,,False,False,Windows 11 Home,True,,,,[],,,,False,False,False,,64105.0,73990.0,9885.0,64105.0,69047.5,73990.0,6,flipkart,https://www.flipkart.com/hp-240-g9-intel-core-i3-12th-gen-1215-8-gb-512-gb-ssd-windows-11-home-laptop/p/itmaeab3e70c465d,2026-09-28T11:04:25.751192+00:00,valid
HP,HP 247 G8,6B5R3PA,,,,,,,,,,,,,,,,,,,8,DDR4,,,,,,512,,,,,14.0,,,,,,,,,,,,,,,,False,False,DOS,False,,,,[],,,,False,False,False,,52890.0,53999.0,1109.0,52890.0,53444.5,53999.0,2,flipkart,https://www.flipkart.com/hp-247-g8-amd-ryzen-3-dual-core-8-gb-512-gb-ssd-dos-6b5r3pa-acj-notebook/p/itm78ba0d3144de6,2026-09-28T10:45:08.118829+00:00,valid
HP,HP Laptop,15s-fy5010TU,,,Intel,Core i3 12th Gen 1215U,Core i3,,,,,,,,,,,,,,8,DDR4,,,,,,256,,,,,15.6,,,,,,,,,,,,,,,,False,False,Windows 11 Home,True,,,,[],,,,False,False,False,,56989.0,59990.0,3001.0,56989.0,59852.12,68890.0,8,flipkart,https://www.flipkart.com/hp-laptop-intel-core-i3-12th-gen-1215u-8-gb-256-gb-ssd-windows-11-home-15s-fy5010tu-thin-light/p/itm513a135df4d30,2026-09-28T10:45:08.122162+00:00,valid
Lenovo,Lenovo IdeaPad Slim 3,15IAU7,IdeaPad,,Intel,Core i5 12th Gen 1235U,Core i5,,,,,,,,,,,,,,16,DDR4,,,,,,512,,,,,15.6,,,,,,,,,,,,,,,,False,False,Windows 11 Home,True,,,,[],,,,False,False,False,,51990.0,83743.0,31753.0,51990.0,67866.5,83743.0,12,flipkart,https://www.flipkart.com/lenovo-ideapad-slim-3-intel-core-i5-12th-gen-1235u-16-gb-512-gb-ssd-windows-11-home-15iau7-thin-light-laptop/p/itme38b4c2cd4dfa,2026-09-28T10:45:08.200835+00:00,valid
Acer,Acer Aspire 3,Intel,Aspire,2025,Intel,Core i5 13th Gen 1334U,Core i5,,,,,,,,,,,,,,16,DDR4,,,,,,512,,,,,15.6,,,,,,,,,,,,,,,,False,False,Windows 11 Home,True,,,,[],,,,False,False,False,,67994.0,75990.0,7996.0,67994.0,75379.5,90990.0,18,flipkart,https://www.flipkart.com/acer-aspire-3-2025-intel-core-i5-13th-gen-1334u-16-gb-512-gb-ssd-windows-11-home-a325-53-thin-light-laptop/p/itm3bdf32931e850,2026-09-28T10:45:08.209755+00:00,valid
Zebronics,ZEBRONICS Pro Series Z,ZEB-NBC,,,Intel,Core i5 12th Gen 1235U,Core i5,,,,,,,,,,,,,,8,DDR4,,,,,,512,,,,,15.6,,,,,,,,,,,,,,,,False,False,Windows 11 Home,True,,,,[],,,,False,False,False,,,,,,,,0,flipkart,https://www.flipkart.com/zebronics-pro-series-z-intel-core-i5-12th-gen-1235u-8-gb-512-gb-ssd-windows-11-home-zeb-nbc-4s-thin-light-laptop/p/itmf4967e076a331,2026-09-28T10:45:08.216461+00:00,insufficient_sources
Lenovo,Lenovo IdeaPad Slim 5,15IAL7,IdeaPad,,Intel,Core i5 12th Gen 1235U,Core i5,,,,,,,,,,,,,,16,DDR4,,,,,,512,,,,,15.6,,,,,,,,,,,,,,,,False,False,Windows 11 Home,True,,,,[],,,,False,False,False,,58491.0,97890.0,39399.0,58491.0,78190.5,97890.0,6,flipkart,https://www.flipkart.com/lenovo-ideapad-slim-5-intel-core-i5-12th-gen-1235u-16-gb-512-gb-ssd-windows-11-home-15ial7-thin-light-laptop/p/itmcc25f14f7409a,2026-09-28T10:45:08.221028+00:00,valid
Unknown,Prittec,N156P16512,,,,,,,,,,,,,,,,,,,16,DDR4,,,,,,512,,,,,15.6,,,,,,,,,,,,,,,,False,False,Windows 11 Home,True,,,,[],,,,False,False,False,,56250.0,64990.0,8740.0,56250.0,60620.0,64990.0,2,flipkart,https://www.flipkart.com/prittec-intel-core-i5-12th-gen-16-gb-512-gb-ssd-windows-11-home-128-mb-graphics-n156p16512-laptop/p/itmc7ed42a6b1f45,2026-09-28T10:45:08.223728+00:00,valid
Lenovo,Lenovo Ideapad,15IAH8,IdeaPad,2021,Intel,Core i5 12th Gen 12450H,Core i5,12,,,,,,,,,,,,,16,LPDDR5,,,,,,512,,,,,15.6,,,,,,,,,,,,,,,,False,False,Windows 11 Home,True,,,,[],,,,False,False,False,,73938.0,75000.0,1062.0,69990.0,79021.69,90000.0,26,flipkart,https://www.flipkart.com/lenovo-ideapad-intel-core-i5-12th-gen-12450h-16-gb-512-gb-ssd-windows-11-home-4-graphics-15iah8-thin-light-laptop/p/itm76f0e5d975817,2026-09-28T10:45:08.591691+00:00,valid
ASUS,"ASUS Vivobook 15, with Backlit Keyboard,",,Vivobook,,Intel,Core i5 12th Gen 1235U,Core i5,,,,,,,,,,,,,,8,DDR4,,,,,,512,,,,,15.6,,,,,,,,,,,,,,,,False,False,Windows 11,True,,,,[],Backlit Keyboard,,,False,False,False,,,,,,,,0,flipkart,https://www.flipkart.com/asus-vivobook-15-backlit-keyboard-intel-core-i5-12th-gen-1235u-8-gb-512-gb-ssd-windows-11-home-x1504za-nj527ws-x1504za-nj522ws-thin-light-laptop/p/itm200184e4e0443,2026-09-28T10:45:08.237610+00:00,insufficient_sources
Infinix,Infinix X1 Slim Series,XL21,,,Intel,Core i5 10th Gen 1035G,Core i5,,,,,,,,,,,,,,16,LPDDR4X,,,,,,512,,,,,14.0,,,,,,,,,,,,,,,,False,False,Windows 11 Home,True,,,,[],,,,False,False,False,,,,,,,,0,flipkart,https://www.flipkart.com/infinix-x1-slim-series-intel-core-i5-10th-gen-1035g1-16-gb-512-gb-ssd-windows-11-home-xl21-thin-light-laptop/p/itmf27ddceb3f467,2026-09-28T10:45:08.241143+00:00,insufficient_sources
Acer,Acer,TL04-51M,,,,,,,,,,,,,,,,,,,8,DDR4,,,,,,512,,,,,14.0,,,,,,,,,,,,,,,,False,False,Windows 11 Home,True,,,,[],,,,False,False,False,,,,,,,,0,flipkart,https://www.flipkart.com/acer-intel-core-i5-8-gb-512-gb-ssd-windows-11-home-tl04-51m-laptop/p/itm5195940ec1f6d,2026-09-28T10:45:08.244349+00:00,insufficient_sources
Acer,Acer Aspire,AL15-52H,Aspire,,Intel,Core i5 13th Gen 13420H,Core i5,13,,,,,,,,,,,,,16,LPDDR5,,,,,,512,,,,,15.6,,,,,,,,,,,,,,,,False,False,Windows 11 Home,True,,,,[],,,,False,False,False,,,,,,,,0,flipkart,https://www.flipkart.com/acer-aspire-intel-core-i5-13th-gen-13420h-16-gb-512-gb-ssd-windows-11-home-al15-52h-thin-light-laptop/p/itm7d8c274d68fef,2026-09-28T10:45:08.253341+00:00,insufficient_sources
Lenovo,Lenovo V14,V14,,,Intel,Core i5 12th Gen 1235U,Core i5,,,,,,,,,,,,,,8,DDR4,,,,,,512,,,,,14.0,,,,,,,,,,,,,,,,False,False,Windows 11 Home,True,,,,[],,,,False,False,False,,61900.0,75000.0,13100.0,61900.0,69152.15,76990.0,20,flipkart,https://www.flipkart.com/lenovo-v14-intel-core-i5-12th-gen-1235u-8-gb-512-gb-ssd-windows-11-home-itl-g2-thin-light-laptop/p/itm330ccb4eab074,2026-09-28T10:45:08.256584+00:00,valid
Acer,Acer Aspire 3 Backlit,A324-51,Aspire,,Intel,Core i5 12th Gen 1235U,Core i5,,,,,,,,,,,,,,16,DDR4,,,,,,512,,,,,14.0,,,,,,,,,,,,,,,,False,False,Windows 11 Home,True,,,,[],,,,False,False,False,,,,,,,,0,flipkart,https://www.flipkart.com/acer-aspire-3-backlit-intel-core-i5-12th-gen-1235u-16-gb-512-gb-ssd-windows-11-home-a324-51-thin-light-laptop/p/itm4fa0fcf0e2e15,2026-09-28T10:45:08.259695+00:00,insufficient_sources
Dell,DELL Inspiron,5440,Inspiron,,Intel,Core i5 13th Gen 1334U,Core i5,,,,,,,,,,,,,,8,DDR5,,,,,,512,,,,,14.0,,,,,,,,,,,,,,,,False,False,Windows 11 Home,True,,,,[],,,,False,False,False,,78799.0,89999.0,11200.0,78799.0,84399.0,89999.0,2,flipkart,https://www.flipkart.com/dell-inspiron-intel-core-i5-13th-gen-1334u-8-gb-512-gb-ssd-windows-11-home-5440-thin-light-laptop/p/itm2648f8764214d,2026-09-28T10:45:08.263638+00:00,valid
Dell,DELL 15,3530,,,Intel,Core i5 13th Gen 1334U,Core i5,,,,,,,,,,,,,,16,DDR4,,,,,,512,,,,,15.6,,,,,,,,,,,,,,,,False,False,Windows 11 Home,True,,,,[],,,,False,False,False,,76990.0,85990.0,9000.0,76990.0,81490.0,85990.0,8,flipkart,https://www.flipkart.com/dell-15-intel-core-i5-13th-gen-1334u-16-gb-512-gb-ssd-windows-11-home-3530-thin-light-laptop/p/itm2878edc74d8e4,2026-09-28T10:45:08.268793+00:00,valid
Lenovo,Lenovo IdeaPad Slim 3,14IAH8,IdeaPad,,Intel,Core i5 12th Gen 12450H,Core i5,12,,,,,,,,,,,,,16,LPDDR5,,,,,,512,,,,,14.0,,,,,,,,,,,,,,,,False,False,Windows 11 Home,True,,,,[],,,,False,False,False,,,,,,,,0,flipkart,https://www.flipkart.com/lenovo-ideapad-slim-3-intel-core-i5-12th-gen-12450h-16-gb-512-gb-ssd-windows-11-home-14iah8-thin-light-laptop/p/itm726ac134d0530,2026-09-28T10:45:08.271811+00:00,insufficient_sources
Acer,Acer Aspire Lite,AL15-52,Aspire,,Intel,Core i5 12th Gen 1235U,Core i5,,,,,,,,,,,,,,8,DDR4,,,,,,512,,,,,15.6,,,,,,,,,,,,,,,,False,False,Windows 11 Home,True,,,,[],,,,False,False,False,,66650.0,80990.0,14340.0,66650.0,73820.0,80990.0,6,flipkart,https://www.flipkart.com/acer-aspire-lite-intel-core-i5-12th-gen-1235u-8-gb-512-gb-ssd-windows-11-home-al15-52-thin-light-laptop/p/itm1bc0bcb4598e7,2026-09-28T10:45:08.284123+00:00,valid
Dell,DELL Inspiron,Inspiron,Inspiron,2021,Intel,Core i5 13th Gen 1335U,Core i5,,,,,,,,,,,,,,8,LPDDR5,,,,,,512,,,,,14.0,,,,,,,,,,,,,,,,False,False,Windows 11 Home,True,,,,[],,,,False,False,False,,73451.0,82990.0,9539.0,73451.0,78220.5,82990.0,8,flipkart,https://www.flipkart.com/dell-inspiron-intel-core-i5-13th-gen-1335u-8-gb-512-gb-ssd-windows-11-home-5430-thin-light-laptop/p/itmd36b744a13d70,2026-09-28T10:45:08.330520+00:00,valid
Motorola,MOTOROLA Motobook 60 Full Metal WUXGA OLED,14IR,,2024,Intel,Core 5 210H,,,,,,,,,,,,,,,16,DDR5,,,,,,512,,,,,14.0,,,,,OLED,,,,,,,,,,,False,False,Windows 11 Home,True,,,,[],,,,False,False,False,,69990.0,135000.0,65010.0,69990.0,102495.0,135000.0,74,flipkart,https://www.flipkart.com/motorola-motobook-60-full-metal-wuxga-oled-intel-core-5-210h-16-gb-512-gb-ssd-windows-11-home-14irh10r-thin-light-laptop/p/itm2928b4d532ca8,2026-09-28T10:45:08.339442+00:00,valid
Samsung,Samsung Galaxy Book4 Edge Series Copilot AI,,,2024,Qualcomm,Snapdragon X -,Snapdragon X,,,,,,,,,,,,,,16,LPDDR5X,,,,,,512,,,,,15.6,,,,,,,,,,,,,,,,False,False,Windows 11,True,,,,[],,,,False,False,False,,69990.0,92390.0,22400.0,69990.0,81190.0,92390.0,96,flipkart,https://www.flipkart.com/samsung-galaxy-book4-edge-series-copilot-ai-pc-full-metal-chasis-snapdragon-x-16-gb-512-gb-ssd-windows-11-home-np750xqb-ka1in-thin-light-laptop/p/itm1d61ec8d90cc7,2026-09-28T10:45:08.357112+00:00,valid
MSI,MSI Modern 14,Modern,,,Intel,Core i5 11th Gen 1155G,Core i5,,,,,,,,,,,,,,8,DDR4,,,,,,512,,,,,14.0,,,,,,,,,,,,,,,,False,False,Windows 10,True,,,,[],,,,False,False,False,1,,,,,,,0,flipkart,https://www.flipkart.com/msi-modern-14-intel-core-i5-11th-gen-1155g7-8-gb-512-gb-ssd-windows-10-home-b11mou-637in-thin-light-laptop/p/itm01c294107fb22,2026-09-28T10:45:08.364881+00:00,insufficient_sources
Dell,DELL Inspiron,7640,Inspiron,,Intel,Core i5 13th Gen 13420H,Core i5,13,,,,,,,,,,,,,16,LPDDR5,,,,,,512,,,,,16.0,,,,,,,,,,,,,,,,False,False,Windows 11 Home,True,,,,[],,,,False,False,False,,88255.0,100490.0,12235.0,88255.0,94372.5,100490.0,6,flipkart,https://www.flipkart.com/dell-inspiron-intel-core-i5-13th-gen-13420h-16-gb-512-gb-ssd-windows-11-home-7640-laptop/p/itmb6ca0d0f98b11,2026-09-28T10:45:08.371502+00:00,valid
MSI,MSI Modern 14,Modern,,,Intel,Core i5 12th Gen 1235U,Core i5,,,,,,,,,,,,,,16,DDR4,,,,,,512,,,,,14.0,,,,,,,,,,,,,,,,False,False,Windows 11 Home,True,,,,[],,,,False,False,False,,65499.0,67990.0,2491.0,65499.0,66744.5,67990.0,12,flipkart,https://www.flipkart.com/msi-modern-14-intel-core-i5-12th-gen-1235u-16-gb-512-gb-ssd-windows-11-home-c12mo-1212in-business-laptop/p/itm60c14709fdf3b,2026-09-28T10:45:08.377451+00:00,valid
Lenovo,Lenovo IdeaPad Slim 3 Next Gen AI PC WUXGA IPS Copilot + PC with 1Yr ADP,,IdeaPad,2024,Qualcomm,Snapdragon X -,Snapdragon X,,,,,,,,,,,,,,16,LPDDR5X,,,,,,512,,,,,15.3,,,,,IPS,,,,,,,,,,,False,False,Windows 11 Home,True,,,,[],,,,False,False,False,,63990.0,93490.0,29500.0,63990.0,78740.0,93490.0,96,flipkart,https://www.flipkart.com/lenovo-ideapad-slim-3-next-gen-ai-pc-wuxga-ips-copilot-1yr-adp-snapdragon-x-16-gb-512-gb-ssd-windows-11-home-15q8x10-thin-light-laptop/p/itm973f2ace963c8,2026-09-28T10:45:08.382883+00:00,valid
Dell,DELL Inspiron,i5-1334U,Inspiron,,,,,,,,,,,,,,,,,,8,DDR4,,,,,,512,,,,,15.6,,,,,,,,,,,,,,,,False,False,Windows 11 Home,True,,,,[],,,,False,False,False,,66990.0,69990.0,3000.0,66990.0,68490.0,69990.0,2,flipkart,https://www.flipkart.com/dell-inspiron-intel-core-i5-13th-gen-8-gb-512-gb-ssd-windows-11-home-i5-1334u-thin-light-laptop/p/itm493caf8f8aaeb,2026-09-28T10:45:08.386155+00:00,valid
Lenovo,Lenovo IdeaPad 3,15ITL6,IdeaPad,,Intel,Core i5 11th Gen 1135G,Core i5,,,,,,,,,,,,,,8,DDR4,,,,,,512,,,,,15.6,,,,,,,,,,,,,,,,False,False,Windows 11 Home,True,,,,[],,,,False,False,False,,54890.0,87890.0,33000.0,51291.0,72456.83,97890.0,6,flipkart,https://www.flipkart.com/lenovo-ideapad-3-intel-core-i5-11th-gen-1135g7-8-gb-512-gb-ssd-windows-11-home-15itl6-thin-light-laptop/p/itme603a3b75554d,2026-09-28T10:45:08.397507+00:00,valid
Lenovo,Lenovo IdeaPad Slim 3,IdeaPad,IdeaPad,2024,Intel,Core i5 12th Gen 12450H,Core i5,12,,,,,,,,,,,,,16,DDR4,,,,,,512,,,,,14.0,,,,,,,,,,,,,,,,False,False,Windows 11 Home,True,,,,[],,,,False,False,False,,77990.0,88990.0,11000.0,77990.0,83490.0,88990.0,10,flipkart,https://www.flipkart.com/lenovo-ideapad-slim-3-intel-core-i5-12th-gen-12450h-16-gb-512-gb-ssd-windows-11-home-thin-light-laptop/p/itm9c941ce3b0545,2026-09-28T10:45:08.412847+00:00,valid
Lenovo,Lenovo IdeaPad Slim 5,IdeaPad,IdeaPad,,Intel,Core i5 11th Gen 1135G,Core i5,,,,,,,,,,,,,,16,DDR4,,,,,,512,,,,,15.6,,,,,,,,,,,,,,,,False,False,Windows 11 Home,True,,,,[],,,,False,False,False,,76990.0,97890.0,20900.0,76990.0,87440.0,97890.0,4,flipkart,https://www.flipkart.com/lenovo-ideapad-slim-5-intel-core-i5-11th-gen-1135g7-16-gb-512-gb-ssd-windows-11-home-15itl05-thin-light-laptop/p/itm53ff10cf99fa9,2026-09-28T10:45:08.419393+00:00,valid
ASUS,ASUS Vivobook 15,X515EA-EJ522WS,Vivobook,,Intel,Core i5 11th Gen 1135G,Core i5,,,,,,,,,,,,,,8,DDR4,,,,,,512,,,,,15.6,,,,,,,,,,,,,,,,False,False,Windows 11 Home,True,,,,[],,,,False,False,False,,,,,,,,0,flipkart,https://www.flipkart.com/asus-vivobook-15-intel-core-i5-11th-gen-1135g7-8-gb-512-gb-ssd-windows-11-home-x515ea-ej522ws-thin-light-laptop/p/itmbfbbf7747aa01,2026-09-28T10:45:08.422649+00:00,insufficient_sources
Dell,DELL Inspiron 14,5440,Inspiron,,Intel,Core i5 13th Gen 1334U,Core i5,,,,,,,,,,,,,,16,DDR5,,,,,,512,,,,,14.0,,,,,,,,,,,,,,,,False,False,Windows 11 Home,True,,,,[],,,,False,False,False,,86090.0,98990.0,12900.0,86090.0,92540.0,98990.0,4,flipkart,https://www.flipkart.com/dell-inspiron-14-intel-core-i5-13th-gen-1334u-16-gb-512-gb-ssd-windows-11-home-5440-thin-light-laptop/p/itm8a2bde51b85a2,2026-09-28T10:45:08.425619+00:00,valid
HP,HP 14,14-ck2018TU,,,Intel,Core i5 10th Gen 10210U,Core i5,10,,,,,,,,,,,,,8,DDR4,,,,,,512,,,,,14.0,,,,,,,,,,,,,,,,False,False,Windows 10,True,,,,[],,,,False,False,False,,72890.0,75098.0,2208.0,72890.0,73994.0,75098.0,2,flipkart,https://www.flipkart.com/hp-14-intel-core-i5-10th-gen-10210u-8-gb-512-gb-ssd-windows-10-home-14-ck2018tu-thin-light-laptop/p/itm795e17634373c,2026-09-28T10:45:08.429911+00:00,valid
Acer,Acer 3 Years Warranty Aspire Lite Backlit,Intel,Aspire,2026,,,,,,,,,,,,,,,,,16,DDR4,,,,,,512,,,,,15.6,,,,,,,,,,,,,,,,False,False,Windows 11 Home,True,,,,[],,,,False,False,False,,78990.0,90900.0,11910.0,78990.0,84945.0,90900.0,2,flipkart,https://www.flipkart.com/acer-3-years-warranty-aspire-lite-backlit-2026-intel-core-i5-13th-gen-16-gb-512-gb-ssd-windows-11-home-al15-53-thin-light-laptop/p/itmcce791ec56d70,2026-09-28T10:45:08.434853+00:00,valid
Lenovo,Lenovo V 14,Intel,,2025,Intel,Core i5 12th Gen 1235U,Core i5,,,,,,,,,,,,,,16,DDR4,,,,,,512,,,,,14.0,,,,,,,,,,,,,,,,False,False,Windows 11 Pro,True,,,,[],,,,False,False,False,,69900.0,75990.0,6090.0,69900.0,72945.0,75990.0,8,flipkart,https://www.flipkart.com/lenovo-v-14-2025-intel-core-i5-12th-gen-1235u-16-gb-512-gb-ssd-windows-11-pro-thin-light-laptop/p/itm06121c218e9d8,2026-09-28T10:45:08.494044+00:00,valid
Dell,DELL,Vostro,,,Intel,Core i5 13th Gen 1334U,Core i5,,,,,,,,,,,,,,16,DDR4,,,,,,512,,,,,15.6,,,,,,,,,,,,,,,,False,False,Windows 11 Home,True,,,,[],,,,False,False,False,,74561.0,75499.0,938.0,74561.0,75030.0,75499.0,4,flipkart,https://www.flipkart.com/dell-intel-core-i5-13th-gen-1334u-16-gb-512-gb-ssd-windows-11-home-vostro-3530-thin-light-laptop/p/itm004d57924c22f,2026-09-28T10:45:08.501716+00:00,valid
Lenovo,Lenovo,15IAH8,,,,,,,,,,,,,,,,,,,16,LPDDR5,,,,,,512,,,,,15.6,,,,,,,,,,,,,,,,False,False,Windows 11 Home,True,,,,[],,,,False,False,False,,78990.0,79999.0,1009.0,78990.0,79494.5,79999.0,2,flipkart,https://www.flipkart.com/lenovo-intel-core-i5-12th-gen-16-gb-512-gb-ssd-windows-11-home-15iah8-thin-light-laptop/p/itmf07ffd39ea2fe,2026-09-28T10:45:08.505500+00:00,valid
Lenovo,Lenovo V 14,Intel,,2025,Intel,Core i5 12th Gen 1235U,Core i5,,,,,,,,,,,,,,8,DDR4,,,,,,512,,,,,14.0,,,,,,,,,,,,,,,,False,False,Windows 11 Pro,True,,,,[],,,,False,False,False,,63995.0,79900.0,15905.0,63995.0,71947.5,79900.0,12,flipkart,https://www.flipkart.com/lenovo-v-14-2025-intel-core-i5-12th-gen-1235u-8-gb-512-gb-ssd-windows-11-pro-thin-light-laptop/p/itm06121c218e9d8,2026-09-28T10:45:09.198887+00:00,valid
Dell,DELL Inspiron 3530,Intel,Inspiron,2026,Intel,Core i5 13th Gen 1334U,Core i5,,,,,,,,,,,,,,8,DDR4,,,,,,512,,,,,15.6,,,,,,,,,,,,,,,,False,False,Windows 11 Home,True,,,,[],,,,False,False,False,,62990.0,79690.0,16700.0,62990.0,71340.0,79690.0,12,flipkart,https://www.flipkart.com/dell-inspiron-3530-2026-intel-core-i5-13th-gen-1334u-8-gb-512-gb-ssd-windows-11-home-15-dc-15250-thin-light-laptop/p/itm672bf7685863c,2026-09-28T10:45:08.512030+00:00,valid
HP,HP 15s,15s,,2021,Intel,Core i5 12th Gen 1240P,Core i5,,,,,,,,,,,,,,8,DDR4,,,,,,512,,,,,15.6,,,,,,,,,,,,,,,,False,False,Windows 11 Home,True,,,,[],,,,False,False,False,,72990.0,75990.0,3000.0,72990.0,75240.0,78990.0,4,flipkart,https://www.flipkart.com/hp-15s-intel-core-i5-12th-gen-1240p-8-gb-512-gb-ssd-windows-11-home-15s-fq5010tu-thin-light-laptop/p/itm6664edbe195a9,2026-09-28T10:45:08.519547+00:00,valid
Lenovo,Lenovo Ideapad Slim 3i,Intel,IdeaPad,2021,,,,,,,,,,,,,,,,,8,DDR4,,,,,,512,,,,,15.6,,,,,,,,,,,,,,,,False,False,Windows 10,True,,,,[],,,,False,False,False,,51890.0,75990.0,24100.0,51890.0,63940.0,75990.0,2,flipkart,https://www.flipkart.com/lenovo-ideapad-slim-3i-2021-intel-core-i5-11th-gen-8-gb-512-gb-ssd-windows-10-home-15itl05-thin-light-laptop/p/itme603a3b75554d,2026-09-28T10:45:08.555760+00:00,valid
MSI,MSI Prestige 14,Prestige,,,Intel,Core i5 11th Gen 1135G,Core i5,,,,,,,,,,,,,,16,LPDDR4X,,,,,,512,,,,,14.0,,,,,,,,,,,,,,,,False,False,Windows 10,True,,,,[],,,,False,True,False,,,,,,,,0,flipkart,https://www.flipkart.com/msi-prestige-14-intel-evo-core-i5-11th-gen-1135g7-16-gb-512-gb-ssd-windows-10-home-14evo-a11m-624in-thin-light-laptop/p/itm335c89d49bdd5,2026-09-28T10:45:08.559424+00:00,insufficient_sources
Lenovo,Lenovo IdeaPad Slim 3,15ITL6,IdeaPad,,Intel,Core i5 11th Gen 1135G,Core i5,,,,,,,,,,,,,,16,DDR4,,,,,,512,,,,,15.6,,,,,,,,,,,,,,,,False,False,Windows 11 Home,True,,,,[],,,,False,False,False,,52999.0,68190.0,15191.0,52999.0,60594.5,68190.0,6,flipkart,https://www.flipkart.com/lenovo-ideapad-slim-3-intel-core-i5-11th-gen-1135g7-16-gb-512-gb-ssd-windows-11-home-15itl6-thin-light-laptop/p/itmf7ba442601f89,2026-09-28T10:45:08.562485+00:00,valid
Lenovo,Lenovo IdeaPad Slim 3,IdeaPad,IdeaPad,2024,Intel,Core i5 13th Gen 13420H,Core i5,13,,,,,,,,,,,,,16,DDR5,,,,,,512,,,,,15.3,,,,,,,,,,,,,,,,False,False,Windows 11 Home,True,,,,[],,,,False,False,False,,76990.0,119990.0,43000.0,76990.0,100390.0,128390.0,18,flipkart,https://www.flipkart.com/lenovo-ideapad-slim-3-intel-core-i5-13th-gen-13420h-16-gb-512-gb-ssd-windows-11-home-15irh10-thin-light-laptop/p/itm01a19c73a4619,2026-09-28T10:45:08.988498+00:00,valid
Acer,Acer Aspire,AL15-52H,Aspire,,,,,,,,,,,,,,,,,,12,LPDDR5,,,,,,512,,,,,15.6,,,,,,,,,,,,,,,,False,False,Windows 11 Home,True,,,,[],,,,False,False,False,,66949.0,72990.0,6041.0,66949.0,69969.5,72990.0,2,flipkart,https://www.flipkart.com/acer-aspire-intel-core-i5-12th-gen-12-gb-512-gb-ssd-windows-11-home-al15-52h-thin-light-laptop/p/itmb4257c1cda497,2026-09-28T10:45:08.572744+00:00,valid
Dell,"DELL Inspiron 15 3520 with Backlit Keyboard,",,Inspiron,2021,,,,,,,,,,,,,,,,,16,DDR4,,,,,,512,,,,,15.6,,,,,,,,,,,,,,,,False,False,Windows 11,True,,,,[],Backlit Keyboard,,,False,False,False,,73999.0,75000.0,1001.0,73999.0,74499.5,75000.0,2,flipkart,https://www.flipkart.com/dell-inspiron-15-3520-backlit-keyboard-intel-core-i5-12th-gen-16-gb-512-gb-ssd-windows-11-home-laptop/p/itm0c93229d052fe,2026-09-28T10:45:08.576530+00:00,valid
Dell,DELL Inspiron,Inspiron,Inspiron,,Intel,Core i5 12th Gen 1240P,Core i5,,,,,,,,,,,,,,16,DDR4,,,,,,512,,,,,14.0,,,,,,,,,,,,,,,,False,False,Windows 11 Home,True,,,,[],,,,False,False,False,,81300.0,102000.0,20700.0,81300.0,91650.0,102000.0,8,flipkart,https://www.flipkart.com/dell-inspiron-intel-core-i5-12th-gen-1240p-16-gb-512-gb-ssd-windows-11-home-5420-thin-light-laptop/p/itm9e4212db07bfc,2026-09-28T10:45:08.581625+00:00,valid
Microsoft,MICROSOFT Surface Laptop 5,QZI-00023,,,Intel,Core i5 12th Gen 1235U,Core i5,,,,,,,,,,,,,,8,LPDDR5,,,,,,256,,,,,13.5,,,,,,,,,,True,,,,,,False,False,Windows 11 Home,True,,,,[],,,,False,False,False,,,,,,,,0,flipkart,https://www.flipkart.com/microsoft-surface-laptop-5-intel-core-i5-12th-gen-1235u-8-gb-256-gb-ssd-windows-11-home-qzi-00023-thin-light/p/itmd0cd9f11d6579,2026-09-28T10:45:08.584356+00:00,insufficient_sources
Acer,Acer Aspire 5,A515-56,Aspire,2021,Intel,Core i5 11th Gen 1135G,Core i5,,,,,,,,,,,,,,8,DDR4,,,,,,512,,,,,15.6,,,,,,,,,,,,,,,,False,False,Windows 11 Home,True,,,,[],,,,False,False,False,,72308.0,74990.0,2682.0,72308.0,73649.0,74990.0,6,flipkart,https://www.flipkart.com/acer-aspire-5-intel-core-i5-11th-gen-1135g7-8-gb-512-gb-ssd-windows-11-home-a515-56-51ev-thin-light-laptop/p/itmc86d7a8682959,2026-09-28T10:45:08.587830+00:00,valid
Infinix,Infinix,XL21,,,Intel,Core i7 10th Gen 1065G,Core i7,,,,,,,,,,,,,,8,LPDDR4X,,,,,,512,,,,,14.0,,,,,,,,,,,,,,,,False,False,Windows 11 Home,True,,,,[],,,,False,False,False,,46990.0,64990.0,18000.0,46990.0,55990.0,64990.0,14,flipkart,https://www.flipkart.com/infinix-intel-core-i7-10th-gen-1065g7-8-gb-512-gb-ssd-windows-11-home-128-mb-graphics-xl21-thin-light-laptop/p/itm16234aa3afdfa,2026-09-28T10:45:08.650569+00:00,valid
Samsung,Samsung Galaxy Book4 Metal,NP750XGJ,,,Intel,Core i7 13th Gen 1355U,Core i7,,,,,,,,,,,,,,16,LPDDR4X,,,,,,512,,,,,15.6,,,,,,,,,,,,,,,,False,False,Windows 11 Home,True,,,,[],,,,False,False,False,,82990.0,123490.0,40500.0,82990.0,103240.0,123490.0,18,flipkart,https://www.flipkart.com/samsung-galaxy-book4-metal-intel-core-i7-13th-gen-1355u-16-gb-512-gb-ssd-windows-11-home-np750xgj-kg3in-np750xgj-lg3in-np750xgj-lg8in-thin-light-laptop/p/itm1df5212efb9fc,2026-09-28T10:45:08.656109+00:00,valid
Microsoft,"MICROSOFT Surface Pro 12"" with Type Cover",,,,Qualcomm,Snapdragon X Plus -,Snapdragon X,,,,,,,,,,,,,,16,LPDDR5X,,,,,,256,,,,,12.0,,,,,,,,,,True,,,,,,False,False,Windows 11,True,,,,[],,,,False,False,False,,133990.0,145898.0,11908.0,133990.0,140315.79,150398.0,78,flipkart,https://www.flipkart.com/microsoft-surface-pro-12-type-cover-core-8-365-6-months-snapdragon-x-plus-16-gb-256-gb-ssd-windows-11-home-ep2-27654-ep2-32019-laptop/p/itm1adddaf77a282,2026-09-28T10:45:08.660645+00:00,valid
Unknown,MegaDesk GAMING SERIES I5 (16 GB RAM/ON BOARD Graphics/256 GB SSD Capacity/Windows 11 Pro/1 GB Graphic...,,,,,,,,,,,,,,,,,,,,,,,,False,,,256,,,,,16.0,,,,,,,,,,,,,,,,False,False,Windows 11 Pro,True,,,,[],,,,False,False,False,,17899.0,22999.0,5100.0,17899.0,20449.0,22999.0,2,flipkart,https://www.flipkart.com/megadesk-gaming-series-i5-16-gb-ram-on-board-graphics-256-ssd-capacity-windows-11-pro-1-graphics-memory-mid-tower-ms-office/p/itm5192d96c4e59a,2026-09-28T10:45:08.666677+00:00,valid
Lenovo,Lenovo IdeaPad Slim 3 with 1Yr ADP,15,IdeaPad,2024,Intel,Core i3 13th Gen 1315U,Core i3,,,,,,,,,,,,,,8,LPDDR5,,,,,,512,,,,,15.6,,,,,,,,,,,,,,,,False,False,Windows 11 Home,True,,,,[],,,,False,False,False,,57500.0,59500.0,2000.0,57500.0,58500.0,59500.0,24,flipkart,https://www.flipkart.com/lenovo-ideapad-slim-3-1yr-adp-intel-core-i3-13th-gen-1315u-8-gb-512-gb-ssd-windows-11-home-15iru8-thin-light-laptop/p/itm6a418f522fd19,2026-09-28T10:45:08.671001+00:00,valid
HP,HP MSO 2024,15-fd0574TU,,2024,Intel,Core i3 13th Gen 1315U,Core i3,,,,,,,,,,,,,,16,DDR4,,,,,,512,,,,,15.6,,,,,,,,,,,,,,,,False,False,Windows 11 Home,True,,,,[],,,,False,False,False,,,,,,,,0,flipkart,https://www.flipkart.com/hp-mso-2024-intel-core-i3-13th-gen-1315u-16-gb-512-gb-ssd-windows-11-home-15-fd0574tu-15-fd0668tu-thin-light-laptop/p/itmcb9e5b7b2d3fb,2026-09-28T10:45:08.675232+00:00,insufficient_sources
Microsoft,"MICROSOFT Surface Pro 12"" with Type Cover & Pen",,,,Qualcomm,Snapdragon X Plus Processor 16 GB LPDDR5X RAM 64 bit Windows 11 Operating System 512 GB SSD 30,Snapdragon X,,,,,,,,,,,,,,16,LPDDR5X,,,,,,512,,,,,12.0,,,,,,,,,,True,,,,,,False,False,Windows 11,True,,,,[],,,,False,False,False,,150990.0,165398.0,14408.0,150990.0,158194.0,165398.0,60,flipkart,https://www.flipkart.com/microsoft-surface-pro-12-type-cover-pen-core-8-365-6-months-snapdragon-x-plus-16-gb-512-gb-ssd-windows-11-home-ep2-27670-ep2-33040-laptop/p/itmf5e8efb329020,2026-09-28T10:45:08.680186+00:00,valid
Microsoft,"MICROSOFT Surface Pro 12"" with Type Cover",,,,Qualcomm,Snapdragon X Plus -,Snapdragon X,,,,,,,,,,,,,,16,LPDDR5X,,,,,,512,,,,,12.0,,,,,,,,,,True,,,,,,False,False,Windows 11,True,,,,[],,,,False,False,False,,141990.0,154898.0,12908.0,141990.0,148444.0,154898.0,30,flipkart,https://www.flipkart.com/microsoft-surface-pro-12-type-cover-core-8-365-6-months-snapdragon-x-plus-16-gb-512-gb-ssd-windows-11-home-ep2-27670-ep2-32019-laptop/p/itm4b1a63a47e7e9,2026-09-28T10:45:08.684313+00:00,valid
Unknown,QuantumQuirks YODHA,,,,,,,,,,,,,,,,,,,,16,DDR4,,,,,,1024,,,,,,,,,,,,,,,,,,,,,False,False,Windows 11 Home,True,,,,[],,,,False,False,False,,32291.0,125000.0,92709.0,125000.0,125000.0,125000.0,1,flipkart,https://www.flipkart.com/quantumquirks-yodha-core-i7-8th-gen-cpu-intel-processor-16-gb-ram-intel-hd-graphics-1-tb-hard-disk-256-ssd-capacity-windows-11-pro-00-graphics-memory-mid-tower/p/itmafa25f113bd99,2026-09-28T10:45:08.687301+00:00,outlier
Acer,Acer,A325-45,,,Intel,Celeron Dual Core N4500,,,,,,,,,,,,,,,12,LPDDR4X,,,,,,512,,,,,15.6,,,,,,,,,,,,,,,,False,False,Windows 11 Home,True,,,,[],,,,False,False,False,,41890.0,44990.0,3100.0,41890.0,43440.0,44990.0,12,flipkart,https://www.flipkart.com/acer-intel-celeron-dual-core-n4500-12-gb-512-gb-ssd-windows-11-home-a325-45-notebook/p/itm221ab1a19bc6a,2026-09-28T10:45:08.746245+00:00,valid
Samsung,Samsung Galaxy Book4 Metal,NP750XGJ-K,,,Intel,Core i5 13th Gen 1335U,Core i5,,,,,,,,,,,,,,8,LPDDR4X,,,,,,512,,,,,15.6,,,,,,,,,,,,,,,,False,False,Windows 11 Home,True,,,,[],,,,False,False,False,,60990.0,78189.0,17199.0,60990.0,69589.5,78189.0,16,flipkart,https://www.flipkart.com/samsung-galaxy-book4-metal-intel-core-i5-13th-gen-1335u-8-gb-512-gb-ssd-windows-11-home-np750xgj-kg1in-np750xgj-lg1in-np750xgj-lg6in-thin-light-laptop/p/itm1df5212efb9fc,2026-09-28T10:45:08.762018+00:00,valid
HP,HP 15,15-fr0028TU,,,Intel,Core i5 13th Gen 13420H,Core i5,13,,,,,,,,,,,,,16,DDR4,,,,,,512,,,,,15.6,,,,,,,,,,,,,,,,False,False,Windows 11 Home,True,,,,[],,,,False,False,False,,71990.0,98447.0,26457.0,71990.0,85218.5,98447.0,10,flipkart,https://www.flipkart.com/hp-15-intel-core-i5-13th-gen-13420h-16-gb-512-gb-ssd-windows-11-home-15-fr0028tu-15-fr0045tu-thin-light-laptop/p/itma36ceee31e597,2026-09-28T10:45:08.768386+00:00,valid
MSI,MSI Modern 15,Modern,,,Intel,Core i7 12th Gen 1255U,Core i7,,,,,,,,,,,,,,16,DDR4,,,,,,1024,,,,,15.0,,,,,,,,,,,,,,,,False,False,Windows 11 Home,True,,,,[],,,,False,False,False,,64990.0,71990.0,7000.0,64990.0,68490.0,71990.0,8,flipkart,https://www.flipkart.com/msi-modern-15-intel-core-i7-12th-gen-1255u-16-gb-1-tb-ssd-windows-11-home-b12mo-1050in-business-laptop/p/itm21f8007ef0cd1,2026-09-28T10:45:08.844328+00:00,valid
Acer,Acer Aspire,AL15-53,Aspire,,Intel,Core i3 13th Gen 1305U,Core i3,,,,,,,,,,,,,,8,DDR4,,,,,,512,,,,,15.6,,,,,,,,,,,,,,,,False,False,Windows 11 Home,True,,,,[],,,,False,False,False,1,55351.0,59990.0,4639.0,53091.0,61014.12,88999.0,8,flipkart,https://www.flipkart.com/acer-aspire-intel-core-i3-13th-gen-1305u-8-gb-512-gb-ssd-windows-11-home-al15-53-notebook/p/itm1bc0bcb4598e7,2026-09-28T10:45:08.852290+00:00,valid
Lenovo,Lenovo Yoga 7 OLED AI PC,14IML9,Yoga,,Intel,Core Ultra 5 125H,Core Ultra 5,1,,,,,,,,,,,,,16,LPDDR5X,,,,,,1024,,,,,14.0,,,,,OLED,,,,,True,,,,,,False,False,Windows 11 Home,True,,,,[],,,,False,False,False,,110990.0,130090.0,19100.0,110990.0,120540.0,130090.0,12,flipkart,https://www.flipkart.com/lenovo-yoga-7-oled-ai-pc-intel-core-ultra-5-125h-16-gb-1-tb-ssd-windows-11-home-14iml9-2-1-laptop/p/itm1ef35128279ee,2026-09-28T10:45:08.855441+00:00,valid
Acer,Acer Aspire 7,,Aspire,,Intel,Core i7 13th Gen 13620H,Core i7,13,,,,,,,,,,,,,16,DDR4,,,,,,512,,,,,15.6,,,,,,,,,,,,,,,,False,False,Windows 11 Home,True,,,,[],,,,False,False,False,,,,,,,,0,flipkart,https://www.flipkart.com/acer-aspire-7-intel-core-i7-13th-gen-13620h-16-gb-512-gb-ssd-windows-11-home-6-graphics-nvidia-geforce-rtx-3050-144-hz-a715-79g-gaming-laptop/p/itm0f412dd7943ad,2026-09-28T10:45:08.858789+00:00,insufficient_sources
MSI,MSI Commercial 14 H Pro,Commercial,,,Intel,Core i7 13th Gen 13700H,Core i7,13,,,,,,,,,,,,,32,DDR4,,,,,,1024,,,,,14.0,,,,,,,,,,,,,,,,False,False,Windows 11 Pro,True,,,,[],,,,False,False,False,,92990.0,123990.0,31000.0,92990.0,108490.0,123990.0,8,flipkart,https://www.flipkart.com/msi-commercial-14-h-pro-intel-core-i7-13th-gen-13700h-32-gb-1-tb-ssd-windows-11-pro-a13mg-vpro-065in-business-laptop/p/itm869e7ffedde0f,2026-09-28T10:45:08.862078+00:00,valid
Acer,Acer Aspire 14,AS14H-53,Aspire,,Intel,Core 7 240H,,,,,,,,,,,,,,,16,LPDDR5,,,,,,512,,,,,14.0,,,,,,,,,,,,,,,,False,False,Windows 11 Home,True,,,,[],,,,False,False,False,,74990.0,84999.0,10009.0,74990.0,79994.5,84999.0,6,flipkart,https://www.flipkart.com/acer-aspire-14-intel-core-7-240h-16-gb-512-gb-ssd-windows-11-home-as14h-53-notebook/p/itmc1c9a77071a5b,2026-09-28T10:45:08.867748+00:00,valid
ASUS,ASUS ExpertBook P1 with 1 Yr ADP,P1,ExpertBook,2024,Intel,Core i7 13th Gen 13620H,Core i7,13,,,,,,,,,,,,,32,DDR5,,,,,,512,,,,,15.6,,,,,,,,,,,,,,,,False,False,Windows 11 Home,True,,,,[],,,,False,False,False,,98999.0,99999.0,1000.0,98999.0,99499.0,99999.0,6,flipkart,https://www.flipkart.com/asus-expertbook-p1-1-yr-adp-intel-core-i7-13th-gen-13620h-32-gb-512-gb-ssd-windows-11-home-p1503cva-s71076ws-thin-light-laptop/p/itmc4c88e702be9c,2026-09-28T10:45:08.874956+00:00,valid
Thomson,Thomson NEO,IN-N15I,,,Intel,Core i3 12th Gen 1215U,Core i3,,,,,,,,,,,,,,8,LPDDR4,,,,,,512,,,,,15.6,,,,,,,,,,,,,,,,False,False,Windows 11 Home,True,,,,[],,,,False,False,False,,,,,,,,0,flipkart,https://www.flipkart.com/thomson-neo-core-series-intel-i3-12th-gen-1215u-8-gb-512-gb-ssd-windows-11-home-in-n15i-thin-light-laptop/p/itm707312182fa98,2026-09-28T10:45:08.878692+00:00,insufficient_sources
Lenovo,Lenovo IdeaPad Slim 1,15AMN7,IdeaPad,,AMD,Ryzen 3 Quad Core 7320U,Ryzen 3,7,,,,,,,,,,,,,8,LPDDR5,,,,,,512,,,,,15.6,,,,,,,,,,,,,,,,False,False,Windows 11 Home,True,,,,[],,,,False,False,False,,34899.0,59390.0,24491.0,34899.0,47144.5,59390.0,16,flipkart,https://www.flipkart.com/lenovo-ideapad-slim-1-amd-ryzen-3-quad-core-7320u-8-gb-512-gb-ssd-windows-11-home-15amn7-thin-light-laptop/p/itm76f0e5d975817,2026-09-28T10:45:08.935147+00:00,valid
Lenovo,Lenovo Chromebook,14M868,,,,,,,,,,,,,,,,,,,4,LPDDR4X,,,,,EMMC,,,,,,14.0,,,,,,,,,,,,,,,,False,False,Chrome OS,False,,,,[],,,,False,False,False,,27219.0,38999.0,11780.0,26990.0,40373.8,57390.0,10,flipkart,https://www.flipkart.com/lenovo-chromebook-mediatek-kompanio-520-4-gb-128-gb-emmc-storage-chrome-os-14m868/p/itm4dc67999fe3de,2026-09-28T10:45:08.938727+00:00,valid
Lenovo,Lenovo IdeaPad Flex 5,14IAU7,IdeaPad,,Intel,Core i3 12th Gen 1215U,Core i3,,,,,,,,,,,,,,8,LPDDR4X,,,,,,512,,,,,14.0,,,,,,,,,,True,,,,,,False,False,Windows 11 Home,True,,,,[],,,,False,False,False,,57990.0,84990.0,27000.0,39572.0,61942.0,84990.0,28,flipkart,https://www.flipkart.com/lenovo-ideapad-flex-5-intel-core-i3-12th-gen-1215u-8-gb-512-gb-ssd-windows-11-home-14iau7-thin-light-laptop/p/itm2e70fa64d7a76,2026-09-28T10:45:09.052067+00:00,valid
Lenovo,Lenovo IdeaPad 3,81X800LAIN,IdeaPad,,,,,,,,,,,,,,,,,,8,DDR4,,,,,,512,,,,,15.6,,,,,,,,,,,,,,,,False,False,Windows 11 Home,True,,,,[],,,,False,False,False,,37890.0,57890.0,20000.0,37890.0,47890.0,57890.0,2,flipkart,https://www.flipkart.com/lenovo-ideapad-3-intel-core-i3-11th-gen-8-gb-512-gb-ssd-windows-11-home-81x800lain-thin-light-laptop/p/itm118bd5b99bc51,2026-09-28T10:45:08.946835+00:00,valid
Lenovo,Lenovo IdeaPad Slim 3,15IGL05,IdeaPad,,Intel,Celeron Dual Core N4020,,,,,,,,,,,,,,,8,DDR4,,,,,,256,,,,,15.6,,,,,,,,,,,,,,,,False,False,Windows 11 Home,True,,,,[],,,,False,False,False,,27990.0,38990.0,11000.0,27990.0,33490.0,38990.0,10,flipkart,https://www.flipkart.com/lenovo-ideapad-slim-3-intel-celeron-dual-core-n4020-8-gb-256-gb-ssd-windows-11-home-15igl05-thin-light-laptop/p/itm4a1dfc32cc4a9,2026-09-28T10:45:08.951189+00:00,valid
Lenovo,Lenovo IdeaPad Slim 3,IdeaPad,IdeaPad,2024,Intel,Core i3 13th Gen 1315U,Core i3,,,,,,,,,,,,,,8,LPDDR5,,,,,,512,,,,,15.6,,,,,,,,,,,,,,,,False,False,Windows 11 Home,True,,,,[],,,,False,False,False,,55990.0,89990.0,34000.0,54900.0,77034.47,121490.0,38,flipkart,https://www.flipkart.com/lenovo-ideapad-slim-3-intel-core-i3-13th-gen-1315u-8-gb-512-gb-ssd-windows-11-home-15iru8-thin-light-laptop/p/itm5b24df123e032,2026-09-28T10:45:08.954832+00:00,valid
Lenovo,Lenovo IdeaPad 3,15ITL6,IdeaPad,,Intel,Core i3 11th Gen 1115G,Core i3,,,,,,,,,,,,,,8,DDR4,,,,,,512,,,,,15.6,,,,,,,,,,,,,,,,False,False,Windows 10,True,,,,[],,,,False,False,False,,36990.0,57890.0,20900.0,36990.0,46806.67,57890.0,12,flipkart,https://www.flipkart.com/lenovo-ideapad-3-intel-core-i3-11th-gen-1115g4-8-gb-512-gb-ssd-windows-10-home-15itl6-15itl6-ub-thin-light-laptop/p/itme603a3b75554d,2026-09-28T11:11:32.654156+00:00,valid
Lenovo,Lenovo IdeaPad 1,11IGL05,IdeaPad,2021,Intel,Celeron Dual Core N4020,,,,,,,,,,,,,,,4,DDR4,,,,,,256,,,,,11.6,,,,,,,,,,,,,,,,False,False,Windows 11 Home,True,,,,[],,,,False,False,False,,27290.0,38990.0,11700.0,27290.0,33140.0,38990.0,16,flipkart,https://www.flipkart.com/lenovo-ideapad-1-intel-celeron-dual-core-n4020-4-gb-256-gb-ssd-windows-11-home-11igl05-thin-light-laptop/p/itmb5e25e1c94885,2026-09-28T10:45:08.962588+00:00,valid
Lenovo,Lenovo Ideapad Slim 3 OLED with 1Yr ADP,15Q8X10,IdeaPad,,Qualcomm,Snapdragon X -,Snapdragon X,,,,,,,,,,,,,,16,LPDDR5X,,,,,,512,,,,,15.1,,,,,OLED,,,,,,,,,,,False,False,Windows 11 Home,True,,,,[],,,,False,False,False,,66990.0,86690.0,19700.0,66990.0,76840.0,86690.0,18,flipkart,https://www.flipkart.com/lenovo-ideapad-slim-3-oled-1yr-adp-snapdragon-x-16-gb-512-gb-ssd-windows-11-home-15q8x10-laptop/p/itm5306716cd0f2f,2026-09-28T10:45:08.969098+00:00,valid
Lenovo,Lenovo IdeaPad 3,81WA00K1IN,IdeaPad,,,,,,,,,,,,,,,,,,8,DDR4,,,,,,256,,,,,14.0,,,,,,,,,,,,,,,,False,False,Windows 10,True,,,,[],,,,False,False,False,,34990.0,59990.0,25000.0,34990.0,47490.0,59990.0,2,flipkart,https://www.flipkart.com/lenovo-ideapad-3-intel-core-i3-10th-gen-8-gb-256-gb-ssd-windows-10-home-81wa00k1in-laptop/p/itmf7468c9543cbe,2026-09-28T10:45:08.974909+00:00,valid
Lenovo,Lenovo IdeaPad 3,IdeaPad,IdeaPad,2021,Intel,Core i3 11th Gen 1115G,Core i3,,,,,,,,,,,,,,8,DDR4,,,,,,256,,,,,15.6,,,,,,,,,,,,,,,,False,False,Windows 11 Home,True,,,,[],,,,False,False,False,,35658.0,62038.0,26380.0,35658.0,48848.0,62038.0,6,flipkart,https://www.flipkart.com/lenovo-ideapad-3-intel-core-i3-11th-gen-1115g4-8-gb-256-gb-ssd-windows-11-home-15itl6-ub-thin-light-laptop/p/itme603a3b75554d,2026-09-28T10:45:08.977877+00:00,valid
Lenovo,Lenovo,15ITL05,,,,,,,,,,,,,,,,,,,8,DDR4,,,,,,512,,,,,15.6,,,,,,,,,,,,,,,,False,False,Windows 11 Home,True,,,,[],,,,False,False,False,,37890.0,67090.0,29200.0,37890.0,52490.0,67090.0,2,flipkart,https://www.flipkart.com/lenovo-intel-core-i3-11th-gen-8-gb-512-gb-ssd-windows-11-home-15itl05-thin-light-laptop/p/itmb0c26e7955864,2026-09-28T10:45:08.982479+00:00,valid
Lenovo,Lenovo 100e Chromebook Gen 4,100e,,,,,,,,,,,,,,,,,,,4,LPDDR4X,,,,,EMMC,,,,,,11.6,,,,,,,,,,,,,,,,False,False,Chrome OS,False,,,,[],,,,False,False,False,,33400.0,42190.0,8790.0,33400.0,37795.0,42190.0,2,flipkart,https://www.flipkart.com/lenovo-100e-chromebook-gen-4-mediatek-kompanio-528-4-gb-64-gb-emmc-storage-chrome-os/p/itm2ea2371d3bde4,2026-09-28T10:45:09.046700+00:00,valid
Lenovo,Lenovo IdeaPad Slim 3,15AMN8,IdeaPad,2021,AMD,Ryzen 3 Quad Core 7320U,Ryzen 3,7,,,,,,,,,,,,,8,LPDDR5,,,,,,512,,,,,15.6,,,,,,,,,,,,,,,,False,False,Windows 11 Home,True,,,,[],,,,False,False,False,,57279.0,63190.0,5911.0,55194.0,60436.06,68500.0,16,flipkart,https://www.flipkart.com/lenovo-ideapad-slim-3-amd-ryzen-quad-core-7320u-8-gb-512-gb-ssd-windows-11-home-15amn8-thin-light-laptop/p/itm726ac134d0530,2026-09-28T10:45:09.057689+00:00,valid
Lenovo,Lenovo V14 Octa,Intel,,2025,Intel,Core i5 13th Gen 13420H,Core i5,13,,,,,,,,,,,,,16,DDR4,,,,,,512,,,,,14.0,,,,,,,,,,,,,,,,False,False,Windows 11 Home,True,,,,[],,,,False,False,False,1,74000.0,75000.0,1000.0,72900.0,74072.22,75000.0,18,flipkart,https://www.flipkart.com/lenovo-v14-octa-core-2025-intel-i5-13th-gen-13420h-16-gb-512-gb-ssd-windows-11-home-thin-light-laptop/p/itm7732c1b23a5e1,2026-09-28T11:11:36.879673+00:00,valid
Lenovo,Lenovo,83K100CJIN,,,,,,,,,,,,,,,,,,,16,DDR5,,,,,,512,,,,,15.3,,,,,,,,,,,,,,,,False,False,Windows 11 Home,True,,,,[],,,,False,False,False,,89900.0,109900.0,20000.0,89900.0,99900.0,109900.0,2,flipkart,https://www.flipkart.com/lenovo-intel-core-i7-13th-gen-16-gb-512-gb-ssd-windows-11-home-83k100cjin-laptop/p/itm2dadea3a6f1e7,2026-09-28T10:45:09.064943+00:00,valid
Lenovo,Lenovo,81WB018UIN,,2021,Intel,Core i3 10th Gen 10110U,Core i3,10,,,,,,,,,,,,,8,DDR4,,,,,,,,,,,15.6,,,,,,,,,,,,,,,,False,False,Windows 11 Home,True,,,,[],,,,False,False,False,,34939.0,57999.0,23060.0,34939.0,46469.0,57999.0,6,flipkart,https://www.flipkart.com/lenovo-intel-core-i3-10th-gen-10110u-8-gb-1-tb-hdd-windows-11-home-81wb018uin-81wb01e7in-thin-light-laptop/p/itm6976e7038f4ba,2026-09-28T10:45:09.068269+00:00,valid
Lenovo,Lenovo IdeaPad Slim 3 with 1Yr ADP,,IdeaPad,,Intel,Core i5 12th Gen 12450H,Core i5,12,,,,,,,,,,,,,16,DDR4,,,,,,512,,,,,15.6,,,,,,,,,,,,,,,,False,False,Windows 11 Home,True,,,,[],,,,False,False,False,1,,,,,,,0,flipkart,https://www.flipkart.com/lenovo-ideapad-slim-3-1yr-adp-intel-core-i5-12th-gen-12450h-16-gb-512-gb-ssd-windows-11-home-15iah8-thin-light-laptop/p/itma093617319422,2026-09-28T10:45:09.071350+00:00,insufficient_sources
Lenovo,Lenovo IdeaPad 3,IdeaPad,IdeaPad,,Intel,Core i3 12th Gen 1215U,Core i3,,,,,,,,,,,,,,8,DDR4,,,,,,512,,,,,15.6,,,,,,,,,,,,,,,,False,False,Windows 11 Home,True,,,,[],,,,False,False,False,,35099.0,69990.0,34891.0,35099.0,52544.5,69990.0,6,flipkart,https://www.flipkart.com/lenovo-ideapad-3-intel-core-i3-12th-gen-1215u-8-gb-512-gb-ssd-windows-11-home-15iau7-thin-light-laptop/p/itmf7ba442601f89,2026-09-28T10:45:09.074497+00:00,valid
Lenovo,Lenovo V15,V15,,,Intel,Core i3 12th Gen 1215U,Core i3,,,,,,,,,,,,,,8,DDR4,,,,,,512,,,,,15.6,,,,,,,,,,,,,,,,False,False,Windows 11 Home,True,,,,[],,,,False,False,False,,54771.0,58187.0,3416.0,49390.0,55286.33,59990.0,6,flipkart,https://www.flipkart.com/lenovo-v15-intel-core-i3-12th-gen-1215u-8-gb-512-gb-ssd-windows-11-home-g3-iap-thin-light-laptop/p/itmf6172499e1c65,2026-09-28T10:45:09.077456+00:00,valid
Lenovo,Lenovo IdeaPad 3,15ITL6,IdeaPad,,Intel,Core i3 11th Gen 1115G,Core i3,,,,,,,,,,,,,,8,DDR4,,,,,,256,,,,,15.6,,,,,,,,,,,,,,,,False,False,DOS,False,,,,[],,,,False,False,False,,37790.0,57990.0,20200.0,37790.0,47890.0,57990.0,8,flipkart,https://www.flipkart.com/lenovo-ideapad-3-intel-core-i3-11th-gen-1115g4-8-gb-256-gb-ssd-dos-15itl6-thin-light-laptop/p/itme603a3b75554d,2026-09-28T10:45:09.082594+00:00,valid
Lenovo,Lenovo IdeaPad Slim 3,IdeaPad,IdeaPad,2024,,,,,,,,,,,,,,,,,16,LPDDR5,,,,,,512,,,,,15.6,,,,,,,,,,,,,,,,False,False,Windows 11 Home,True,,,,[],,,,False,False,False,,56680.0,111490.0,54810.0,56680.0,84085.0,111490.0,2,flipkart,https://www.flipkart.com/lenovo-ideapad-slim-3-amd-ryzen-30-16-gb-512-gb-ssd-windows-11-home-15amn8-thin-light-laptop/p/itm802da1c81a2d7,2026-09-28T10:45:09.093451+00:00,valid
Lenovo,Lenovo V 15,AMD,,2025,AMD,Ryzen 3 Quad Core 7320U,Ryzen 3,7,,,,,,,,,,,,,8,LPDDR5,,,,,,512,,,,,15.6,,,,,,,,,,,,,,,,False,False,Windows 11 Pro,True,,,,[],,,,False,False,False,,51590.0,52990.0,1400.0,51590.0,57134.5,66999.0,20,flipkart,https://www.flipkart.com/lenovo-v-15-2025-amd-ryzen-3-quad-core-7320u-8-gb-512-gb-ssd-windows-11-pro-thin-light-laptop/p/itm8a5bab8986d9b,2026-09-28T10:45:09.098490+00:00,valid
Lenovo,Lenovo IdeaPad Slim 5 Co,,IdeaPad,,Qualcomm,Snapdragon X Plus -,Snapdragon X,,,,,,,,,,,,,,16,LPDDR5X,,,,,,1024,,,,,14.0,,,,,,,,,,,,,,,,False,False,Windows 11,True,,,,[],,,,False,False,False,,87991.0,125890.0,37899.0,87991.0,106940.5,125890.0,10,flipkart,https://www.flipkart.com/lenovo-ideapad-slim-5-co-pilot-next-gen-ai-pc-full-metal-1yr-adp-snapdragon-x-plus-16-gb-1-tb-ssd-windows-11-home-14q8x9-thin-light-laptop/p/itm8a59041fc8c0f,2026-09-28T10:45:09.102060+00:00,valid
Lenovo,Lenovo Ideapad Slim 3,81WE01QL,IdeaPad,2021,Intel,Core i3 10th Gen 1005G,Core i3,,,,,,,,,,,,,,8,DDR4,,,,,,512,,,,,15.6,,,,,,,,,,,,,,,,False,False,Windows 11 Home,True,,,,[],,,,False,False,False,,35997.0,54990.0,18993.0,35997.0,45493.5,54990.0,14,flipkart,https://www.flipkart.com/lenovo-ideapad-slim-3-intel-core-i3-10th-gen-1005g1-8-gb-512-gb-ssd-windows-11-home-81we01qlin-81we01qjin-laptop/p/itm6976e7038f4ba,2026-09-28T10:45:09.105830+00:00,valid
Lenovo,Lenovo IdeaPad Slim 3 with 1Yr ADP,15Q8X10,IdeaPad,2024,Qualcomm,Snapdragon X -,Snapdragon X,,,,,,,,,,,,,,16,LPDDR5X,,,,,,1024,,,,,15.3,,,,,,,,,,,,,,,,False,False,Windows 11 Home,True,,,,[],,,,False,False,False,,66615.0,98999.0,32384.0,66615.0,82807.0,98999.0,18,flipkart,https://www.flipkart.com/lenovo-ideapad-slim-3-1yr-adp-snapdragon-x-16-gb-1-tb-ssd-windows-11-home-15q8x10-thin-light-laptop/p/itm9f8e47980095e,2026-09-28T10:45:09.109588+00:00,valid
Lenovo,Lenovo V 15,AMD,,2025,AMD,Ryzen 5 Quad Core 7520U,Ryzen 5,7,,,,,,,,,,,,,16,LPDDR5,,,,,,512,,,,,15.6,,,,,,,,,,,,,,,,False,False,Windows 11 Pro,True,,,,[],,,,False,False,False,1,63891.0,70990.0,7099.0,61919.0,67111.83,70990.0,6,flipkart,https://www.flipkart.com/lenovo-v-15-2025-amd-ryzen-5-quad-core-7520u-16-gb-512-gb-ssd-windows-11-pro-thin-light-laptop/p/itm1aa04132ef637,2026-09-28T10:45:09.161083+00:00,valid
Lenovo,Lenovo IdeaPad Slim 3,IdeaPad,IdeaPad,2024,Intel,Core i5 13th Gen 13420H,Core i5,13,,,,,,,,,,,,,16,DDR5,,,,,,512,,,,,14.0,,,,,,,,,,,,,,,,False,False,Windows 11 Home,True,,,,[],,,,False,False,False,,76990.0,113090.0,36100.0,76990.0,95040.0,113090.0,10,flipkart,https://www.flipkart.com/lenovo-ideapad-slim-3-intel-core-i5-13th-gen-13420h-16-gb-512-gb-ssd-windows-11-home-14irh10-thin-light-laptop/p/itm0b07504bda890,2026-09-28T10:45:09.166066+00:00,valid
Lenovo,Lenovo V 14,Intel,,2025,Intel,Core i5 13th Gen 13420H,Core i5,13,,,,,,,,,,,,,8,DDR4,,,,,,512,,,,,14.0,,,,,,,,,,,,,,,,False,False,Windows 11 Home,True,,,,[],,,,False,False,False,,63695.0,92990.0,29295.0,62990.0,75804.71,92990.0,14,flipkart,https://www.flipkart.com/lenovo-v-14-2025-intel-core-i5-13th-gen-13420h-8-gb-512-gb-ssd-windows-11-home-v14-thin-light-laptop/p/itm77a8152131636,2026-09-28T10:45:09.169282+00:00,valid
Lenovo,Lenovo IdeaPad Slim 3 WUXGA IPS with 1Yr ADP,,IdeaPad,2024,Intel,Core i5 13th Gen 13420H,Core i5,13,,,,,,,,,,,,,16,DDR5,,,,,,512,,,,,15.3,,,,,IPS,,,,,,,,,,,False,False,Windows 11 Home,True,,,,[],,,,False,False,False,,79990.0,90000.0,10010.0,79990.0,84995.0,90000.0,20,flipkart,https://www.flipkart.com/lenovo-ideapad-slim-3-wuxga-ips-1yr-adp-intel-core-i5-13th-gen-13420h-16-gb-512-gb-ssd-windows-11-home-15irh10-thin-light-laptop/p/itme80ce152342ee,2026-09-28T10:45:09.172412+00:00,valid
Lenovo,Lenovo,IdeaPad,,2024,,,,,,,,,,,,,,,,,8,LPDDR5,,,,,,512,,,,,15.6,,,,,,,,,,,,,,,,False,False,Windows 11 Home,True,,,,[],,,,False,False,False,,52990.0,90980.0,37990.0,52990.0,71985.0,90980.0,2,flipkart,https://www.flipkart.com/lenovo-amd-ryzen-3-quad-core-30-8-gb-512-gb-ssd-windows-11-home-ideapad-slim-15amn8-thin-light-laptop/p/itm136b8d3fe3ffc,2026-09-28T10:45:09.175438+00:00,valid
Lenovo,Lenovo IdeaPad Slim 3 Backlit Keyboard with MSO'2024,,IdeaPad,2024,Intel,Core i5 13th Gen 13420H,Core i5,13,,,,,,,,,,,,,24,DDR5,,,,,,1024,,,,,15.3,,,,,,,,,,,,,,,,False,False,Windows 11 Home,True,,,,[],Backlit Keyboard,,,False,False,False,,58650.0,,,58650.0,58650.0,58650.0,8,flipkart,https://www.flipkart.com/lenovo-ideapad-slim-3-backlit-keyboard-mso-2024-intel-core-i5-13th-gen-13420h-24-gb-1-tb-ssd-windows-11-home-15irh10-thin-light-laptop/p/itm0d5d0630f37d2,2026-09-28T10:45:09.178578+00:00,valid
Lenovo,Lenovo IdeaPad Slim 5 WUXGA OLED AI PC,14IM,IdeaPad,,Intel,Core Ultra 5 125H,Core Ultra 5,1,,,,,,,,,,,,,16,LPDDR5X,,,,,,1024,,,,,14.0,,,,,OLED,,,,,,,,,,,False,False,Windows 11 Home,True,,,,[],,,,False,False,False,,97000.0,125000.0,28000.0,97000.0,111000.0,125000.0,12,flipkart,https://www.flipkart.com/lenovo-ideapad-slim-5-wuxga-oled-ai-pc-intel-core-ultra-125h-16-gb-1-tb-ssd-windows-11-home-14imh9-thin-light-laptop/p/itm089031723a8df,2026-09-28T10:45:09.183870+00:00,valid
Lenovo,Lenovo IdeaPad Slim 3,14IRU8,IdeaPad,,Intel,Core i3 13th Gen 1305U,Core i3,,,,,,,,,,,,,,8,LPDDR5,,,,,,512,,,,,14.0,,,,,,,,,,,,,,,,False,False,Windows 11 Home,True,,,,[],,,,False,False,False,,59886.0,69900.0,10014.0,53000.0,63027.89,69900.0,18,flipkart,https://www.flipkart.com/lenovo-ideapad-slim-3-intel-core-i3-13th-gen-1305u-8-gb-512-gb-ssd-windows-11-home-14iru8-thin-light-laptop/p/itm726ac134d0530,2026-09-28T10:45:09.188110+00:00,valid
Lenovo,Lenovo THINKBOOK 16,21MWA0AJI,,,,,,,,,,,,,,,,,,,8,LPDDR5,,,,,,512,,,,,16.0,,,,,,,,,,,,,,,,False,False,Windows 11 Home,True,,,,[],,,,False,False,False,1,69999.0,80900.0,10901.0,69999.0,75449.5,80900.0,2,flipkart,https://www.flipkart.com/lenovo-thinkbook-16-amd-ryzen-5-hexa-core-7th-gen-7535hs-8-gb-512-gb-ssd-windows-11-home-21mwa0ajin-laptop/p/itmcbce731f301ec,2026-09-28T10:45:09.195051+00:00,valid
Lenovo,Lenovo IdeaPad Slim 3,,IdeaPad,2024,AMD,Ryzen 3 Quad Core 7320U,Ryzen 3,7,,,,,,,,,,,,,8,LPDDR5,,,,,,512,,,,,15.6,,,,,,,,,,,,,,,,False,False,Windows 11 Home,True,,,,[],,,,False,False,False,,,,,,,,0,flipkart,https://www.flipkart.com/lenovo-ideapad-slim-3-amd-ryzen-quad-core-7320u-office-home-2024-8-gb-512-gb-ssd-windows-11-home-15amn8-thin-light-laptop/p/itm0c7692eac81d9,2026-09-28T10:45:09.202405+00:00,insufficient_sources
Lenovo,Lenovo IdeaPad Slim 3,IdeaPad,IdeaPad,2021,AMD,Ryzen 3 Quad Core 7320U,Ryzen 3,7,,,,,,,,,,,,,8,LPDDR5,,,,,,512,,,,,15.6,,,,,,,,,,,,,,,,False,False,Windows 11 Home,True,,,,[],,,,False,False,False,,59990.0,69990.0,10000.0,59990.0,64990.0,69990.0,6,flipkart,https://www.flipkart.com/lenovo-ideapad-slim-3-amd-ryzen-quad-core-7320u-8-gb-512-gb-ssd-windows-11-home-15amn8-thin-light-laptop/p/itm4186ac983c899,2026-09-28T10:45:09.206019+00:00,valid
Lenovo,Lenovo LOQ,,LOQ,2021,Intel,Core i7 13th Gen 13650HX,Core i7,13,,,,,,,,,,,,,16,DDR5,,,,,,512,,,,,15.6,,,,,,,,,,,,,,,,False,False,Windows 11 Home,True,,,,[],,,,False,False,False,,110990.0,123090.0,12100.0,110990.0,122024.62,131290.0,26,flipkart,https://www.flipkart.com/lenovo-loq-intel-core-i7-13th-gen-13650hx-16-gb-512-gb-ssd-windows-11-home-6-graphics-nvidia-geforce-rtx-3050-15irx9-gaming-laptop/p/itme3e94a3f73f71,2026-09-28T10:47:56.962954+00:00,valid
Lenovo,Lenovo IdeaPad Slim 3 with 1Yr ADP,15,IdeaPad,2021,AMD,Ryzen 5 Quad Core 7520U,Ryzen 5,7,,,,,,,,,,,,,16,LPDDR5,,,,,,512,,,,,15.6,,,,,,,,,,,,,,,,False,False,Windows 11 Home,True,,,,[],,,,False,False,False,,61890.0,75000.0,13110.0,61890.0,68445.0,75000.0,8,flipkart,https://www.flipkart.com/lenovo-ideapad-slim-3-1yr-adp-amd-ryzen-5-quad-core-7520u-16-gb-512-gb-ssd-windows-11-home-15amn8-thin-light-laptop/p/itm76f0e5d975817,2026-09-28T10:45:09.215476+00:00,valid
MSI,MSI Modern 14,Modern,,,Intel,Core i3 12th Gen 1215U,Core i3,,,,,,,,,,,,,,8,DDR4,,,,,,512,,,,,14.0,,,,,,,,,,,,,,,,False,False,Windows 11 Home,True,,,,[],,,,False,False,False,,42990.0,47990.0,5000.0,42990.0,49471.0,55990.0,26,flipkart,https://www.flipkart.com/msi-modern-14-intel-core-i3-12th-gen-1215u-8-gb-512-gb-ssd-windows-11-home-c12mo-1401in-business-laptop/p/itm8820edd8b6c55,2026-09-28T10:45:09.257643+00:00,valid
MSI,MSI Modern 14,Modern,,2021,Intel,Core i5 13th Gen 1334U,Core i5,,,,,,,,,,,,,,16,DDR4,,,,,,512,,,,,14.0,,,,,,,,,,,,,,,,False,False,Windows 11 Home,True,,,,[],,,,False,False,False,,52990.0,73990.0,21000.0,52990.0,63490.0,73990.0,18,flipkart,https://www.flipkart.com/msi-modern-14-intel-core-i5-13th-gen-1334u-16-gb-512-gb-ssd-windows-11-home-c13m-116in-thin-light-laptop/p/itmc1e2cec962619,2026-09-28T10:45:09.263461+00:00,valid
MSI,MSI Modern 14,Modern,,,Intel,Core i3 10th Gen 10110U,Core i3,10,,,,,,,,,,,,,8,DDR4,,,,,,512,,,,,14.0,,,,,,,,,,,,,,,,False,False,Windows 10,True,,,,[],,,,False,False,False,,,,,,,,0,flipkart,https://www.flipkart.com/msi-modern-14-intel-core-i3-10th-gen-10110u-8-gb-512-gb-ssd-windows-10-home-b10mw-657in-thin-light-laptop/p/itm01c294107fb22,2026-09-28T10:45:09.271171+00:00,insufficient_sources
MSI,MSI Modern 14,Modern,,2021,Intel,Core i3 13th Gen 1315U,Core i3,,,,,,,,,,,,,,16,DDR4,,,,,,512,,,,,14.0,,,,,,,,,,,,,,,,False,False,Windows 11 Home,True,,,,[],,,,False,False,False,,64990.0,75990.0,11000.0,64990.0,70490.0,75990.0,16,flipkart,https://www.flipkart.com/msi-modern-14-intel-core-i3-13th-gen-1315u-16-gb-512-gb-ssd-windows-11-home-c13m-1424in-thin-light-laptop/p/itm3e7b79e0702a6,2026-09-28T10:45:09.275603+00:00,valid
MSI,MSI Modern 15 H,Modern,,2021,Intel,Core i7 13th Gen 13620H,Core i7,13,,,,,,,,,,,,,16,DDR4,,,,,,512,,,,,15.6,,,,,,,,,,,,,,,,False,False,Windows 11 Home,True,,,,[],,,,False,False,False,,79990.0,83990.0,4000.0,79990.0,81990.0,83990.0,10,flipkart,https://www.flipkart.com/msi-modern-15-h-intel-core-i7-13th-gen-13620h-16-gb-512-gb-ssd-windows-11-home-b13m-225in-thin-light-laptop/p/itmf2d9af92de204,2026-09-28T10:45:09.281358+00:00,valid
MSI,MSI Cyborg 15 AI PC,,,,Intel,Core Ultra 7 155H,Core Ultra 7,1,,,,,,,,,,,,,16,DDR5,,,,,,1024,,,,,15.6,,,,,,,,,,,,,,,,False,False,Windows 11 Home,True,,,,[],,,,False,False,False,,102990.0,119990.0,17000.0,102990.0,111490.0,119990.0,18,flipkart,https://www.flipkart.com/msi-cyborg-15-ai-pc-intel-core-ultra-7-155h-16-gb-1-tb-ssd-windows-11-home-6-gb-graphics-nvidia-geforce-rtx-4050-a1vek-050in-gaming-laptop/p/itmd077e48d29cee,2026-09-28T10:45:09.287413+00:00,valid
MSI,MSI Prestige 15,Prest,,,Intel,Core i7 10th Gen 10710U,Core i7,10,,,,,,,,,,,,,16,DDR4,,,,,,512,,,,,15.6,,,,,,,,,,,,,,,,False,False,Windows 10,True,,,,[],,,,False,False,False,1,,,,,,,0,flipkart,https://www.flipkart.com/msi-prestige-15-intel-core-i7-10th-gen-10710u-16-gb-512-gb-ssd-windows-10-home-4-graphics-a10sc-239in-thin-light-laptop/p/itm87f105f91aaaa,2026-09-28T10:45:09.293888+00:00,insufficient_sources
MSI,MSI Prestige 13 Evo AI PC,Prestige,,,Intel,Core Ultra 5 125H,Core Ultra 5,1,,,,,,,,,,,,,16,LPDDR5,,,,,,1024,,,,,13.3,,,,,,,,,,,,,,,,False,False,Windows 11 Home,True,,,,[],,,,False,False,False,,94990.0,111990.0,17000.0,94990.0,103490.0,111990.0,14,flipkart,https://www.flipkart.com/msi-prestige-13-evo-ai-pc-intel-core-ultra-5-125h-16-gb-1-tb-ssd-windows-11-home-a1mg-thin-light-laptop/p/itm01c95e069735f,2026-09-28T10:45:09.305309+00:00,valid
ASUS,"ASUS Gaming V16 with Office 2024 + M365 Basic*, AI PC,",,,2025,Intel,Core 7 240H,,,,,,,,,,,,,,,16,DDR5,,,,,,512,,,,,16.0,,,,,,,,,,,,,,,,False,False,Windows 11 Home,True,,,,[],,,,False,False,False,,92990.0,113990.0,21000.0,92990.0,103490.0,113990.0,4,flipkart,https://www.flipkart.com/asus-gaming-v16-2025-office-2024-m365-basic-ai-pc-i7-14th-gen-intel-core-7-240h-16-gb-512-gb-ssd-windows-11-home-6-graphics-nvidia-geforce-rtx-4050-144-hz-v3607vu-rp275ws-laptop/p/itm787b40d6e3a05,2026-09-28T10:45:09.365514+00:00,valid
Lenovo,Lenovo LOQ,,LOQ,,,,,,,,,,,,,,,,,,16,DDR5,,,,,,512,,,,,15.6,,,,,,,,,,,,,,,,False,False,Windows 11 Home,True,,,,[],,,,False,False,False,,170990.0,280690.0,109700.0,170990.0,225840.0,280690.0,4,flipkart,https://www.flipkart.com/lenovo-loq-intel-core-i7-13th-gen-i7-13650hx-16-gb-512-gb-ssd-windows-11-home-6-graphics-nvidia-geforce-rtx-4050-144-hz-15irx9-gaming-laptop/p/itm61da51077426d,2026-09-28T10:45:09.371745+00:00,valid
ASUS,"ASUS TUF Gaming F16 for Creator with MSO 2024+M365 Basic*,AI PC,",for,TUF Gaming,2025,Intel,Core 5 210H,,,,,,,,,,,,,,,16,DDR5,,,,,,512,,,,,16.0,,,,,,,,,,,,,,,,False,False,Windows 11 Home,True,,,,[],,,,False,False,False,,141990.0,213990.0,72000.0,141990.0,177990.0,213990.0,8,flipkart,https://www.flipkart.com/asus-tuf-gaming-f16-2025-creator-mso-2024-m365-basic-ai-pc-i5-14th-gen-intel-core-5-210h-16-gb-512-gb-ssd-windows-11-home-6-graphics-nvidia-geforce-rtx-4050-144-ghz-fx677vu-rl055ws-laptop/p/itmea62169fa9f52,2026-09-28T10:45:09.378223+00:00,valid
Lenovo,Lenovo LOQ Essential,,LOQ,2024,AMD,Ryzen 7 Octa Core 7735HS,Ryzen 7,7,,,,,,,,,,,,,16,DDR5,,,,,,512,,,,,15.6,,,,,,,,,,,,,,,,False,False,Windows 11 Home,True,,,,[],,,,False,False,False,,133890.0,212690.0,78800.0,133890.0,173290.0,212690.0,12,flipkart,https://www.flipkart.com/lenovo-loq-essential-amd-ryzen-7-octa-core-7735hs-16-gb-512-gb-ssd-windows-11-home-6-graphics-nvidia-geforce-rtx-4050-15arp10e-gaming-laptop/p/itm399bfa20e0e93,2026-09-28T10:45:09.385804+00:00,valid
HP,HP Victus,,Victus,,Intel,Core i7 12th Gen 12650H,Core i7,12,,,,,,,,,,,,,16,DDR4,,,,,,512,,,,,15.6,,,,,,,,,,,,,,,,False,False,Windows 11 Home,True,,,,[],,,,False,False,False,,101553.0,120090.0,18537.0,101553.0,114758.4,120990.0,10,flipkart,https://www.flipkart.com/hp-victus-intel-core-i7-12th-gen-12650h-16-gb-512-gb-ssd-windows-11-home-4-graphics-nvidia-geforce-rtx-3050-15-fa0188tx-gaming-laptop/p/itm236b5aaa84afc,2026-09-28T10:47:48.661101+00:00,valid
Lenovo,Lenovo LoQ Essential,,LOQ,2024,,,,,,,,,,,,,,,,,16,DDR5,,,,,,512,,,,,15.6,,,,,,,,,,,,,,,,False,False,Windows 11 Home,True,,,,[],,,,False,False,False,,133890.0,144744.0,10854.0,133890.0,139317.0,144744.0,4,flipkart,https://www.flipkart.com/lenovo-loq-essential-amd-ryzen-7-octa-core-170-16-gb-512-gb-ssd-windows-11-home-6-graphics-nvidia-geforce-rtx-4050-15arp10e-gaming-laptop/p/itm2349045bb6ca1,2026-09-28T10:45:09.402046+00:00,valid
Lenovo,Lenovo LOQ,,LOQ,,Intel,Core i5 12th Gen 12450HX,Core i5,12,,,,,,,,,,,,,16,DDR5,,,,,,512,,,,,15.6,,,,,,,,,,,,,,,,False,False,Windows 11 Home,True,,,,[],,,,False,False,False,1,107848.0,111900.0,4052.0,101198.0,108986.5,115000.0,12,flipkart,https://www.flipkart.com/lenovo-loq-intel-core-i5-12th-gen-12450hx-16-gb-512-gb-ssd-windows-11-home-6-graphics-nvidia-geforce-rtx-3050-144-hz-83gs00pjin-gaming-laptop/p/itme3e94a3f73f71,2026-09-28T10:47:58.779363+00:00,valid
Lenovo,Lenovo LOQ Essential,,LOQ,,Intel,Core i7 12650HX,Core i7,12,,,,,,,,,,,,,16,DDR5,,,,,,512,,,,,15.6,,,,,,,,,,,,,,,,False,False,Windows 11 Home,True,,,,[],,,,False,False,False,,,,,,,,0,flipkart,https://www.flipkart.com/lenovo-loq-essential-intel-core-i7-12650hx-16-gb-512-gb-ssd-windows-11-home-6-graphics-nvidia-geforce-rtx-4050-15iax9e-gaming-laptop/p/itmd07e54ebaf097,2026-09-28T10:45:09.407776+00:00,insufficient_sources
Acer,Acer Nitro 5 Pro,,Nitro,,Intel,Core i7 14th Gen 14650HX,Core i7,14,,,,,,,,,,,,,16,DDR5,,,,,,1024,,,,,16.0,,,,,,,,,,,,,,,,False,False,Windows 11 Home,True,,,,[],,,,False,False,False,,172990.0,261990.0,89000.0,172990.0,217490.0,261990.0,18,flipkart,https://www.flipkart.com/acer-nitro-5-pro-intel-core-i7-14th-gen-14650hx-16-gb-1-tb-ssd-windows-11-home-6-gb-graphics-nvidia-geforce-rtx-4050-an5p16-73g2-gaming-laptop/p/itm56415c85fa1be,2026-09-28T10:45:09.410482+00:00,valid
Lenovo,Lenovo LOQ 15IRX9.,,LOQ,2024,Intel,Core i5 13th Gen 13450HX,Core i5,13,,,,,,,,,,,,,16,DDR5,,,,,,512,,,,,15.6,,,,,,,,,,,,,,,,False,False,Windows 11 Home,True,,,,[],,,,False,False,False,1,129990.0,150000.0,20010.0,129990.0,139995.0,150000.0,12,flipkart,https://www.flipkart.com/lenovo-loq-15irx9-intel-core-i5-13th-gen-13450hx-16-gb-512-gb-ssd-windows-11-home-6-graphics-nvidia-geforce-rtx-4050-83dv01aain-gaming-laptop/p/itm69f9d9a3e34f9,2026-09-28T10:45:09.416128+00:00,valid
Acer,Acer Nitro V,,Nitro,,Intel,Core i7 13th Gen 13620H,Core i7,13,,,,,,,,,,,,,16,DDR5,,,,,,1024,,,,,15.6,,,,,,,,,,,,,,,,False,False,Windows 11 Home,True,,,,[],,,,False,False,False,,112970.0,135999.0,23029.0,112970.0,124484.5,135999.0,18,flipkart,https://www.flipkart.com/acer-nitro-v-intel-core-i7-13th-gen-13620h-16-gb-1-tb-ssd-windows-11-home-6-gb-graphics-nvidia-geforce-rtx-4050-anv15-51-gaming-laptop/p/itm771bcbdbde25c,2026-09-28T10:45:09.421946+00:00,valid
Lenovo,Lenovo LQQ Essential,,,2024,AMD,Ryzen 7 Octa Core 7735HS,Ryzen 7,7,,,,,,,,,,,,,16,DDR5,,,,,,512,,,,,15.6,,,,,,,,,,,,,,,,False,False,Windows 11 Home,True,,,,[],,,,False,False,False,,122500.0,136490.0,13990.0,122500.0,129495.0,136490.0,2,flipkart,https://www.flipkart.com/lenovo-lqq-essential-amd-ryzen-7-octa-core-7735hs-16-gb-512-gb-ssd-windows-11-home-6-graphics-nvidia-geforce-rtx-4050-loq-15arp10e-gaming-laptop/p/itm60295aae1de17,2026-09-28T10:45:09.427063+00:00,valid
Acer,Acer Nitro 5,,Nitro,,Intel,Core i5 14th Gen 14450HX,Core i5,14,,,,,,,,,,,,,16,DDR5,,,,,,1024,,,,,16.0,,,,,,,,,,,,,,,,False,False,Windows 11 Home,True,,,,[],,,,False,False,False,,162990.0,248990.0,86000.0,162990.0,205990.0,248990.0,10,flipkart,https://www.flipkart.com/acer-nitro-5-intel-core-i5-14th-gen-14450hx-16-gb-1-tb-ssd-windows-11-home-6-gb-graphics-nvidia-geforce-rtx-4050-an516-73g1-gaming-laptop/p/itm1f0997662756c,2026-09-28T10:45:09.442988+00:00,valid
Lenovo,Lenovo,,,2024,Intel,Core i7 13th Gen 13645HX,Core i7,13,,,,,,,,,,,,,16,DDR5,,,,,,512,,,,,15.6,,,,,,,,,,,,,,,,False,False,Windows 11 Home,True,,,,[],,,,False,False,False,,146201.0,178999.0,32798.0,146201.0,162600.0,178999.0,18,flipkart,https://www.flipkart.com/lenovo-intel-core-i7-13th-gen-13645hx-16-gb-512-gb-ssd-windows-11-home-6-graphics-nvidia-geforce-rtx-4050-loq-15irx9-gaming-laptop/p/itm789e85166ae8e,2026-09-28T10:45:09.507837+00:00,valid
HP,HP Victus,,Victus,,Intel,Core i5 13th Gen 13500H,Core i5,13,,,,,,,,,,,,,16,DDR4,,,,,,512,,,,,15.6,,,,,,,,,,,,,,,,False,False,Windows 11 Home,True,,,,[],,,,False,False,False,,,,,,,,0,flipkart,https://www.flipkart.com/hp-victus-intel-core-i5-13th-gen-13500h-16-gb-512-gb-ssd-windows-11-home-6-graphics-nvidia-geforce-rtx-4050-15-fa1060tx-gaming-laptop/p/itm37d4e3cd4f62e,2026-09-28T10:45:09.510873+00:00,insufficient_sources
ASUS,"ASUS Vivobook 16X for Creator,",,Vivobook,,Intel,Core i5 12th Gen 12500H,Core i5,12,,,,,,,,,,,,,16,DDR4,,,,,,512,,,,,16.0,,,,,,,,,,,,,,,,False,False,Windows 11 Home,True,,,,[],,,,False,False,False,,125999.0,130999.0,5000.0,125999.0,128499.0,130999.0,4,flipkart,https://www.flipkart.com/asus-vivobook-16x-creator-intel-core-i5-12th-gen-12500h-16-gb-512-gb-ssd-windows-11-home-6-graphics-nvidia-geforce-rtx-4050-k3605zu-rp304ws-gaming-laptop/p/itmfc0e20779f204,2026-09-28T10:45:09.518137+00:00,valid
ASUS,ASUS TUF Gaming F16,Intel,TUF Gaming,2024,Intel,Core 5 210H,,,,,,,,,,,,,,,16,DDR5,,,,,,512,,,,,16.0,,,,,,,,,,,,,,,,False,False,Windows 11 Home,True,,,,[],,,,False,False,False,1,128649.0,139900.0,11251.0,99999.0,129419.5,139900.0,10,flipkart,https://www.flipkart.com/asus-tuf-gaming-f16-i5-14th-gen-intel-core-5-210h-16-gb-512-gb-ssd-windows-11-home-6-graphics-nvidia-geforce-rtx-4050-fx677vu-rl055ws-laptop/p/itm6ac895441fe92,2026-09-28T10:45:09.521843+00:00,valid
Lenovo,Lenovo LOQ,,LOQ,,Intel,Core i7 12th Gen 12650HX,Core i7,12,,,,,,,,,,,,,16,DDR5,,,,,,512,,,,,15.6,,,,,,,,,,,,,,,,False,False,Windows 11 Home,True,,,,[],,,,False,False,False,,133551.0,145999.0,12448.0,133551.0,139775.0,145999.0,12,flipkart,https://www.flipkart.com/lenovo-loq-intel-core-i7-12th-gen-12650hx-16-gb-512-gb-ssd-windows-11-home-6-graphics-nvidia-geforce-rtx-4050-6gb-gddr6-144-hz-15iax9e-gaming-laptop/p/itm3c923dd73a353,2026-09-28T10:45:09.524941+00:00,valid
ASUS,"ASUS Vivobook Pro 15 OLED For Creator,",,Vivobook,,Intel,Core i9 13th Gen 13900H,Core i9,13,,,,,,,,,,,,,16,DDR5,,,,,,1024,,,,,15.6,,,,,OLED,,,,,,,,,,,False,False,Windows 11,True,,,,[],,,,False,False,False,,171551.0,195999.0,24448.0,171551.0,183775.0,195999.0,8,flipkart,https://www.flipkart.com/asus-vivobook-pro-15-oled-creator-intel-h-series-core-i9-13th-gen-13900h-16-gb-1-tb-ssd-windows-11-home-6-gb-graphics-nvidia-geforce-rtx-4050-120-hz-65-tgp-k6502vu-ma952ws-gaming-laptop/p/itmb9d3913e7ee95,2026-09-28T10:45:09.527589+00:00,valid
Dell,DELL G15,,,,Intel,Core i7 13th Gen 13650HX,Core i7,13,,,,,,,,,,,,,16,DDR5,,,,,,1024,,,,,15.6,,,,,,,,,,,,,,,,False,False,Windows 11 Home,True,,,,[],,,,False,False,False,,149790.0,170000.0,20210.0,149790.0,159895.0,170000.0,10,flipkart,https://www.flipkart.com/dell-g15-intel-core-i7-13th-gen-13650hx-16-gb-1-tb-ssd-windows-11-home-6-gb-graphics-nvidia-geforce-rtx-4050-165-hz-5530-gaming-laptop/p/itmd7cee9c365f29,2026-09-28T10:45:09.533536+00:00,valid
MSI,MSI Stealth 15,,,,Intel,Core i7 13th Gen 13620H,Core i7,13,,,,,,,,,,,,,16,DDR5,,,,,,1024,,,,,15.6,,,,,,,,,,,,,,,,False,False,Windows 11 Home,True,,,,[],,,,False,False,False,,,,,,,,0,flipkart,https://www.flipkart.com/msi-stealth-15-intel-core-i7-13th-gen-13620h-16-gb-1-tb-ssd-windows-11-home-6-gb-graphics-nvidia-geforce-rtx-4050-144-hz-a13ve-034in-gaming-laptop/p/itme8bd6c8c92358,2026-09-28T10:45:09.536990+00:00,insufficient_sources
Lenovo,Lenovo Legion 5,,Legion,2021,Intel,Core i7 14th Gen 14650HX,Core i7,14,,,,,,,,,,,,,16,DDR5,,,,,,1024,,,,,16.0,,,,,,,,,,,,,,,,False,False,Windows 11 Home,True,,,,[],,,,False,False,False,,195000.0,290000.0,95000.0,195000.0,242500.0,290000.0,6,flipkart,https://www.flipkart.com/lenovo-legion-5-intel-core-i7-14th-gen-14650hx-16-gb-1-tb-ssd-windows-11-home-8-gb-graphics-nvidia-geforce-rtx-4070-16irx9-gaming-laptop/p/itm52d4580057187,2026-09-28T10:45:09.992676+00:00,valid
ASUS,ASUS ROG Strix G16,,ROG,2024,Intel,Core i7 13th Gen 13650HX,Core i7,13,,,,,,,,,,,,,16,DDR5,,,,,,1024,,,,,16.0,,,,,,,,,,,,,,,,False,False,Windows 11 Home,True,,,,[],,,,False,False,False,,180803.0,198990.0,18187.0,180803.0,189896.5,198990.0,8,flipkart,https://www.flipkart.com/asus-rog-strix-g16-intel-core-i7-13th-gen-13650hx-16-gb-1-tb-ssd-windows-11-home-6-gb-graphics-nvidia-geforce-rtx-4050-165-hz-g614ju-n4200ws-gaming-laptop/p/itmba9dc9051be27,2026-09-28T10:45:09.551103+00:00,valid
HP,HP OMEN,,Omen,,Intel,Core i5 13th Gen 13500HX,Core i5,13,,,,,,,,,,,,,16,DDR5,,,,,,512,,,,,16.1,,,,,,,,,,,,,,,,False,False,Windows 11 Home,True,,,,[],,,,False,False,False,,,,,,,,0,flipkart,https://www.flipkart.com/hp-omen-intel-core-i5-13th-gen-13500hx-16-gb-512-gb-ssd-windows-11-home-6-graphics-nvidia-geforce-rtx-4050-16-wf0052tx-gaming-laptop/p/itm02b151446f589,2026-09-28T10:45:09.557172+00:00,insufficient_sources
Lenovo,Lenovo LOQ,,LOQ,2021,Intel,Core i7 13th Gen 13620H,Core i7,13,,,,,,,,,,,,,16,DDR5,,,,,,512,,,,,15.6,,,,,,,,,,,,,,,,False,False,Windows 11 Home,True,,,,[],,,,False,False,False,,148000.0,151000.0,3000.0,148000.0,149500.0,151000.0,12,flipkart,https://www.flipkart.com/lenovo-loq-intel-core-i7-13th-gen-13620h-16-gb-512-gb-ssd-windows-11-home-6-graphics-nvidia-geforce-rtx-4050-15irh8-gaming-laptop/p/itme091d6103d2b3,2026-09-28T10:45:09.560631+00:00,valid
MSI,MSI Prestige 16Evo,Prestige,,,Intel,Core i7 13th Gen 13700H,Core i7,13,,,,,,,,,,,,,16,LPDDR5,,,,,,1024,,,,,16.0,,,,,,,,,,,,,,,,False,False,Windows 11 Home,True,,,,[],,,,False,False,False,,148700.0,159990.0,11290.0,148700.0,154345.0,159990.0,10,flipkart,https://www.flipkart.com/msi-prestige-16evo-intel-core-i7-13th-gen-13700h-16-gb-1-tb-ssd-windows-11-home-a13m-266in-thin-light-laptop/p/itm4a7de88b8b6a9,2026-09-28T10:47:18.466904+00:00,valid
HP,HP OMEN,,Omen,,Intel,Core i5 13th Gen 13420H,Core i5,13,,,,,,,,,,,,,16,DDR5,,,,,,512,,,,,16.1,,,,,,,,,,,,,,,,False,False,Windows 11 Home,True,,,,[],,,,False,False,False,,116746.0,118990.0,2244.0,116746.0,117868.0,118990.0,24,flipkart,https://www.flipkart.com/hp-omen-intel-core-i5-13th-gen-13420h-16-gb-512-gb-ssd-windows-11-home-6-graphics-nvidia-geforce-rtx-4050-144-hz-120-w-16-wd0880tx-gaming-laptop/p/itmf78f7125cef63,2026-09-28T10:45:09.571898+00:00,valid
Acer,Acer Nitro 5 Pro,,Nitro,,Intel,Core i5 14th Gen 14450HX,Core i5,14,,,,,,,,,,,,,16,DDR5,,,,,,1024,,,,,16.0,,,,,,,,,,,,,,,,False,False,Windows 11 Home,True,,,,[],,,,False,False,False,,162990.0,248990.0,86000.0,162990.0,213490.0,268990.0,32,flipkart,https://www.flipkart.com/acer-nitro-5-pro-intel-core-i5-14th-gen-14450hx-16-gb-1-tb-ssd-windows-11-home-6-gb-graphics-nvidia-geforce-rtx-4050-an5p16-73g2-gaming-laptop/p/itm609add2d30ce8,2026-09-28T10:45:09.624237+00:00,valid
ASUS,ASUS TUF Gaming A16,AMD,TUF Gaming,2026,,,,,,,,,,,,,,,,,8,DDR5,,,,,,512,,,,,16.0,,,,,,,,,,,,,,,,False,False,Windows 11 Home,True,,,,[],,,,False,False,False,,126990.0,155990.0,29000.0,126990.0,141490.0,155990.0,2,flipkart,https://www.flipkart.com/asus-tuf-gaming-a16-2026-amd-ryzen-7-170-8-gb-512-gb-ssd-windows-11-home-6-graphics-nvidia-geforce-rtx-4050-144-hz-fa607nuq-rl208w-laptop/p/itmc6c7105da4a0a,2026-09-28T10:45:09.634143+00:00,valid
ASUS,ASUS TUF Gaming A16 with Office 2024 + M365 Basic,,TUF Gaming,2026,,,,,,,,,,,,,,,,,16,DDR5,,,,,,512,,,,,16.0,,,,,,,,,,,,,,,,False,False,Windows 11 Home,True,,,,[],,,,False,False,False,,140000.0,150000.0,10000.0,140000.0,145000.0,150000.0,2,flipkart,https://www.flipkart.com/asus-tuf-gaming-a16-2026-office-2024-m365-basic-amd-ryzen-7-170-16-gb-512-gb-ssd-windows-11-home-6-graphics-nvidia-geforce-rtx-4050-144-hz-fa607nuq-rl047ws-laptop/p/itmcac2714aed5d9,2026-09-28T10:45:09.638336+00:00,valid
HP,HP Victus,Intel,Victus,,,,,,,,,,,,,,,,,,16,DDR4,,,,,,512,,,,,15.6,,,,,,,,,,,,,,,,False,False,Windows 11 Home,True,,,,[],,,,False,False,False,,114990.0,130000.0,15010.0,114990.0,122495.0,130000.0,4,flipkart,https://www.flipkart.com/hp-victus-i5-14th-gen-intel-core-5-13th-gen-16-gb-512-gb-ssd-windows-11-home-6-graphics-nvidia-geforce-rtx-nvidia-rtx-4050-15-fa1278tx-gaming-laptop/p/itm9687851e16cba,2026-09-28T10:45:09.641696+00:00,valid
Acer,Acer Aspire 3D 15 SpatialLabs Edition,,Aspire,,Intel,Core i7 13th Gen 13620H,Core i7,13,,,,,,,,,,,,,16,DDR5,,,,,,1024,,,,,15.6,,,,,,,,,,,,,,,,False,False,Windows 11 Home,True,,,,[],,,,False,False,False,,,,,,,,0,flipkart,https://www.flipkart.com/acer-aspire-3d-15-spatiallabs-intel-core-i7-13th-gen-13620h-16-gb-1-tb-ssd-windows-11-home-6-gb-graphics-nvidia-geforce-rtx-4050-a3d15-71gm-gaming-laptop/p/itm4dd8ce8dcf5b5,2026-09-28T10:45:09.645973+00:00,insufficient_sources
Dell,DELL Alienware,,Alienware,,Intel,Core Ultra 7 155H,Core Ultra 7,1,,,,,,,,,,,,,16,DDR5,,,,,,1024,,,,,16.0,,,,,,,,,,,,,,,,False,False,Windows 11 Home,True,,,,[],,,,False,False,False,,,,,,,,0,flipkart,https://www.flipkart.com/dell-alienware-intel-core-ultra-7-155h-16-gb-1-tb-ssd-windows-11-home-6-gb-graphics-nvidia-geforce-rtx-4050-240-hz-m16-r2-gaming-laptop/p/itm2e355e4aea9b7,2026-09-28T10:45:09.649504+00:00,insufficient_sources
Acer,Acer Predator Helios Neo 14 AI PC,,Predator,,Intel,Core Ultra 7 155H,Core Ultra 7,1,,,,,,,,,,,,,16,LPDDR5X,,,,,,1024,,,,,14.5,,,,,,,,,,,,,,,,False,False,Windows 11 Home,True,,,,[],,,,False,False,False,,,,,,,,0,flipkart,https://www.flipkart.com/acer-predator-helios-neo-14-ai-pc-intel-core-ultra-7-155h-16-gb-1-tb-ssd-windows-11-home-6-gb-graphics-nvidia-geforce-rtx-4050-phn14-51-gaming-laptop/p/itm58591f005936b,2026-09-28T10:45:09.652807+00:00,insufficient_sources
Dell,DELL Alienware 15,,Alienware,,,,,,,,,,,,,,,,,,16,DDR5,,,,,,512,,,,,15.3,,,,,,,,,,,,,,,,False,False,Windows 11 Home,True,,,,[],,,,False,False,False,,130999.0,159200.0,28201.0,130999.0,145099.5,159200.0,2,flipkart,https://www.flipkart.com/dell-alienware-15-amd-ryzen-5-220-16-gb-512-gb-ssd-windows-11-home-6-graphics-nvidia-geforce-rtx-4050-165-hz-can15265cto02mino-gaming-laptop/p/itma2a27c356865b,2026-09-28T10:45:09.657667+00:00,valid
Acer,Acer Nitro V,,Nitro,,Intel,Core i7 13th Gen 13620H,Core i7,13,,,,,,,,,,,,,16,DDR5,,,,,,512,,,,,15.6,,,,,,,,,,,,,,,,False,False,Windows 11 Home,True,,,,[],,,,False,False,False,,,,,,,,0,flipkart,https://www.flipkart.com/acer-nitro-v-intel-core-i7-13th-gen-13620h-16-gb-512-gb-ssd-windows-11-home-6-graphics-nvidia-geforce-rtx-4050-anv15-51-727e-anv15-51-578g-gaming-laptop/p/itm771bcbdbde25c,2026-09-28T10:45:09.662970+00:00,insufficient_sources
ASUS,ASUS TUF Gaming A15,,TUF Gaming,,AMD,Ryzen 7 Hexa Core 7435HS,Ryzen 7,7,,,,,,,,,,,,,16,DDR5,,,,,,512,,,,,15.6,,,,,,,,,,,,,,,,False,False,Windows 11 Home,True,,,,[],,,,False,False,False,,,,,,,,0,flipkart,https://www.flipkart.com/asus-tuf-gaming-a15-amd-ryzen-7-hexa-core-7435hs-16-gb-512-gb-ssd-windows-11-home-6-graphics-nvidia-geforce-rtx-4050-fa507nur-lp082w-laptop/p/itmc6ca6f861b082,2026-09-28T10:45:09.669257+00:00,insufficient_sources
HP,HP Omen,,Omen,,AMD,Ryzen 7 Octa Core 7840HS,Ryzen 7,7,,,,,,,,,,,,,16,DDR5,,,,,,1024,,,,,16.1,,,,,,,,,,,,,,,,False,False,Windows 11 Home,True,,,,[],,,,False,False,False,,106319.0,125900.0,19581.0,106319.0,116109.5,125900.0,2,flipkart,https://www.flipkart.com/hp-omen-amd-ryzen-7-octa-core-7840hs-16-gb-1-tb-ssd-windows-11-home-6-gb-graphics-nvidia-geforce-rtx-4050-165-hz-16-xd0015ax-gaming-laptop/p/itmabad31c69922e,2026-09-28T10:45:09.673075+00:00,valid
Colorful,Colorful P15,,,,Intel,Core i7 13th Gen 13620H,Core i7,13,,,,,,,,,,,,,16,DDR5,,,,,,512,,,,,15.6,,,,,,,,,,,,,,,,False,False,Windows 11 Home,True,,,,[],,,,False,False,False,,,,,,,,0,flipkart,https://www.flipkart.com/colorful-p15-intel-core-i7-13th-gen-13620h-16-gb-512-gb-ssd-windows-11-home-8-graphics-nvidia-geforce-rtx-4060-23-hj76b16512e-g-ind-gaming-laptop/p/itm5378e14af26f5,2026-09-28T10:45:09.730389+00:00,insufficient_sources
MSI,MSI Stealth 16 Studio,,,,Intel,Core i7 13th Gen 13700H,Core i7,13,,,,,,,,,,,,,32,DDR5,,,,,,1024,,,,,16.0,,,,,,,,,,,,,,,,False,False,Windows 11 Home,True,,,,[],,,,False,False,False,,189040.0,279000.0,89960.0,189040.0,234020.0,279000.0,8,flipkart,https://www.flipkart.com/msi-stealth-16-studio-intel-core-i7-13th-gen-13700h-32-gb-1-tb-ssd-windows-11-home-8-gb-graphics-nvidia-geforce-rtx-4060-240-hz-a13vf-023in-gaming-laptop/p/itm658eded415e2c,2026-09-28T10:45:09.735050+00:00,valid
Dell,DELL XPS,,XPS,,Intel,Core Ultra 7 155H,Core Ultra 7,1,,,,,,,,,,,,,32,LPDDR5,,,,,,1024,,,,,16.3,,,,,,,,,,True,,,,,,False,False,Windows 11 Home,True,,,,[],,,,False,False,False,,,,,,,,0,flipkart,https://www.flipkart.com/dell-xps-intel-core-ultra-7-155h-32-gb-1-tb-ssd-windows-11-home-8-gb-graphics-nvidia-geforce-rtx-4060-9640-creator-laptop/p/itmea3f5d8f0f46c,2026-09-28T10:45:09.738738+00:00,insufficient_sources
ASUS,ASUS TUF Gaming F16 with Office 2024 + M365 Basic*,,TUF Gaming,2025,Intel,Core i7 14th Gen 14650HX,Core i7,14,,,,,,,,,,,,,16,DDR5,,,,,,1024,,,,,16.0,,,,,,,,,,,,,,,,False,False,Windows 11 Home,True,,,,[],,,,False,False,False,,186390.0,229900.0,43510.0,139990.0,191815.0,229900.0,14,flipkart,https://www.flipkart.com/asus-tuf-gaming-f16-2025-office-2024-m365-basic-intel-core-i7-14th-gen-14650hx-16-gb-1-tb-ssd-windows-11-home-8-gb-graphics-nvidia-geforce-rtx-5060-165-hz-fx608jmr-rv049ws-laptop/p/itm941aa64dad2a5,2026-09-28T10:45:09.745065+00:00,valid
Gigabyte,GIGABYTE AORUS,,,,Intel,Core i7 13th Gen 13700H,Core i7,13,,,,,,,,,,,,,16,DDR5,,,,,,1024,,,,,15.6,,,,,,,,,,,,,,,,False,False,Windows 11 Home,True,,,,[],,,,False,False,False,,,,,,,,0,flipkart,https://www.flipkart.com/gigabyte-aorus-intel-core-i7-13th-gen-13700h-16-gb-1-tb-ssd-windows-11-home-8-gb-graphics-nvidia-geforce-rtx-4060-15-bkf-73in754sh-gaming-laptop/p/itmde884c7fc7d32,2026-09-28T10:45:09.749440+00:00,insufficient_sources
Lenovo,Lenovo LOQ,,LOQ,2021,Intel,Core i5 12th Gen 12450H,Core i5,12,,,,,,,,,,,,,16,DDR5,,,,,,512,,,,,15.6,,,,,,,,,,,,,,,,False,False,Windows 11 Home,True,,,,[],,,,False,False,False,,105990.0,120000.0,14010.0,93990.0,109508.75,131190.0,24,flipkart,https://www.flipkart.com/lenovo-loq-intel-core-i5-12th-gen-12450h-16-gb-512-gb-ssd-windows-11-home-6-graphics-nvidia-geforce-rtx-3050-15irh8-gaming-laptop/p/itme091d6103d2b3,2026-09-28T11:03:46.018840+00:00,valid
Lenovo,Lenovo LOQ,,LOQ,2021,Intel,Core i7 14th Gen 14700HX,Core i7,14,,,,,,,,,,,,,16,DDR5,,,,,,1024,,,,,15.6,,,,,,,,,,,,,,,,False,False,Windows 11 Home,True,,,,[],,,,False,False,False,,168990.0,199000.0,30010.0,168990.0,183995.0,199000.0,12,flipkart,https://www.flipkart.com/lenovo-loq-intel-core-i7-14th-gen-14700hx-16-gb-1-tb-ssd-windows-11-home-8-gb-graphics-nvidia-geforce-rtx-4060-15irx9-gaming-laptop/p/itme3e94a3f73f71,2026-09-28T10:45:09.756974+00:00,valid
MSI,MSI Crosshair 16 HX AI,,,,Intel,Core Ultra 9 275HX,Core Ultra 9,1,,,,,,,,,,,,,16,DDR5,,,,,,1024,,,,,16.0,,,,,,,,,,,,,,,,False,False,Windows 11 Home,True,,,,[],,,,False,False,False,,,,,,,,0,flipkart,https://www.flipkart.com/msi-crosshair-16-hx-ai-intel-core-ultra-9-275hx-16-gb-1-tb-ssd-windows-11-home-8-gb-graphics-nvidia-geforce-rtx-5060-240-hz-115-w-d2xwfkg-gaming-laptop/p/itm8f6d50d2e0e61,2026-09-28T10:45:09.766466+00:00,insufficient_sources
MSI,MSI Pulse 15,,,,Intel,Core i7 13th Gen 13700H,Core i7,13,,,,,,,,,,,,,16,DDR5,,,,,,1024,,,,,15.6,,,,,,,,,,,,,,,,False,False,Windows 11 Home,True,,,,[],,,,False,False,False,,,,,,,,0,flipkart,https://www.flipkart.com/msi-pulse-15-intel-core-i7-13th-gen-13700h-16-gb-1-tb-ssd-windows-11-home-8-gb-graphics-nvidia-geforce-rtx-4060-360-hz-b13vfk-293in-gaming-laptop/p/itm738b4ec47b5d7,2026-09-28T10:45:09.771053+00:00,insufficient_sources
HP,HP OMEN,,Omen,,Intel,Core i7 13th Gen 13700HX,Core i7,13,,,,,,,,,,,,,16,DDR5,,,,,,512,,,,,16.1,,,,,,,,,,,,,,,,False,False,Windows 11 Home,True,,,,[],,,,False,False,False,,130900.0,176990.0,46090.0,130900.0,153945.0,176990.0,8,flipkart,https://www.flipkart.com/hp-omen-intel-core-i7-13th-gen-13700hx-16-gb-512-gb-ssd-windows-11-home-8-graphics-nvidia-geforce-rtx-4060-16-wf0056tx-gaming-laptop/p/itm02b151446f589,2026-09-28T10:45:09.774359+00:00,valid
ASUS,ASUS TUF Gaming F16,Intel,TUF Gaming,2026,Intel,Core i7 14th Gen 14650HX,Core i7,14,,,,,,,,,,,,,16,DDR5,,,,,,1024,,,,,16.0,,,,,,,,,,,,,,,,False,False,Windows 11 Home,True,,,,[],,,,False,False,False,,201990.0,269990.0,68000.0,201990.0,254105.5,299990.0,18,flipkart,https://www.flipkart.com/asus-tuf-gaming-f16-2026-intel-core-i7-14th-gen-14650hx-16-gb-1-tb-ssd-windows-11-home-8-gb-graphics-nvidia-geforce-rtx-5050-144-hz-fx608jhi-tu225ws-laptop/p/itmde630859152d4,2026-09-28T11:07:30.585710+00:00,valid
Acer,Acer Predator Helios Neo 16,,Predator,,Intel,Core i7 14th Gen 14700HX,Core i7,14,,,,,,,,,,,,,16,DDR5,,,,,,1024,,,,,16.0,,,,,,,,,,,,,,,,False,False,Windows 11 Home,True,,,,[],,,,False,False,False,,,,,,,,0,flipkart,https://www.flipkart.com/acer-predator-helios-neo-16-intel-core-i7-14th-gen-14700hx-16-gb-1-tb-ssd-windows-11-home-6-gb-graphics-nvidia-geforce-rtx-4050-phn16-72-77gz-gaming-laptop/p/itm34f68c296ce65,2026-09-28T10:45:09.851617+00:00,insufficient_sources
HP,HP Victus,,Victus,2024,Intel,Core i5 14th Gen 14450HX,Core i5,14,,,,,,,,,,,,,24,DDR5,,,,,,512,,,,,15.6,,,,,,,,,,,,,,,,False,False,Windows 11 Home,True,,,,[],,,,False,False,False,,112970.0,121999.0,9029.0,112970.0,117484.5,121999.0,20,flipkart,https://www.flipkart.com/hp-victus-intel-core-i5-14th-gen-14450hx-24-gb-512-gb-ssd-windows-11-home-6-graphics-nvidia-geforce-rtx-4050-15-fa2382tx-gaming-laptop/p/itmc8b9497c77521,2026-09-28T10:45:09.856564+00:00,valid
MSI,MSI Pulse GL66,,,,Intel,Core i7 11th Gen 11800H,Core i7,11,,,,,,,,,,,,,16,DDR4,,,,,,1024,,,,,15.6,,,,,,,,,,,,,,,,False,False,Windows 10,True,,,,[],,,,False,False,False,,,,,,,,0,flipkart,https://www.flipkart.com/msi-pulse-gl66-intel-core-i7-11th-gen-11800h-16-gb-1-tb-ssd-windows-10-home-6-gb-graphics-nvidia-geforce-rtx-3060-144-hz-85-w-11uek-248in-gaming-laptop/p/itm84ee26d300993,2026-09-28T10:45:09.892135+00:00,insufficient_sources
HP,HP Omen AI,,Omen,2024,AMD,Ryzen AI 7 Octa Core 350 -,Ryzen AI,,,,,,,,,,,,,,24,DDR5,,,,,,1024,,,,,16.0,,,,,,,,,,,,,,,,False,False,Windows 11 Home,True,,,,[],,,,False,False,False,,,,,,,,0,flipkart,https://www.flipkart.com/hp-omen-ai-amd-ryzen-7-octa-core-350-24-gb-1-tb-ssd-windows-11-home-8-gb-graphics-nvidia-geforce-rtx-5060-16-ap0183ax-gaming-laptop/p/itme140bc7778f30,2026-09-28T10:45:09.899028+00:00,insufficient_sources
Acer,Acer Predator Helios 16,,Predator,,Intel,Core i7 14th Gen 14700HX,Core i7,14,,,,,,,,,,,,,16,DDR5,,,,,,1024,,,,,16.0,,,,,,,,,,,,,,,,False,False,Windows 11 Home,True,,,,[],,,,False,False,False,,,,,,,,0,flipkart,https://www.flipkart.com/acer-predator-helios-16-intel-core-i7-14th-gen-14700hx-16-gb-1-tb-ssd-windows-11-home-8-gb-graphics-nvidia-geforce-rtx-4070-ph16-72-gaming-laptop/p/itm34f68c296ce65,2026-09-28T10:45:09.904267+00:00,insufficient_sources
MSI,MSI Stealth 17,,,,Intel,Core i7 13th Gen 13700H,Core i7,13,,,,,,,,,,,,,16,DDR5,,,,,,2048,,,,,17.3,,,,,,,,,,,,,,,,False,False,Windows 11 Home,True,,,,[],,,,False,False,False,,,,,,,,0,flipkart,https://www.flipkart.com/msi-stealth-17-intel-core-i7-13th-gen-13700h-16-gb-2-tb-ssd-windows-11-home-8-gb-graphics-nvidia-geforce-rtx-4070-240-hz-studio-a13vg-029in-gaming-laptop/p/itm8dcc50d580dd9,2026-09-28T10:45:09.907036+00:00,insufficient_sources
ASUS,ASUS ROG Strix G16 with Office 2024 + M365 Basic*,,ROG,2025,Intel,Core Ultra 9 275HX,Core Ultra 9,1,,,,,,,,,,,,,16,DDR5,,,,,,1024,,,,,16.0,,,,,,,,,,,,,,,,False,False,Windows 11 Home,True,,,,[],,,,False,False,False,,199990.0,227990.0,28000.0,199990.0,213990.0,227990.0,10,flipkart,https://www.flipkart.com/asus-rog-strix-g16-2025-office-2024-m365-basic-intel-core-ultra-9-275hx-16-gb-1-tb-ssd-windows-11-home-8-gb-graphics-nvidia-geforce-rtx-5060-240-hz-g615lm-s5128ws-gaming-laptop/p/itm9486b8549da35,2026-09-28T10:45:09.969472+00:00,valid
Lenovo,Lenovo LOQ 2025,,LOQ,2025,Intel,Core i7 14th Gen 14700HX,Core i7,14,,,,,,,,,,,,,16,DDR5,,,,,,512,,,,,15.6,,,,,,,,,,,,,,,,False,False,Windows 11 Home,True,,,,[],,,,False,False,False,,186990.0,345490.0,158500.0,179990.0,257458.18,345490.0,22,flipkart,https://www.flipkart.com/lenovo-loq-2025-intel-core-i7-14th-gen-14700hx-16-gb-512-gb-ssd-windows-11-home-8-graphics-nvidia-geforce-rtx-5060-15irx10-gaming-laptop/p/itm3ebff9af7509f,2026-09-28T10:45:09.974744+00:00,valid
Lenovo,Lenovo Legion 7,,Legion,,Intel,Core Ultra 9 275HX,Core Ultra 9,1,,,,,,,,,,,,,32,DDR5,,,,,,1024,,,,,16.0,,,,,,,,,,,,,,,,False,False,Windows 11 Home,True,,,,[],,,,False,False,False,,325990.0,339390.0,13400.0,274490.0,315356.67,339390.0,12,flipkart,https://www.flipkart.com/lenovo-legion-7-intel-core-ultra-9-275hx-32-gb-1-tb-ssd-windows-11-home-12-gb-graphics-nvidia-geforce-rtx-5070-ti-pro-16iax10h-gaming-laptop/p/itm85d80715e0258,2026-09-28T10:45:09.982286+00:00,valid
MSI,MSI Raider GE78 HX,,,,Intel,Core i9 14th Gen 14900HX,Core i9,14,,,,,,,,,,,,,32,DDR5,,,,,,2048,,,,,18.0,,,,,,,,,,,,,,,,False,False,Windows 11 Home,True,,,,[],,,,False,False,False,,,,,,,,0,flipkart,https://www.flipkart.com/msi-raider-ge78-hx-intel-core-i9-14th-gen-14900hx-32-gb-2-tb-ssd-windows-11-home-12-gb-graphics-nvidia-geforce-rtx-4080-240-hz-14vhg-805in-gaming-laptop/p/itm2a51efb47770e,2026-09-28T10:45:09.987374+00:00,insufficient_sources
ASUS,ASUS ROG Strix G16 with Office 2024 + M365 Basic*,,ROG,2025,Intel,Core Ultra 9 275HX,Core Ultra 9,1,,,,,,,,,,,,,32,DDR5,,,,,,1024,,,,,16.0,,,,,,,,,,,,,,,,False,False,Windows 11 Home,True,,,,[],,,,False,False,False,,251999.0,350999.0,99000.0,251999.0,301499.0,350999.0,4,flipkart,https://www.flipkart.com/asus-rog-strix-g16-2025-office-2024-m365-basic-intel-core-ultra-9-275hx-32-gb-1-tb-ssd-windows-11-home-8-gb-graphics-nvidia-geforce-rtx-5070-240-hz-g615lp-s5022ws-gaming-laptop/p/itmb27d8daded6dd,2026-09-28T10:45:09.999670+00:00,valid
HP,HP OMEN,,Omen,,Intel,Core i9 13th Gen 13900HX,Core i9,13,,,,,,,,,,,,,32,DDR5,,,,,,1024,,,,,16.0,,,,,,,,,,,,,,,,False,False,Windows 11 Home,True,,,,[],,,,False,False,False,,,,,,,,0,flipkart,https://www.flipkart.com/hp-omen-intel-core-i9-13th-gen-13900hx-32-gb-1-tb-ssd-windows-11-home-8-gb-graphics-nvidia-geforce-rtx-4070-16-u0023tx-gaming-laptop/p/itm02b151446f589,2026-09-28T10:45:10.002992+00:00,insufficient_sources
MSI,MSI Vector GP68HX,,,,Intel,Core i7 13th Gen 13700HX,Core i7,13,,,,,,,,,,,,,16,DDR5,,,,,,1024,,,,,16.0,,,,,,,,,,,,,,,,False,False,Windows 11 Home,True,,,,[],,,,False,False,False,,,,,,,,0,flipkart,https://www.flipkart.com/msi-vector-gp68hx-intel-core-i7-13th-gen-13700hx-16-gb-1-tb-ssd-windows-11-home-8-gb-graphics-nvidia-geforce-rtx-4070-240-hz-gp68-hx-13vg-214in-gaming-laptop/p/itm6660ae2457ce2,2026-09-28T10:45:10.011440+00:00,insufficient_sources
ASUS,ASUS ROG Zephyrus G14 OLED,AMD,ROG,2026,AMD,Ryzen AI 9 10 Core 465 -,Ryzen AI 9,,,,,,,,,,,,,,16,LPDDR5X,,,,,,1024,,,,,14.0,,,,,OLED,,,,,,,,,,,False,False,Windows 11 Home,True,,,,[],,,,False,False,False,,259990.0,311990.0,52000.0,259990.0,285990.0,311990.0,4,flipkart,https://www.flipkart.com/asus-rog-zephyrus-g14-oled-2026-amd-ryzen-ai-9-10-core-465-16-gb-1-tb-ssd-windows-11-home-8-gb-graphics-nvidia-geforce-rtx-5060-120-hz-ga403gm-sy163ws-gaming-laptop/p/itm87cc204c071c1,2026-09-28T10:45:10.016207+00:00,valid
ASUS,ASUS ROG Strix G16,Intel,ROG,2026,Intel,Core Ultra 7 255HX,Core Ultra 7,1,,,,,,,,,,,,,16,DDR5,,,,,,1024,,,,,16.0,,,,,,,,,,,,,,,,False,False,Windows 11 Home,True,,,,[],,,,False,False,False,,239990.0,287990.0,48000.0,239990.0,263990.0,287990.0,6,flipkart,https://www.flipkart.com/asus-rog-strix-g16-2026-intel-core-ultra-7-255hx-16-gb-1-tb-ssd-windows-11-home-8-gb-graphics-nvidia-geforce-rtx-5060-300-hz-g615lm-ts268ws-gaming-laptop/p/itm81126ead617f8,2026-09-28T10:45:10.019917+00:00,valid
Samsung,Samsung Galaxy Book5 AI Metal,NP750XHD,,2024,Intel,Core Ultra 5 225U,Core Ultra 5,1,,,,,,,,,,,,,16,LPDDR5X,,,,,,512,,,,,15.6,,,,,,,,,,,,,,,,False,False,Windows 11 Home,True,,,,[],,,,False,False,False,,86990.0,99990.0,13000.0,86990.0,93490.0,99990.0,14,flipkart,https://www.flipkart.com/samsung-galaxy-book5-ai-metal-intel-core-ultra-5-225u-16-gb-512-gb-ssd-windows-11-home-np750xhd-thin-light-laptop/p/itmc33d2563d0ffc,2026-09-28T10:45:10.072169+00:00,valid
Samsung,Samsung Galaxy Book6 Ultra,NP960UJ,,,,,,,,,,,,,,,,,,,32,LPDDR5X,,,,,,1024,,,,,16.0,,,,,,,,,,True,,,,,,False,False,Windows 11 Home,True,,,,[],,,,False,False,False,,310990.0,417190.0,106200.0,310990.0,364090.0,417190.0,12,flipkart,https://www.flipkart.com/samsung-galaxy-book6-ultra-intel-core-7-series-3-356h-32-gb-1-tb-ssd-windows-11-home-np960ujh-thin-light-laptop/p/itm0c305a6e717fa,2026-09-28T10:45:10.077041+00:00,valid
Samsung,Samsung Galaxy Book3,NP750XFG-KA3IN,,,Intel,Core i7 13th Gen 1355U,Core i7,,,,,,,,,,,,,,16,LPDDR4X,,,,,,512,,,,,15.6,,,,,,,,,,,,,,,,False,False,Windows 11 Home,True,,,,[],,,,False,False,False,,79990.0,120990.0,41000.0,79990.0,100490.0,120990.0,14,flipkart,https://www.flipkart.com/samsung-galaxy-book3-intel-core-i7-13th-gen-1355u-16-gb-512-gb-ssd-windows-11-home-np750xfg-ka3in-thin-light-laptop/p/itm060a8fab083ca,2026-09-28T10:45:10.082786+00:00,valid
Samsung,Samsung Galaxy Book2,NP750XED-KC3IN,,,Intel,Core i5 12th Gen 1235U,Core i5,,,,,,,,,,,,,,16,LPDDR4X,,,,,,512,,,,,15.6,,,,,,,,,,,,,,,,False,False,Windows 11 Home,True,,,,[],,,,False,False,False,,,,,,,,0,flipkart,https://www.flipkart.com/samsung-galaxy-book2-intel-core-i5-12th-gen-1235u-16-gb-512-gb-ssd-windows-11-home-np750xed-kc3in-thin-light-laptop/p/itm7409a1e16a0c1,2026-09-28T10:45:10.087496+00:00,insufficient_sources
Samsung,Samsung Galaxy Book5 Pro Next Gen AI PC Full Metal Chasis,,,,Intel,Core Ultra 7 256V,Core Ultra 7,2,,,,,,,,,,,,,16,LPDDR5X,,,,,,512,,,,,14.0,,,,,,,,,,True,,,,,,False,False,Windows 11,True,,,,[],,,,False,False,False,,154999.0,167990.0,12991.0,154999.0,161494.5,167990.0,14,flipkart,https://www.flipkart.com/samsung-galaxy-book5-pro-next-gen-ai-pc-full-metal-chasis-intel-core-ultra-7-256v-16-gb-512-gb-ssd-windows-11-home-np940xha-thin-light-laptop/p/itm87a0d01864c90,2026-09-28T10:45:10.091822+00:00,valid
Samsung,Samsung Galaxy Book4,Intel,,,Intel,Core 5 120U,,,,,,,,,,,,,,,8,LPDDR4X,,,,,,512,,,,,15.6,,,,,,,,,,,,,,,,False,False,Windows 11 Home,True,,,,[],,,,False,False,False,,,,,,,,0,flipkart,https://www.flipkart.com/samsung-galaxy-book4-i5-14th-gen-intel-core-5-120u-8-gb-512-gb-ssd-windows-11-home-np750xgk-thin-light-laptop/p/itm47b30d5de382e,2026-09-28T10:45:10.102021+00:00,insufficient_sources
Samsung,Samsung Galaxy Book6,NP760VJG,,,,,,,,,,,,,,,,,,,16,LPDDR5X,,,,,,512,,,,,16.0,,,,,,,,,,,,,,,,False,False,Windows 11 Home,True,,,,[],,,,False,False,False,,119990.0,153990.0,34000.0,119990.0,142159.23,165190.0,26,flipkart,https://www.flipkart.com/samsung-galaxy-book6-intel-core-ultra-5-series-3-325-16-gb-512-gb-ssd-windows-11-home-np760vjg-thin-light-laptop/p/itm8fa5cacceca9b,2026-09-28T10:45:10.105654+00:00,valid
Samsung,Samsung Galaxy Book 2,NP550,Galaxy Book,,Intel,Core i7 12th Gen 1255U,Core i7,,,,,,,,,,,,,,16,DDR4,,,,,,512,,,,,15.6,,,,,,,,,,,,,,,,False,False,Windows 11 Home,True,,,,[],,,,False,False,False,,72990.0,92990.0,20000.0,72990.0,82990.0,92990.0,14,flipkart,https://www.flipkart.com/samsung-galaxy-book-2-intel-core-i7-12th-gen-1255u-16-gb-512-gb-ssd-windows-11-home-np550-thin-light-laptop/p/itm2822d57f3725d,2026-09-28T10:45:10.111564+00:00,valid
Samsung,Samsung Galaxy Book4 Pro Evo AI PC,NP960X,,2021,Intel,Core Ultra 5 125H,Core Ultra 5,1,,,,,,,,,,,,,16,LPDDR5X,,,,,,512,,,,,16.0,,,,,,,,,,True,,,,,,False,False,Windows 11 Home,True,,,,[],,,,False,False,False,,149032.0,163289.0,14257.0,149032.0,156160.5,163289.0,14,flipkart,https://www.flipkart.com/samsung-galaxy-book4-pro-evo-ai-pc-intel-core-ultra-5-125h-16-gb-512-gb-ssd-windows-11-home-np960xgk-kg1in-np960xgk-lg1in-thin-light-laptop/p/itm370bc665c0725,2026-09-28T10:45:10.123261+00:00,valid
Samsung,Samsung Galaxy Book5 Pro AI PC Full Metal Chasis,,,,Intel,Core Ultra 7 256V,Core Ultra 7,2,,,,,,,,,,,,,16,LPDDR5X,,,,,,1024,,,,,14.0,,,,,,,,,,True,,,,,,False,False,Windows 11,True,,,,[],,,,False,False,False,,,,,,,,0,flipkart,https://www.flipkart.com/samsung-galaxy-book5-pro-ai-pc-full-metal-chasis-intel-core-ultra-7-256v-16-gb-1-tb-ssd-windows-11-home-np940xha-thin-light-laptop/p/itm6ebd149ae967e,2026-09-28T10:45:10.126389+00:00,insufficient_sources
Samsung,Samsung Galaxy Book6 Pro,NP940XJG,,,,,,,,,,,,,,,,,,,32,LPDDR5X,,,,,,1024,,,,,14.0,,,,,,,,,,True,,,,,,False,False,Windows 11 Home,True,,,,[],,,,False,False,False,,214990.0,291190.0,76200.0,214990.0,253090.0,291190.0,12,flipkart,https://www.flipkart.com/samsung-galaxy-book6-pro-intel-core-ultra-x7-series-3-358h-32-gb-1-tb-ssd-windows-11-home-np940xjg-thin-light-laptop/p/itmb9add7e5d0714,2026-09-28T10:45:10.143069+00:00,valid
Samsung,Samsung Galaxy Book5 Pro 360 AI PC Full Metal Chasis,,,,Intel,Core Ultra 7 258V,Core Ultra 7,2,,,,,,,,,,,,,32,LPDDR5X,,,,,,1024,,,,,16.0,,,,,,,,,,True,,,,,,False,False,Windows 11,True,,,,[],,,,False,False,False,,,,,,,,0,flipkart,https://www.flipkart.com/samsung-galaxy-book5-pro-360-ai-pc-full-metal-chasis-intel-core-ultra-7-258v-32-gb-1-tb-ssd-windows-11-home-np960qha-2-1-laptop/p/itm67f79ce8e9e3f,2026-09-28T10:45:10.135309+00:00,insufficient_sources
Samsung,Samsung Galaxy Book2 Pro EVO AMOLED,,,,Intel,Core i7 12th Gen 1260P,Core i7,,,,,,,,,,,,,,16,DDR5,,,,,,512,,,,,15.6,,,,,,,,,,,,,,,,False,False,Windows 11 Home,True,,,,[],,,,False,False,False,,122999.0,149990.0,26991.0,122999.0,136494.5,149990.0,10,flipkart,https://www.flipkart.com/samsung-galaxy-book2-pro-evo-amoled-intel-core-i7-12th-gen-1260p-16-gb-512-gb-ssd-windows-11-home-np950xed-ka1in-thin-light-laptop/p/itmf9bf3a55844bb,2026-09-28T10:45:10.139518+00:00,valid
Acer,"Acer Aspire Lite with Backlit Keyboard,",,Aspire,,Intel,Core i5 12th Gen 1235U,Core i5,,,,,,,,,,,,,,16,DDR4,,,,,,512,,,,,15.6,,,,,,,,,,,,,,,,False,False,Windows 11,True,,,,[],Backlit Keyboard,,,False,False,False,,64900.0,69800.0,4900.0,64900.0,67350.0,69800.0,18,flipkart,https://www.flipkart.com/acer-aspire-lite-backlit-keyboard-intel-core-i5-12th-gen-1235u-16-gb-512-gb-ssd-windows-11-home-al15-52-thin-light-laptop/p/itm1bc0bcb4598e7,2026-09-28T10:47:08.194785+00:00,valid
Acer,Acer Aspire 3,Intel,Aspire,,Intel,Core 3 100U,,,,,,,,,,,,,,,8,DDR4,,,,,,512,,,,,14.0,,,,,,,,,,,,,,,,False,False,Windows 11 Home,True,,,,[],,,,False,False,False,,49990.0,94999.0,45009.0,49990.0,72494.5,94999.0,16,flipkart,https://www.flipkart.com/acer-aspire-3-i3-14th-gen-intel-core-100u-8-gb-512-gb-ssd-windows-11-home-a324-53-notebook/p/itmcc145dc1a3908,2026-09-28T10:47:10.864045+00:00,valid
Acer,Acer Aspire 14,AS14-39,Aspire,,AMD,Ryzen 3 3200U,Ryzen 3,3,,,,,,,,,,,,,8,DDR4,,,,,,256,,,,,14.0,,,,,,,,,,,,,,,,False,False,Windows 11 Home,True,,,,[],,,,False,False,False,,45990.0,51990.0,6000.0,45990.0,48990.0,51990.0,22,flipkart,https://www.flipkart.com/acer-aspire-14-amd-ryzen-3-3200u-8-gb-256-gb-ssd-windows-11-home-as14-39-notebook/p/itmaaf97abbd3aef,2026-09-28T10:47:10.867326+00:00,valid
Acer,Acer Aspire Lite,AL15-41,Aspire,,AMD,Ryzen 3 7330U,Ryzen 3,7,,,,,,,,,,,,,8,DDR4,,,,,,512,,,,,15.6,,,,,,,,,,,,,,,,False,False,Windows 11 Home,True,,,,[],,,,False,False,False,,47419.0,58990.0,11571.0,47419.0,53204.5,58990.0,18,flipkart,https://www.flipkart.com/acer-aspire-lite-amd-ryzen-3-7330u-8-gb-512-gb-ssd-windows-11-home-al15-41-notebook/p/itmd7a3885edd674,2026-09-28T10:47:10.870876+00:00,valid
Acer,Acer Aspire 3,A311-45,Aspire,,AMD,Ryzen 3 Quad Core 7330U,Ryzen 3,7,,,,,,,,,,,,,8,DDR4,,,,,,512,,,,,15.6,,,,,,,,,,,,,,,,False,False,Windows 11 Home,True,,,,[],,,,False,False,False,,46990.0,79990.0,33000.0,46990.0,63490.0,79990.0,8,flipkart,https://www.flipkart.com/acer-aspire-3-amd-ryzen-quad-core-7330u-8-gb-512-gb-ssd-windows-11-home-a311-45-notebook/p/itm4aa124f53945a,2026-09-28T10:47:10.874898+00:00,valid
Acer,Acer Aspire 3,A324-45,Aspire,,Intel,Celeron Dual Core N4500,,,,,,,,,,,,,,,12,LPDDR4X,,,,,,512,,,,,14.0,,,,,,,,,,,,,,,,False,False,Windows 11 Home,True,,,,[],,,,False,False,False,,39500.0,40000.0,500.0,39500.0,39750.0,40000.0,16,flipkart,https://www.flipkart.com/acer-aspire-3-intel-celeron-dual-core-n4500-12-gb-512-gb-ssd-windows-11-home-a324-45-thin-light-laptop/p/itmbbfe217e40d59,2026-09-28T10:47:10.897513+00:00,valid
Acer,Acer Aspire 3,A325-42,Aspire,,AMD,Ryzen 3 5400U,Ryzen 3,5,,,,,,,,,,,,,8,DDR4,,,,,,512,,,,,15.6,,,,,,,,,,,,,,,,False,False,Windows 11 Home,True,,,,[],,,,False,False,False,,43999.0,52999.0,9000.0,43999.0,48499.0,52999.0,22,flipkart,https://www.flipkart.com/acer-aspire-3-amd-ryzen-5400u-8-gb-512-gb-ssd-windows-11-home-a325-42-notebook/p/itma7d73828c7c3f,2026-09-28T10:47:10.900656+00:00,valid
Acer,"Acer Aspire Lite Metal , Backlit Keyboard",,Aspire,2026,AMD,Ryzen 3 7330U,Ryzen 3,7,,,,,,,,,,,,,8,DDR4,,,,,,512,,,,,15.6,,,,,,,,,,,,,,,,False,False,Windows 11 Home,True,,,,[],Backlit Keyboard,,,False,False,False,,44990.0,69990.0,25000.0,44990.0,57490.0,69990.0,18,flipkart,https://www.flipkart.com/acer-aspire-lite-metal-2026-backlit-keyboard-amd-ryzen-3-7330u-8-gb-512-gb-ssd-windows-11-home-al15-42-notebook/p/itm3896a4c2a0406,2026-09-28T10:47:10.914843+00:00,valid
Acer,Acer One 14,A114-43,,,AMD,Ryzen 3 Quad Core 7320U,Ryzen 3,7,,,,,,,,,,,,,8,LPDDR5,,,,,,256,,,,,14.0,,,,,,,,,,,,,,,,False,False,Windows 11 Home,True,,,,[],,,,False,False,False,,40790.0,55000.0,14210.0,40790.0,47895.0,55000.0,20,flipkart,https://www.flipkart.com/acer-one-14-amd-ryzen-3-quad-core-7320u-8-gb-256-gb-ssd-windows-11-home-a114-43-thin-light-laptop/p/itm283f44123aab0,2026-09-28T10:47:10.920360+00:00,valid
Acer,Acer Aspire,A324-45,Aspire,,Intel,Celeron Dual Core N4500,,,,,,,,,,,,,,,12,LPDDR4X,,,,,,256,,,,,14.0,,,,,,,,,,,,,,,,False,False,Windows 11 Home,True,,,,[],,,,False,False,False,,,,,,,,0,flipkart,https://www.flipkart.com/acer-aspire-intel-celeron-dual-core-n4500-12-gb-256-gb-ssd-windows-11-home-a324-45-v2-thin-light-laptop/p/itmbbfe217e40d59,2026-09-28T10:47:10.925436+00:00,insufficient_sources
Acer,Acer Aspire 3,A325-42,Aspire,,AMD,Ryzen 3 5300U,Ryzen 3,5,,,,,,,,,,,,,8,DDR4,,,,,,256,,,,,15.6,,,,,,,,,,,,,,,,False,False,Windows 11 Home,True,,,,[],,,,False,False,False,,40990.0,49990.0,9000.0,40990.0,45490.0,49990.0,16,flipkart,https://www.flipkart.com/acer-aspire-3-amd-ryzen-5300u-8-gb-256-gb-ssd-windows-11-home-a325-42-notebook/p/itm0a8558b1e5a9d,2026-09-28T10:47:10.930815+00:00,valid
Acer,Acer One 15,AO15-41M,,,AMD,Ryzen 3 Octa Core 7320U,Ryzen 3,7,,,,,,,,,,,,,8,LPDDR5,,,,,,256,,,,,15.6,,,,,,,,,,,,,,,,False,False,Windows 11 Home,True,,,,[],,,,False,False,False,,42895.0,57500.0,14605.0,42895.0,50197.5,57500.0,10,flipkart,https://www.flipkart.com/acer-one-15-amd-ryzen-3-octa-core-7320u-8-gb-256-gb-ssd-windows-11-home-ao15-41m-g2-notebook/p/itmd10ebd21ce9cc,2026-09-28T10:47:10.953722+00:00,valid
Acer,Acer Aspire 3 with Infinity Learn NEET 2027 Capsule Course,,Aspire,2027,Intel,Celeron Dual Core N4500,,,,,,,,,,,,,,,8,LPDDR4X,,,,,,256,,,,,15.6,,,,,,,,,,,,,,,,False,False,Windows 11 Home,True,,,,[],,,,False,False,False,,35990.0,69990.0,34000.0,35990.0,52990.0,69990.0,16,flipkart,https://www.flipkart.com/acer-aspire-3-infinity-learn-neet-2027-capsule-course-intel-celeron-dual-core-n4500-8-gb-256-gb-ssd-windows-11-home-a325-45-notebook/p/itm0fe0a0d44010c,2026-09-28T10:47:10.956516+00:00,valid
Acer,Acer TravelLite,TL04-41M,,,,,,,,,,,,,,,,,,,8,DDR4,,,,,,512,,,,,14.0,,,,,,,,,,,,,,,,False,False,Windows 11 Home,True,,,,[],,,,False,False,False,,46990.0,59990.0,13000.0,46990.0,53490.0,59990.0,2,flipkart,https://www.flipkart.com/acer-travellite-amd-ryzen-3-octa-core-8-gb-512-gb-ssd-windows-11-home-tl04-41m-notebook/p/itm3abd1f6b09ae3,2026-09-28T10:47:13.061503+00:00,valid
Acer,Acer N4500,CO731-C883,,,Intel,Celeron Dual Core,,,,,,,,,,,,,,,4,LPDDR4X,,,,,EMMC,,,,,,11.6,,,,,,,,,,,,,,,,False,False,Windows 11 Home,True,,,,[],,,,False,False,False,,26745.0,44990.0,18245.0,26745.0,35867.5,44990.0,2,flipkart,https://www.flipkart.com/acer-n4500-intel-celeron-dual-core-4-gb-32-gb-emmc-storage-chrome-os-co731-c883-chromebook/p/itme88f1ea4151ca,2026-09-28T10:47:13.064536+00:00,valid
Acer,Acer Aspire One,A114-45,Aspire,,Intel,Celeron Dual Core N4500,,,,,,,,,,,,,,,12,LPDDR4X,,,,,,256,,,,,14.0,,,,,,,,,,,,,,,,False,False,Windows 11 Home,True,,,,[],,,,False,False,False,,39591.0,44990.0,5399.0,39591.0,42290.5,44990.0,10,flipkart,https://www.flipkart.com/acer-aspire-one-intel-celeron-dual-core-n4500-12-gb-256-gb-ssd-windows-11-home-a114-45-thin-light-laptop/p/itmce5b5e15ad48f,2026-09-28T10:47:13.068597+00:00,valid
Acer,Acer Aspire One,A114-45,Aspire,,Intel,Celeron Dual Core N4500,,,,,,,,,,,,,,,12,LPDDR4X,,,,,,512,,,,,14.0,,,,,,,,,,,,,,,,False,False,Windows 11 Home,True,,,,[],,,,False,False,False,,46499.0,59999.0,13500.0,46499.0,53249.0,59999.0,8,flipkart,https://www.flipkart.com/acer-aspire-one-intel-celeron-dual-core-n4500-12-gb-512-gb-ssd-windows-11-home-a114-45-notebook/p/itmb80971f8b2c27,2026-09-28T10:47:13.095572+00:00,valid
Acer,Acer One 14,Z2-493,,,,,,,,,,,,,,,,,,,8,DDR4,,,,,,512,,,,,14.0,,,,,,,,,,,,,,,,False,False,Windows 11 Home,True,,,,[],,,,False,False,False,,41300.0,49990.0,8690.0,41300.0,45645.0,49990.0,2,flipkart,https://www.flipkart.com/acer-one-14-amd-ryzen-3-dual-core-3250u-8-gb-512-gb-ssd-windows-11-home-z2-493-thin-light-laptop/p/itm283f44123aab0,2026-09-28T10:47:13.098720+00:00,valid
Acer,Acer ‎Acer One 14,A114-43,,,AMD,Ryzen 3 Quad Core 7320U,Ryzen 3,7,,,,,,,,,,,,,8,LPDDR5,,,,,,512,,,,,14.0,,,,,,,,,,,,,,,,False,False,Windows 11 Home,True,,,,[],,,,False,False,False,,51177.0,59999.0,8822.0,51177.0,55588.0,59999.0,16,flipkart,https://www.flipkart.com/acer-acer-one-14-amd-ryzen-3-quad-core-7320u-8-gb-512-gb-ssd-windows-11-home-a114-43-thin-light-laptop/p/itm0178ff325b6f1,2026-09-28T10:47:13.102350+00:00,valid
Acer,Acer Aspire Lite,AL15-41,Aspire,,AMD,Ryzen 3 Quad Core 5300U,Ryzen 3,5,,,,,,,,,,,,,16,DDR4,,,,,,512,,,,,15.6,,,,,,,,,,,,,,,,False,False,Windows 11 Home,True,,,,[],,,,False,False,False,,55375.0,65990.0,10615.0,53479.0,57721.5,65990.0,16,flipkart,https://www.flipkart.com/acer-aspire-lite-amd-ryzen-3-quad-core-5300u-16-gb-512-gb-ssd-windows-11-home-al15-41-thin-light-laptop/p/itm1bc0bcb4598e7,2026-09-28T10:47:13.110655+00:00,valid
Acer,Acer,Aspire,,,,,,,,,,,,,,,,,,,8,DDR4,,,,,,512,,,,,15.6,,,,,,,,,,,,,,,,False,False,Windows 11 Home,True,,,,[],,,,False,False,False,1,48807.0,59990.0,11183.0,48807.0,54398.5,59990.0,2,flipkart,https://www.flipkart.com/acer-intel-core-i3-13th-gen-8-gb-512-gb-ssd-windows-11-home-aspire-3-laptop/p/itm36ec2de96cda7,2026-09-28T10:47:13.114080+00:00,valid
Acer,Acer Chromebook,CB314-3H,,,Intel,Celeron Dual Core,,,,,,,,,,,,,,,8,LPDDR4X,,,,,EMMC,,,,,,15.6,,,,,,,,,,,,,,,,False,False,Chrome OS,False,,,,[],,,,False,False,False,,,,,,,,0,flipkart,https://www.flipkart.com/acer-chromebook-intel-celeron-dual-core-8-gb-128-gb-emmc-storage-chrome-os-cb314-3h-c5qe-cb314-3h-c0bz/p/itmd5f6e6dc71806,2026-09-28T10:47:13.117077+00:00,insufficient_sources
Acer,Acer Aspire Lite,AL15-41,Aspire,,AMD,Ryzen 3 Quad Core 7330U,Ryzen 3,7,,,,,,,,,,,,,16,DDR4,,,,,,512,,,,,15.6,,,,,,,,,,,,,,,,False,False,Windows 11 Home,True,,,,[],,,,False,False,False,,60124.0,63990.0,3866.0,60124.0,62057.0,63990.0,12,flipkart,https://www.flipkart.com/acer-aspire-lite-amd-ryzen-3-quad-core-7330u-16-gb-512-gb-ssd-windows-11-home-al15-41-thin-light-laptop/p/itm1bc0bcb4598e7,2026-09-28T10:47:13.120757+00:00,valid
Acer,Acer Travellite,TL04-41M,,,AMD,Ryzen 3 Octa Core 5400U,Ryzen 3,5,,,,,,,,,,,,,8,DDR4,,,,,,512,,,,,14.0,,,,,,,,,,,,,,,,False,False,Windows 11 Home,True,,,,[],,,,False,False,False,,44490.0,65000.0,20510.0,44490.0,54745.0,65000.0,8,flipkart,https://www.flipkart.com/acer-travellite-amd-ryzen-3-octa-core-5400u-8-gb-512-gb-ssd-windows-11-home-tl04-41m-notebook/p/itmac1a6d5209d87,2026-09-28T10:47:13.124025+00:00,valid
Acer,Acer One 14 Pro Thin & Light Laptop,,,2026,,,,,,,,,,,,,,,,,8,DDR5,,,,,,512,,,,,14.0,,,,,,,,,,,,,,,,False,False,Windows 11,True,,,,[],,,,False,False,False,,46990.0,62000.0,15010.0,46990.0,54495.0,62000.0,2,flipkart,https://www.flipkart.com/acer-one-14-pro-2026-thin-light-laptop-amd-ryzen-3-quad-core-14th-gen-7320u-8-gb-512-gb-ssd-windows-11-home-z1455m-business/p/itmca9c51ecb948d,2026-09-28T10:47:13.131214+00:00,valid
Acer,Acer Aspire 3,A324-53,Aspire,,Intel,Core i3 13th Gen 1305U,Core i3,,,,,,,,,,,,,,8,DDR4,,,,,,512,,,,,14.0,,,,,,,,,,,,,,,,False,False,Windows 11 Home,True,,,,[],,,,False,False,False,,52650.0,65999.0,13349.0,52650.0,59324.5,65999.0,10,flipkart,https://www.flipkart.com/acer-aspire-3-intel-core-i3-13th-gen-1305u-8-gb-512-gb-ssd-windows-11-home-a324-53-thin-light-laptop/p/itma6a6812aa712e,2026-09-28T10:47:13.135199+00:00,valid
Acer,Acer Aspire 3,A325-42,Aspire,,AMD,Ryzen 3 5400U,Ryzen 3,5,,,,,,,,,,,,,8,DDR4,,,,,,256,,,,,15.6,,,,,,,,,,,,,,,,False,False,Windows 11 Home,True,,,,[],,,,False,False,False,,40990.0,59990.0,19000.0,40990.0,50490.0,59990.0,6,flipkart,https://www.flipkart.com/acer-aspire-3-amd-ryzen-5400u-8-gb-256-gb-ssd-windows-11-home-a325-42-thin-light-laptop/p/itm7acff1863265f,2026-09-28T10:47:13.145729+00:00,valid
Acer,Acer Aspire,AL15-52H,Aspire,,Intel,Core i5 12th Gen 12450H,Core i5,12,,,,,,,,,,,,,12,LPDDR5,,,,,,512,,,,,15.6,,,,,,,,,,,,,,,,False,False,Windows 11 Home,True,,,,[],,,,False,False,False,,,,,,,,0,flipkart,https://www.flipkart.com/acer-aspire-intel-core-i5-12th-gen-12450h-12-gb-512-gb-ssd-windows-11-home-al15-52h-thin-light-laptop/p/itmc262e2fa338ce,2026-09-28T10:47:13.149790+00:00,insufficient_sources
Acer,Acer Aspire 3,A325-45,Aspire,,Intel,Celeron Dual Core N4500,,,,,,,,,,,,,,,8,LPDDR4X,,,,,,512,,,,,15.6,,,,,,,,,,,,,,,,False,False,Windows 11 Home,True,,,,[],,,,False,False,False,,42864.0,46999.0,4135.0,42864.0,44931.5,46999.0,10,flipkart,https://www.flipkart.com/acer-aspire-3-intel-celeron-dual-core-n4500-8-gb-512-gb-ssd-windows-11-home-a325-45-thin-light-laptop/p/itm9ca67a1a3ea22,2026-09-28T10:47:13.152762+00:00,valid
MSI,MSI Modern 15,Modern,,,Intel,Core i5 12th Gen 1235U,Core i5,,,,,,,,,,,,,,16,DDR4,,,,,,512,,,,,15.6,,,,,,,,,,,,,,,,False,False,Windows 11 Home,True,,,,[],,,,False,False,False,,77274.0,78990.0,1716.0,77274.0,78132.0,78990.0,10,flipkart,https://www.flipkart.com/msi-modern-15-intel-core-i5-12th-gen-1235u-16-gb-512-gb-ssd-windows-11-home-b12mo-thin-light-laptop/p/itm60c14709fdf3b,2026-09-28T10:47:16.883235+00:00,valid
MSI,MSI Thin 15,,,,Intel,Core i5 12th Gen 12450H,Core i5,12,,,,,,,,,,,,,16,DDR4,,,,,,512,,,,,15.6,,,,,,,,,,,,,,,,False,False,Windows 11 Home,True,,,,[],,,,False,False,False,,,,,,,,0,flipkart,https://www.flipkart.com/msi-thin-15-intel-core-i5-12th-gen-12450h-16-gb-512-gb-ssd-windows-11-home-4-graphics-nvidia-geforce-rtx-2050-144-hz-45-w-b12ucx-2471in-gaming-laptop/p/itmc1581367ea4e2,2026-09-28T10:47:18.474339+00:00,insufficient_sources
MSI,MSI Prestige 16 Evo AI PC,Prestige,,,Intel,Core Ultra 7 155H,Core Ultra 7,1,,,,,,,,,,,,,16,LPDDR5,,,,,,1024,,,,,16.0,,,,,,,,,,,,,,,,False,False,Windows 11 Home,True,,,,[],,,,False,False,False,,99990.0,134990.0,35000.0,99990.0,117490.0,134990.0,12,flipkart,https://www.flipkart.com/msi-prestige-16-evo-ai-pc-intel-core-ultra-7-155h-16-gb-1-tb-ssd-windows-11-home-b1mg-thin-light-laptop/p/itm4d200daec4a57,2026-09-28T10:47:18.479388+00:00,valid
MSI,MSI Intel Core i7 12th Gen 12650H,,,,Intel,Core i7 12th Gen 12650H,Core i7,12,,,,,,,,,,,,,16,DDR4,,,,,,512,,,,,15.6,,,,,,,,,,,,,,,,False,False,Windows 11 Home,True,,,,[],,,,False,False,False,,101365.0,111999.0,10634.0,101365.0,106682.0,111999.0,12,flipkart,https://www.flipkart.com/msi-intel-core-i7-12th-gen-12650h-16-gb-512-gb-ssd-windows-11-home-4-graphics-nvidia-geforce-rtx-2050-thin-15-b12ucx-2242in-gaming-laptop/p/itm92d046ef51211,2026-09-28T10:47:18.485775+00:00,valid
MSI,MSI Stealth,,,,Intel,Core i7 8th Gen 8750H,Core i7,,,,,,NVIDIA,NVIDIA GeForce RTX 2060,Discrete,,,,,,16,DDR4,,,,,,512,,,,,15.6,,,,,,,,,,,,,,,,False,False,Windows 10,True,,,,[],,,,False,False,False,,,,,,,,0,flipkart,https://www.flipkart.com/msi-stealth-intel-core-i7-8th-gen-8750h-16-gb-512-gb-ssd-windows-10-home-6-graphics-nvidia-geforce-rtx-2060-gs65-gaming-laptop/p/itm9847c11cc710f,2026-09-28T10:47:18.489163+00:00,insufficient_sources
MSI,MSI GP66 Leopard,,,,Intel,Core i7 11th Gen 11800H,Core i7,11,,,,,,,,,,,,,16,DDR4,,,,,,1024,,,,,15.6,,,,,,,,,,,,,,,,False,False,Windows 10,True,,,,[],,,,False,False,False,,,,,,,,0,flipkart,https://www.flipkart.com/msi-gp66-leopard-intel-core-i7-11th-gen-11800h-16-gb-1-tb-ssd-windows-10-home-8-gb-graphics-nvidia-geforce-rtx-3070-165-hz-11ug-693in-gaming-laptop/p/itm9f040fadefe89,2026-09-28T10:47:18.504856+00:00,insufficient_sources
MSI,MSI Prestige 14,Prest,,,Intel,Core i7 10th Gen 10510U,Core i7,10,,,,,,,,,,,,,16,DDR4,,,,,,512,,,,,14.0,,,,,,,,,,,,,,,,False,False,Windows 10,True,,,,[],,,,False,False,False,,109690.0,123990.0,14300.0,109690.0,116840.0,123990.0,8,flipkart,https://www.flipkart.com/msi-prestige-14-intel-core-i7-10th-gen-10510u-16-gb-512-gb-ssd-windows-10-home-2-graphics-a10ras-097in-thin-light-laptop/p/itme7650c02f7893,2026-09-28T10:47:18.515405+00:00,valid
MSI,MSI Prestige 16,Prestig,,,Intel,Core i7 13th Gen 13700H,Core i7,13,,,,,,,,,,,,,16,LPDDR5,,,,,,1024,,,,,16.0,,,,,,,,,,,,,,,,False,False,Windows 11 Home,True,,,,[],,,,False,False,False,,,,,,,,0,flipkart,https://www.flipkart.com/msi-prestige-16-intel-core-i7-13th-gen-13700h-16-gb-1-tb-ssd-windows-11-home-4-gb-graphics-a13ucx-250in-thin-light-laptop/p/itm4a7de88b8b6a9,2026-09-28T10:47:18.518528+00:00,insufficient_sources
MSI,MSI Summit E13FlipEvo,Summit,,,Intel,Core i7 13th Gen 1360P,Core i7,,,,,,,,,,,,,,16,LPDDR5,,,,,,1024,,,,,13.4,,,,,,,,,,,,,,,,False,False,Windows 11 Home,True,,,,[],,,,False,False,False,,,,,,,,0,flipkart,https://www.flipkart.com/msi-summit-e13flipevo-intel-core-i7-13th-gen-1360p-16-gb-1-tb-ssd-windows-11-home-a13mt-226in-thin-light-laptop/p/itm9432fccb2c0f3,2026-09-28T10:47:18.522007+00:00,insufficient_sources
MSI,MSI Summit E15,Summit,,,Intel,Core i7 11th Gen 1185G,Core i7,,,,,,,,,,,,,,16,DDR4,,,,,,1024,,,,,15.6,,,,,,,,,,True,,,,,,False,False,Windows 10,True,,,,[],,,,False,False,False,,,,,,,,0,flipkart,https://www.flipkart.com/msi-summit-e15-intel-core-i7-11th-gen-1185g7-16-gb-1-tb-ssd-windows-10-pro-4-gb-graphics-a11scst-272in-laptop/p/itmd3b959bb20fea,2026-09-28T10:47:18.527625+00:00,insufficient_sources
MSI,MSI Katana 15 HX B14,,,,Intel,Core i5 14450HX,Core i5,14,,,,,,,,,,,,,16,DDR5,,,,,,512,,,,,15.6,,,,,,,,,,,,,,,,False,False,Windows 11 Home,True,,,,[],,,,False,False,False,,135000.0,148990.0,13990.0,135000.0,141995.0,148990.0,6,flipkart,https://www.flipkart.com/msi-katana-15-hx-b14-intel-core-i5-14450hx-16-gb-512-gb-ssd-windows-11-home-8-graphics-nvidia-geforce-rtx-5050-144-hz-b14wek-438in-gaming-laptop/p/itm5380113e27259,2026-09-28T11:11:50.415668+00:00,valid
MSI,MSI GP,,,,Intel,Core i7 7th Gen 7700HQ,Core i7,,,,,,,,,,,,,,16,DDR4,,,,,,128,,,,,15.6,,,,,,,,,,,,,,,,False,False,Windows 10,True,,,,[],,,,False,False,False,,,,,,,,0,flipkart,https://www.flipkart.com/msi-gp-intel-core-i7-7th-gen-7700hq-16-gb-1-tb-hdd-128-gb-ssd-windows-10-home-4-graphics-nvidia-geforce-gtx-1050-gp62-7rdx-gaming-laptop/p/itm1d1ed5a320ce6,2026-09-28T10:47:18.539348+00:00,insufficient_sources
MSI,MSI Creator 15,,,,Intel,Core i7 10th Gen 10875H,Core i7,10,,,,,,,,,,,,,32,DDR4,,,,,,1024,,,,,15.6,,,,,,,,,,,,,,,,False,False,Windows 10,True,,,,[],,,,False,False,False,,,,,,,,0,flipkart,https://www.flipkart.com/msi-creator-15-intel-core-i7-10th-gen-10875h-32-gb-1-tb-ssd-windows-10-home-8-gb-graphics-nvidia-geforce-rtx-2070-max-q-a10sf-423in-gaming-laptop/p/itmfbf59c48d238b,2026-09-28T10:47:18.552318+00:00,insufficient_sources
MSI,MSI Cyborg 15,,,,Intel,Core i5 12th Gen 12450H,Core i5,12,,,,,,,,,,,,,16,DDR5,,,,,,512,,,,,15.6,,,,,,,,,,,,,,,,False,False,Windows 11 Home,True,,,,[],,,,False,False,False,,,,,,,,0,flipkart,https://www.flipkart.com/msi-cyborg-15-intel-core-i5-12th-gen-12450h-16-gb-512-gb-ssd-windows-11-home-4-graphics-nvidia-geforce-rtx-2050-144-hz-45-w-a12ucx-264in-gaming-laptop/p/itme528726b3eb8b,2026-09-28T10:47:18.558329+00:00,insufficient_sources
MSI,MSI Summit E14FlipEvo,Summit,,,Intel,Core i7 13th Gen 1360P,Core i7,,,,,,,,,,,,,,16,LPDDR5,,,,,,1024,,,,,14.0,,,,,,,,,,,,,,,,False,False,Windows 11 Home,True,,,,[],,,,False,False,False,,,,,,,,0,flipkart,https://www.flipkart.com/msi-summit-e14flipevo-intel-core-i7-13th-gen-1360p-16-gb-1-tb-ssd-windows-11-home-a13mt-278in-2-1-laptop/p/itma079fde3c2044,2026-09-28T10:47:18.563164+00:00,insufficient_sources
MSI,MSI Thin 15,,,,Intel,Core i7 13th Gen 13620H,Core i7,13,,,,,,,,,,,,,16,DDR4,,,,,,512,,,,,15.6,,,,,,,,,,,,,,,,False,False,Windows 11 Home,True,,,,[],,,,False,False,False,,,,,,,,0,flipkart,https://www.flipkart.com/msi-thin-15-intel-core-i7-13th-gen-13620h-16-gb-512-gb-ssd-windows-11-home-4-graphics-nvidia-geforce-rtx-3050-144-hz-b13uc-124in-b13uc-1804in-gaming-laptop/p/itmc1581367ea4e2,2026-09-28T10:47:18.569425+00:00,insufficient_sources
MSI,MSI Pulse 17,,,,Intel,Core i7 13th Gen 13700H,Core i7,13,,,,,,,,,,,,,16,DDR5,,,,,,1024,,,,,17.3,,,,,,,,,,,,,,,,False,False,Windows 11 Home,True,,,,[],,,,False,False,False,,,,,,,,0,flipkart,https://www.flipkart.com/msi-pulse-17-intel-core-i7-13th-gen-13700h-16-gb-1-tb-ssd-windows-11-home-8-gb-graphics-nvidia-geforce-rtx-4070-240-hz-b13vgk-666in-gaming-laptop/p/itm84c87f02469f3,2026-09-28T10:47:20.957238+00:00,insufficient_sources
MSI,MSI Raider GE66,,,,Intel,Core i7 12th Gen 12700H,Core i7,12,,,,,,,,,,,,,16,DDR5,,,,,,1024,,,,,15.6,,,,,,,,,,,,,,,,False,False,Windows 11 Home,True,,,,[],,,,False,False,False,,,,,,,,0,flipkart,https://www.flipkart.com/msi-raider-ge66-intel-core-i7-12th-gen-12700h-16-gb-1-tb-ssd-windows-11-home-8-gb-graphics-nvidia-geforce-rtx-3070-ti-144-hz-12ugs-096in-gaming-laptop/p/itm7ff0df8b407e8,2026-09-28T10:47:20.960752+00:00,insufficient_sources
MSI,MSI WF65,,,,Intel,Core i7 10th Gen 10750H,Core i7,10,,,,,,,,,,,,,16,DDR4,,,,,,256,,,,,15.6,,,,,,,,,,,,,,,,False,False,Windows 10,True,,,,[],,,,False,False,False,,,,,,,,0,flipkart,https://www.flipkart.com/msi-wf65-intel-core-i7-10th-gen-10750h-16-gb-1-tb-hdd-256-gb-ssd-windows-10-pro-4-graphics-nvidia-quadro-t1000-10ti-1073in-gaming-laptop/p/itm3af8516d01ea7,2026-09-28T10:47:20.964354+00:00,insufficient_sources
MSI,MSI Katana GF66,,,,Intel,Core i7 12th Gen 12650H,Core i7,12,,,,,,,,,,,,,8,DDR4,,,,,,512,,,,,15.6,,,,,,,,,,,,,,,,False,False,Windows 11 Home,True,,,,[],,,,False,False,False,,,,,,,,0,flipkart,https://www.flipkart.com/msi-katana-gf66-intel-core-i7-12th-gen-12650h-8-gb-512-gb-ssd-windows-11-home-4-graphics-nvidia-geforce-rtx-3050-144-hz-12uc-880in-gaming-laptop/p/itmc06b80d60da57,2026-09-28T10:47:20.971729+00:00,insufficient_sources
MSI,MSI GS,,,,Intel,Core i7 8th Gen 8750H,Core i7,,,,,,,,,,,,,,16,DDR4,,,,,,512,,,,,15.6,,,,,,,,,,,,,,,,False,False,Windows 10,True,,,,[],Per-Key RGB,,,False,False,False,,,,,,,,0,flipkart,https://www.flipkart.com/msi-gs-intel-core-i7-8th-gen-8750h-16-gb-512-gb-ssd-windows-10-home-6-graphics-nvidia-geforce-gtx-1060-gs65-8re-084in-gaming-laptop/p/itm41d3a506706e8,2026-09-28T10:47:20.978299+00:00,insufficient_sources
MSI,MSI GS66,,,,Intel,Core i7 11th Gen 11800H,Core i7,11,,,,,,,,,,,,,16,DDR4,,,,,,1024,,,,,15.6,,,,,,,,,,,,,,,,False,False,Windows 10,True,,,,[],,,,False,False,False,,,,,,,,0,flipkart,https://www.flipkart.com/msi-gs66-intel-core-i7-11th-gen-11800h-16-gb-1-tb-ssd-windows-10-home-8-gb-graphics-nvidia-geforce-rtx-3070-165-hz-95-w-stealth-11ug-418in-gaming-laptop/p/itm23201a6b09b16,2026-09-28T10:47:20.983106+00:00,insufficient_sources
MSI,MSI GP76,,,,Intel,Core i7 11th Gen 11800H,Core i7,11,,,,,,,,,,,,,16,DDR4,,,,,,1024,,,,,17.3,,,,,,240,,,,,,,,,,False,False,Windows 10,True,WiFi 6E,,,[],Per-Key RGB,,,False,False,False,2,,,,,,,0,flipkart,https://www.flipkart.com/msi-gp76-intel-core-i7-11th-gen-11800h-16-gb-1-tb-ssd-windows-10-home-8-gb-graphics-nvidia-geforce-rtx-3070-240-hz-140-w-leopard-11ug-609in-gaming-laptop/p/itm178adaf780bf9,2026-09-28T10:47:20.990300+00:00,insufficient_sources
MSI,MSI GF65 Thin,,,,Intel,Core i5 10th Gen 10500H,Core i5,10,,,,,,,,,,,,,16,DDR4,,,,,,512,,,,,15.6,,,,,,,,,,,,,,,,False,False,Windows 10,True,,,,[],,,,False,False,False,2,,,,,,,0,flipkart,https://www.flipkart.com/msi-gf65-thin-intel-hexa-core-i5-10th-gen-10500h-16-gb-512-gb-ssd-windows-10-home-6-graphics-nvidia-geforce-rtx-3060-144-hz-75-w-10ue-290in-gaming-laptop/p/itm9ef4e6e2e9d76,2026-09-28T10:47:20.995973+00:00,insufficient_sources
MSI,MSI Raider 18 HX,,,,Intel,Core i9 14th Gen 14900HX,Core i9,14,,,,,,,,,,,,,32,DDR5,,,,,,2048,,,,,18.0,,,,,,,,,,,,,,,,False,False,Windows 11 Home,True,,,,[],,,,False,False,False,,,,,,,,0,flipkart,https://www.flipkart.com/msi-raider-18-hx-intel-core-i9-14th-gen-14900hx-32-gb-2-tb-ssd-windows-11-home-12-gb-graphics-nvidia-geforce-rtx-4080-240-hz-a14vhg-254in-gaming-laptop/p/itm96d8f046994e0,2026-09-28T10:47:20.999982+00:00,insufficient_sources
MSI,MSI Prestige 13 Evo,Prestige,,,Intel,Core i5 12th Gen 1240P,Core i5,,,,,,,,,,,,,,8,LPDDR5,,,,,,512,,,,,13.3,,,,,,,,,,,,,,,,False,False,Windows 11 Home,True,,,,[],,,,False,False,False,,,,,,,,0,flipkart,https://www.flipkart.com/msi-prestige-13-evo-intel-core-i5-12th-gen-1240p-8-gb-512-gb-ssd-windows-11-home-a12m-085in-thin-light-laptop/p/itm1d712a3df184a,2026-09-28T10:47:21.003625+00:00,insufficient_sources
MSI,MSI Prestige 13 Evo,Prestige,,,Intel,Core i7 13th Gen 1360P,Core i7,,,,,,,,,,,,,,16,LPDDR5,,,,,,1024,,,,,13.3,,,,,,,,,,,,,,,,False,False,Windows 11 Home,True,,,,[],,,,False,False,False,,,,,,,,0,flipkart,https://www.flipkart.com/msi-prestige-13-evo-intel-core-i7-13th-gen-1360p-16-gb-1-tb-ssd-windows-11-home-13evo-a13m-063in-thin-light-laptop/p/itm5df69a87b5b87,2026-09-28T10:47:21.019415+00:00,insufficient_sources
MSI,MSI Stealth GS66,,,,Intel,Core i7 12th Gen 12700H,Core i7,12,,,,,,,,,,,,,32,DDR5,,,,,,1024,,,,,15.6,,,,,,,,,,,,,,,,False,False,Windows 11 Home,True,,,,[],,,,False,False,False,,,,,,,,0,flipkart,https://www.flipkart.com/msi-stealth-gs66-intel-core-i7-12th-gen-12700h-32-gb-1-tb-ssd-windows-11-home-8-gb-graphics-nvidia-geforce-rtx-3070-ti-144-hz-12ugs-038in-gaming-laptop/p/itmb6d15a22bd0a1,2026-09-28T10:47:21.026458+00:00,insufficient_sources
MSI,MSI VenturePro 15 AI,,,2021,Intel,Core Ultra 5 125H,Core Ultra 5,1,,,,,,,,,,,,,16,DDR5,,,,,,1024,,,,,15.6,,,,,,,,,,,,,,,,False,False,Windows 11 Home,True,,,,[],,,,False,False,False,,,,,,,,0,flipkart,https://www.flipkart.com/msi-venturepro-15-ai-intel-core-ultra-5-125h-16-gb-1-tb-ssd-windows-11-home-6-gb-graphics-nvidia-geforce-rtx-3050-144-hz-a1udxg-009in-gaming-laptop/p/itmb1a09ec6beb6f,2026-09-28T10:47:21.030996+00:00,insufficient_sources
MSI,MSI Katana GF66,,,,Intel,Core i5 12th Gen 12450H,Core i5,12,,,,,,,,,,,,,8,DDR4,,,,,,512,,,,,15.6,,,,,,,,,,,,,,,,False,False,Windows 11 Home,True,,,,[],,,,False,False,False,,,,,,,,0,flipkart,https://www.flipkart.com/msi-katana-gf66-intel-core-i5-12th-gen-12450h-8-gb-512-gb-ssd-windows-11-home-4-graphics-nvidia-geforce-rtx-3050-144-hz-12uc-881in-gaming-laptop/p/itmc06b80d60da57,2026-09-28T10:47:21.039711+00:00,insufficient_sources
MSI,MSI Titan GT77,,,,Intel,Core i9 13th Gen 13980HX,Core i9,13,,,,,,,,,,,,,64,DDR5,,,,,,2048,,,,,17.3,,,,,,,,,,,,,,,,False,False,Windows 11 Home,True,,,,[],,,,False,False,False,,,,,,,,0,flipkart,https://www.flipkart.com/msi-titan-gt77-intel-core-i9-13th-gen-13980hx-64-gb-2-tb-ssd-windows-11-home-12-gb-graphics-nvidia-geforce-rtx-4080-144-hz-gt77hx-13vh-093in-gaming-laptop/p/itm84a162b0957b5,2026-09-28T10:47:21.044474+00:00,insufficient_sources
MSI,MSI Creator Z16,,,,Intel,Core i9 11th Gen 11900H,Core i9,11,,,,,,,,,,,,,16,DDR4,,,,,,1024,,,,,16.0,,,,,,,,,,,,,,,,False,False,Windows 10,True,,,,[],,,,False,False,False,,,,,,,,0,flipkart,https://www.flipkart.com/msi-creator-z16-intel-core-i9-11th-gen-11900h-16-gb-1-tb-ssd-windows-10-home-6-gb-graphics-nvidia-geforce-rtx-3060-a11uet-272in-gaming-laptop/p/itm3240ed19c1acc,2026-09-28T10:47:21.055281+00:00,insufficient_sources
MSI,MSI Stealth 18 Studio AI PC,,,,,,,,,,,,,,,,,,,,32,DDR5,,,,,,2048,,,,,18.0,,,,,,,,,,,,,,,,False,False,Windows 11 Home,True,,,,[],,,,False,False,False,2,324990.0,389990.0,65000.0,324990.0,357490.0,389990.0,2,flipkart,https://www.flipkart.com/msi-stealth-18-studio-ai-pc-intel-core-ultra-9-1st-gen-185h-32-gb-2-tb-ssd-windows-11-home-12-gb-graphics-nvidia-geforce-rtx-4080-a1vhg-023in-gaming-laptop/p/itma5b2e8311ea09,2026-09-28T10:47:21.062117+00:00,valid
MSI,MSI Vector GP78HX,,,,Intel,Core i9 13th Gen 13980HX,Core i9,13,,,,,,,,,,,,,32,DDR5,,,,,,2048,,,,,17.0,,,,,,,,,,,,,,,,False,False,Windows 11 Home,True,,,,[],,,,False,False,False,,,,,,,,0,flipkart,https://www.flipkart.com/msi-vector-gp78hx-intel-core-i9-13th-gen-13980hx-32-gb-2-tb-ssd-windows-11-home-16-gb-graphics-nvidia-geforce-rtx-4090-240-hz-13vi-409in-gaming-laptop/p/itm6660ae2457ce2,2026-09-28T10:47:21.065745+00:00,insufficient_sources
Samsung,Samsung Galaxy Book5 AI Metal,NP750XHD,,2024,Intel,Core Ultra 7 255U,Core Ultra 7,1,,,,,,,,,,,,,16,LPDDR5X,,,,,,1024,,,,,15.6,,,,,,,,,,,,,,,,False,False,Windows 11 Home,True,,,,[],,,,False,False,False,,,,,,,,0,flipkart,https://www.flipkart.com/samsung-galaxy-book5-ai-metal-intel-core-ultra-7-255u-16-gb-1-tb-ssd-windows-11-home-np750xhd-thin-light-laptop/p/itm46d76be91270c,2026-09-28T10:47:30.678796+00:00,insufficient_sources
Samsung,Samsung Galaxy Book3 Pro EVO AMOLED,NP,,,Intel,Core i7 13th Gen 1360P,Core i7,,,,,,,,,,,,,,16,DDR5,,,,,,1024,,,,,16.0,,,,,,,,,,,,,,,,False,False,Windows 11 Home,True,,,,[],,,,False,False,False,,,,,,,,0,flipkart,https://www.flipkart.com/samsung-galaxy-book3-pro-evo-amoled-intel-core-i7-13th-gen-1360p-16-gb-1-tb-ssd-windows-11-home-np960xfg-kc2in-thin-light-laptop/p/itm56e22bce344e5,2026-09-28T10:47:33.261028+00:00,insufficient_sources
Samsung,Samsung Galaxy Book6,NP760XJG,,,,,,,,,,,,,,,,,,,16,LPDDR5X,,,,,,1024,,,,,16.0,,,,,,,,,,True,,,,,,False,False,Windows 11 Home,True,,,,[],,,,False,False,False,,146990.0,198790.0,51800.0,146990.0,172890.0,198790.0,8,flipkart,https://www.flipkart.com/samsung-galaxy-book6-intel-core-ultra-7-series-3-355-16-gb-1-tb-ssd-windows-11-home-np760xjg-thin-light-laptop/p/itm19c00e67abf0b,2026-09-28T10:47:33.264912+00:00,valid
Samsung,Samsung Galaxy Book3 Pro 360 EVO AMOLED,,,,Intel,Core i5 13th Gen 1340P,Core i5,,,,,,,,,,,,,,16,DDR5,,,,,,512,,,,,16.0,,,,,,,,,,True,,,,,,False,False,Windows 11,True,,,,[],,,,False,False,False,,,,,,,,0,flipkart,https://www.flipkart.com/samsung-galaxy-book3-pro-360-evo-amoled-intel-core-i5-13th-gen-1340p-16-gb-512-gb-ssd-windows-11-home-np960qfg-ka2in-thin-light-laptop/p/itm5c25f62dc7f48,2026-09-28T10:47:33.268105+00:00,insufficient_sources
Samsung,Samsung Galaxy Book3 Pro 360 EVO AMOLED,,,,Intel,Core i7 13th Gen 1360P,Core i7,,,,,,,,,,,,,,16,DDR5,,,,,,1024,,,,,16.0,,,,,,,,,,True,,,,,,False,False,Windows 11 Home,True,,,,[],,,,False,False,False,,,,,,,,0,flipkart,https://www.flipkart.com/samsung-galaxy-book3-pro-360-evo-amoled-intel-core-i7-13th-gen-1360p-16-gb-1-tb-ssd-windows-11-home-np960qfg-ka3in-thin-light-laptop/p/itm5c25f62dc7f48,2026-09-28T10:47:33.271192+00:00,insufficient_sources
Samsung,Samsung Galaxy Book4 360 Evo,Intel,,2021,Intel,Core 5 120U,,,,,,,,,,,,,,,16,LPDDR5,,,,,,512,,,,,15.6,,,,,,,,,,True,,,,,,False,False,Windows 11 Home,True,,,,[],,,,False,False,False,,,,,,,,0,flipkart,https://www.flipkart.com/samsung-galaxy-book4-360-evo-i5-14th-gen-intel-core-5-120u-16-gb-512-gb-ssd-windows-11-home-np750qgk-kg1in-np750qgk-lg1in-2-1-laptop/p/itm41a5d77811891,2026-09-28T10:47:33.275978+00:00,insufficient_sources
Samsung,Samsung Galaxy Book5 Pro AI PC Full Metal Chasis,,,,Intel,Core Ultra 5 226V,Core Ultra 5,2,,,,,,,,,,,,,16,LPDDR5X,,,,,,512,,,,,14.0,,,,,,,,,,True,,,,,,False,False,Windows 11,True,,,,[],,,,False,False,False,,,,,,,,0,flipkart,https://www.flipkart.com/samsung-galaxy-book5-pro-ai-pc-full-metal-chasis-intel-core-ultra-5-226v-16-gb-512-gb-ssd-windows-11-home-np940xha-thin-light-laptop/p/itm6b8e57b0765e8,2026-09-28T10:47:33.279632+00:00,insufficient_sources
Samsung,Samsung Galaxy Book3 360 EVO AMOLED,NP,,,Intel,Core i7 13th Gen 1355U,Core i7,,,,,,,,,,,,,,16,,,,,,,1024,,,,,13.3,,,,,,,,,,True,,,,,,False,False,Windows 11 Home,True,,,,[],,,,False,False,False,,,,,,,,0,flipkart,https://www.flipkart.com/samsung-galaxy-book3-360-evo-amoled-intel-core-i7-13th-gen-1355u-16-gb-1-tb-ssd-windows-11-home-np730qfg-ka3in-thin-light-laptop/p/itm4442ba7ef854f,2026-09-28T10:47:33.283715+00:00,insufficient_sources
Samsung,Samsung Galaxy Book3 Pro EVO AMOLED,,,,Intel,Core i7 13th Gen 1360P,Core i7,,,,,,,,,,,,,,16,DDR5,,,,,,512,,,,,14.0,,,,,,,,,,,,,,,,False,False,Windows 11 Home,True,,,,[],,,,False,False,False,,,,,,,,0,flipkart,https://www.flipkart.com/samsung-galaxy-book3-pro-evo-amoled-intel-core-i7-13th-gen-1360p-16-gb-512-gb-ssd-windows-11-home-np940xfg-kc4in-thin-light-laptop/p/itm56e22bce344e5,2026-09-28T10:47:33.286769+00:00,insufficient_sources
Samsung,Samsung Galaxy Book4 Pro Evo AI PC,NP940X,,2021,Intel,Core Ultra 7 155H,Core Ultra 7,1,,,,,,,,,,,,,16,LPDDR5X,,,,,,512,,,,,14.0,,,,,,,,,,True,,,,,,False,False,Windows 11 Home,True,,,,[],,,,False,False,False,,,,,,,,0,flipkart,https://www.flipkart.com/samsung-galaxy-book4-pro-evo-ai-pc-intel-core-ultra-7-155h-16-gb-512-gb-ssd-windows-11-home-np940xgk-kg2in-np940xgk-lg2in-thin-light-laptop/p/itm16e1d4d75c040,2026-09-28T10:47:33.291263+00:00,insufficient_sources
Samsung,Samsung Galaxy Book4 Pro 360 Evo AI PC,NP96,,2021,Intel,Core Ultra 7 155H,Core Ultra 7,1,,,,,,,,,,,,,16,LPDDR5X,,,,,,1024,,,,,16.0,,,,,,,,,,True,,,,,,False,False,Windows 11 Home,True,,,,[],,,,False,False,False,,,,,,,,0,flipkart,https://www.flipkart.com/samsung-galaxy-book4-pro-360-evo-ai-pc-intel-core-ultra-7-155h-16-gb-1-tb-ssd-windows-11-home-np960qgk-kg2in-np960qgk-lg2in-2-1-laptop/p/itm54d1534c14e6f,2026-09-28T10:47:33.294883+00:00,insufficient_sources
Samsung,Samsung Galaxy Book4 Pro Evo AI PC,NP960X,,2021,Intel,Core Ultra 7 155H,Core Ultra 7,1,,,,,,,,,,,,,16,LPDDR5X,,,,,,512,,,,,16.0,,,,,,,,,,True,,,,,,False,False,Windows 11 Home,True,,,,[],,,,False,False,False,,,,,,,,0,flipkart,https://www.flipkart.com/samsung-galaxy-book4-pro-evo-ai-pc-intel-core-ultra-7-155h-16-gb-512-gb-ssd-windows-11-home-np960xgk-kg2in-np960xgk-lg2in-thin-light-laptop/p/itm370bc665c0725,2026-09-28T10:47:33.298125+00:00,insufficient_sources
Samsung,Samsung Galaxy Book4 360 Evo,Intel,,2021,Intel,Core 7 150U,,,,,,,,,,,,,,,16,LPDDR5,,,,,,1024,,,,,15.6,,,,,,,,,,True,,,,,,False,False,Windows 11 Home,True,,,,[],,,,False,False,False,,,,,,,,0,flipkart,https://www.flipkart.com/samsung-galaxy-book4-360-evo-i7-14th-gen-intel-core-7-150u-16-gb-1-tb-ssd-windows-11-home-np750qgk-kg3in-np750qgk-lg3in-2-1-laptop/p/itm41a5d77811891,2026-09-28T10:47:33.301140+00:00,insufficient_sources
Samsung,Samsung Galaxy Book4 Pro Evo AI PC,NP960XGK,,2021,Intel,Core Ultra 7 155H,Core Ultra 7,1,,,,,,,,,,,,,32,LPDDR5X,,,,,,1024,,,,,16.0,,,,,,,,,,True,,,,,,False,False,Windows 11 Home,True,,,,[],,,,False,False,False,,,,,,,,0,flipkart,https://www.flipkart.com/samsung-galaxy-book4-pro-evo-ai-pc-intel-core-ultra-7-155h-32-gb-1-tb-ssd-windows-11-home-np960xgk-kg3in-np960xgk-lg3in-thin-light-laptop/p/itm370bc665c0725,2026-09-28T10:47:33.304035+00:00,insufficient_sources
Samsung,Samsung Galaxy Book4 Pro Evo AI PC,NP940X,,2021,Intel,Core Ultra 5 125H,Core Ultra 5,1,,,,,,,,,,,,,16,LPDDR5X,,,,,,512,,,,,14.0,,,,,,,,,,True,,,,,,False,False,Windows 11 Home,True,,,,[],,,,False,False,False,,,,,,,,0,flipkart,https://www.flipkart.com/samsung-galaxy-book4-pro-evo-ai-pc-intel-core-ultra-5-125h-16-gb-512-gb-ssd-windows-11-home-np940xgk-ks1in-np940xgk-ls1in-thin-light-laptop/p/itm068159584d629,2026-09-28T10:47:33.308414+00:00,insufficient_sources
Samsung,Samsung Galaxy Book4 Metal,NP750XGJ-L,,,Intel,Core i3 13th Gen 1315U,Core i3,,,,,,,,,,,,,,8,LPDDR4X,,,,,,512,,,,,15.6,,,,,,,,,,,,,,,,False,False,Windows 11 Home,True,,,,[],,,,False,False,False,,51990.0,57499.0,5509.0,51990.0,54744.5,57499.0,20,flipkart,https://www.flipkart.com/samsung-galaxy-book4-metal-intel-core-i3-13th-gen-1315u-8-gb-512-gb-ssd-windows-11-home-np750xgj-lg9in-thin-light-laptop/p/itmc29d559898e6f,2026-09-28T10:47:33.312712+00:00,valid
Samsung,Samsung Galaxy Book6 Pro,NP940XJ,,,,,,,,,,,,,,,,,,,16,LPDDR5X,,,,,,512,,,,,14.0,,,,,,,,,,True,,,,,,False,False,Windows 11 Home,True,,,,[],,,,False,False,False,,178990.0,223990.0,45000.0,178990.0,201490.0,223990.0,10,flipkart,https://www.flipkart.com/samsung-galaxy-book6-pro-intel-core-ultra-7-series-3-356h-16-gb-512-gb-ssd-windows-11-home-np940xjg-thin-light-laptop/p/itmbf6793207ab21,2026-09-28T10:47:33.317905+00:00,valid
ASUS,ASUS ExpertBook P1 with 1 Yr ADP,Intel,ExpertBook,,Intel,Core 5 210H,,,,,,,,,,,,,,,32,DDR5,,,,,,512,,,,,15.6,,,,,,,,,,,,,,,,False,False,Windows 11 Home,True,,,,[],,,,False,False,False,,88990.0,114990.0,26000.0,88990.0,101990.0,114990.0,42,flipkart,https://www.flipkart.com/asus-expertbook-p1-1-yr-adp-i5-14th-gen-intel-core-5-210h-32-gb-512-gb-ssd-windows-11-home-p1503cva-s72288ws-laptop/p/itm30538466342b3,2026-09-28T10:47:35.566451+00:00,valid
HP,HP 255 G10,255,,,,,,,,,,,,,,,,,,,8,LPDDR5,,,,,,256,,,,,15.6,,,,,,,,,,,,,,,,False,False,Windows 11 Home,True,,,,[],,,,False,False,False,,47749.0,49990.0,2241.0,47749.0,48869.5,49990.0,8,flipkart,https://www.flipkart.com/hp-255-g10-amd-athlon-dual-core-7120u-8-gb-256-gb-ssd-windows-11-home-thin-light-laptop/p/itm0994d96e22416,2026-09-28T10:47:38.699643+00:00,valid
HP,HP Laptop,15-fd0129TU,,,Intel,Core i3 13th Gen 1315U,Core i3,,,,,,,,,,,,,,8,DDR4,,,,,,512,,,,,15.6,,,,,,,,,,,,,,,,False,False,Windows 11 Home,True,,,,[],,,,False,False,False,,57890.0,59999.0,2109.0,57890.0,58944.5,59999.0,8,flipkart,https://www.flipkart.com/hp-laptop-intel-core-i3-13th-gen-1315u-8-gb-512-gb-ssd-windows-11-home-15-fd0129tu-15-fd0568tu-thin-light/p/itmcf7c16556a324,2026-09-28T10:47:38.722646+00:00,valid
HP,HP 15 with MSO'2024,15-fc0025AU,,2024,AMD,Ryzen 3 Quad Core 7320U,Ryzen 3,7,,,,,,,,,,,,,8,DDR4,,,,,,512,,,,,15.6,,,,,,,,,,,,,,,,False,False,Windows 11 Home,True,,,,[],,,,False,False,False,,51980.0,56913.0,4933.0,51980.0,54395.83,56913.0,6,flipkart,https://www.flipkart.com/hp-15-mso-2024-amd-ryzen-3-quad-core-7320u-8-gb-512-gb-ssd-windows-11-home-15-fc0025au-15-fc0500au-thin-light-laptop/p/itm3f21e9fdfc42f,2026-09-28T10:47:38.726631+00:00,valid
HP,HP 15,Intel,,2024,Intel,Core 3 100U,,,,,,,,,,,,,,,16,DDR4,,,,,,512,,,,,15.6,,,,,,,,,,,,,,,,False,False,Windows 11 Home,True,,,,[],,,,False,False,False,,,,,,,,0,flipkart,https://www.flipkart.com/hp-15-i3-14th-gen-intel-core-3-100u-16-gb-512-gb-ssd-windows-11-home-15-fd0885tu-thin-light-laptop/p/itm661ed697fa9ca,2026-09-28T10:47:38.771154+00:00,insufficient_sources
HP,HP 250R G10,Intel,,2025,Intel,Core 3 14th Gen 100U,,,,,,,,,,,,,,,8,DDR4,,,,,,512,,,,,15.6,,,,,,,,,,,,,,,,False,False,Windows 11 Home,True,,,,[],,,,False,False,False,,53935.0,66990.0,13055.0,53935.0,61226.25,69990.0,24,flipkart,https://www.flipkart.com/hp-250r-g10-2025-i3-14th-gen-intel-core-3-gen-100u-8-gb-512-gb-ssd-windows-11-home-thin-light-laptop/p/itmd5c1ce605db95,2026-09-28T10:47:38.781187+00:00,valid
HP,HP Professional,240,,,Intel,Core i5 13th Gen 1334U,Core i5,,,,,,,,,,,,,,16,DDR4,,,,,,1024,,,,,14.0,,,,,,,,,,,,,,,,False,False,Windows 11 Pro,True,,,,[],,,,False,False,False,,84990.0,86990.0,2000.0,84990.0,85990.0,86990.0,12,flipkart,https://www.flipkart.com/hp-professional-intel-core-i5-13th-gen-1334u-16-gb-1-tb-ssd-windows-11-pro-240-g10-notebook/p/itmf5438070b97db,2026-09-28T10:47:41.352797+00:00,valid
HP,"HP Professional 14,",240,,,Intel,Core i5 13th Gen 1334U,Core i5,,,,,,,,,,,,,,16,,,,,,,512,,,,,14.0,,,,,,,,,,,,,,,,False,False,Windows 11 Pro,True,,,,[],,,,False,False,False,,82999.0,99990.0,16991.0,82999.0,91494.5,99990.0,10,flipkart,https://www.flipkart.com/hp-professional-14-intel-core-i5-13th-gen-1334u-16-gb-512-gb-ssd-windows-11-pro-240-g10-thin-light-laptop/p/itm84e8fe2d61b08,2026-09-28T10:47:41.383157+00:00,valid
HP,HP 15,15-fc0805AU,,2024,AMD,Ryzen 5 Quad Core 7520U,Ryzen 5,7,,,,,,,,,,,,,8,DDR5,,,,,,512,,,,,15.6,,,,,,,,,,,,,,,,False,False,Windows 11 Home,True,,,,[],,,,False,False,False,,61754.0,87179.0,25425.0,61754.0,74466.5,87179.0,10,flipkart,https://www.flipkart.com/hp-15-amd-ryzen-5-quad-core-7520u-8-gb-512-gb-ssd-windows-11-home-15-fc0805au-thin-light-laptop/p/itm044828973e180,2026-09-28T10:47:41.386426+00:00,valid
HP,HP 15s,15s-eq2143au,,,AMD,Ryzen 3 Quad Core 5300U,Ryzen 3,5,,,,,,,,,,,,,8,DDR4,,,,,,512,,,,,15.6,,,,,,,,,,,,,,,,False,False,Windows 11 Home,True,,,,[],,,,False,False,False,,52900.0,57737.0,4837.0,52900.0,54721.5,57737.0,8,flipkart,https://www.flipkart.com/hp-15s-amd-ryzen-3-quad-core-5300u-8-gb-512-gb-ssd-windows-11-home-15s-eq2143au-thin-light-laptop/p/itm59e288d010cef,2026-09-28T10:47:41.402153+00:00,valid
HP,HP {2026},255R,,2026,AMD,Ryzen 5 Hexa Core 7535U,Ryzen 5,7,,,,,,,,,,,,,8,DDR5,,,,,,512,,,,,15.6,,,,,,,,,,,,,,,,False,False,Windows 11 Home,True,,,,[],,,,False,False,False,,59900.0,69999.0,10099.0,59900.0,64949.5,69999.0,14,flipkart,https://www.flipkart.com/hp-2026-amd-ryzen-5-hexa-core-7535u-8-gb-512-gb-ssd-windows-11-home-255r-g10-laptop/p/itm1f7ad53b95048,2026-09-28T10:47:41.434761+00:00,valid
HP,HP 15s,15s-fq5007TU,,2021,Intel,Core i3 12th Gen 1215U,Core i3,,,,,,,,,,,,,,8,DDR4,,,,,,512,,,,,15.6,,,,,,,,,,,,,,,,False,False,Windows 11 Home,True,,,,[],,,,False,False,False,,54900.0,59260.0,4360.0,54900.0,57989.75,59909.0,4,flipkart,https://www.flipkart.com/hp-15s-intel-core-i3-12th-gen-1215u-8-gb-512-gb-ssd-windows-11-home-15s-fq5007tu-thin-light-laptop/p/itmd2ff5362367f2,2026-09-28T10:47:43.410317+00:00,valid
HP,HP 15,AMD,,2025,AMD,Ryzen 3 Quad Core 7320U,Ryzen 3,7,,,,,,,,,,,,,16,LPDDR5,,,,,,512,,,,,15.6,,,,,,,,,,,,,,,,False,False,Windows 11 Home,True,,,,[],,,,False,False,False,,60399.0,68990.0,8591.0,60399.0,64694.5,68990.0,8,flipkart,https://www.flipkart.com/hp-15-2025-amd-ryzen-3-quad-core-7320u-16-gb-512-gb-ssd-windows-11-home-thin-light-laptop/p/itm21a0e5d4cf930,2026-09-28T10:47:43.413752+00:00,valid
HP,HP 15,15-fd0262TU,,2024,Intel,Core 5 120U,,,,,,,,,,,,,,,24,DDR5,,,,,,512,,,,,15.6,,,,,,,,,,,,,,,,False,False,Windows 11 Home,True,,,,[],,,,False,False,False,,82990.0,132489.0,49499.0,82990.0,107739.5,132489.0,8,flipkart,https://www.flipkart.com/hp-15-intel-core-5-120u-24-gb-512-gb-ssd-windows-11-home-15-fd0262tu-thin-light-laptop/p/itm027a3317f4ff9,2026-09-28T10:47:43.445038+00:00,valid
HP,HP Omnibook 5 2K OLED,16-fb0001QU,,2024,Qualcomm,Snapdragon X -,Snapdragon X,,,,,,,,,,,,,,16,LPDDR5X,,,,,,1024,,,,,16.0,,,,,OLED,,,,,,,,,,,False,False,Windows 11 Home,True,,,,[],,,,False,False,False,,79900.0,105299.0,25399.0,79900.0,92599.5,105299.0,10,flipkart,https://www.flipkart.com/hp-omnibook-5-2k-oled-snapdragon-x-16-gb-1-tb-ssd-windows-11-home-16-fb0001qu-thin-light-laptop/p/itmb3931d2ae1ddf,2026-09-28T10:47:43.459351+00:00,valid
HP,HP Victus,Intel,Victus,,Intel,Core 5 120U,,,,,,,,,,,,,,,16,DDR4,,,,,,512,,,,,15.6,,,,,,,,,,,,,,,,False,False,Windows 11 Home,True,,,,[],,,,False,False,False,,81160.0,82900.0,1740.0,74999.0,79281.4,82900.0,10,flipkart,https://www.flipkart.com/hp-victus-i5-14th-gen-intel-core-5-120u-16-gb-512-gb-ssd-windows-11-home-15-fd1097tu-thin-light-laptop/p/itm6fde2b6452d54,2026-09-28T10:47:48.750645+00:00,valid
HP,HP 14s,14s-fq1030AU,,,AMD,Ryzen 5 Hexa Core 5500U,Ryzen 5,5,,,,,,,,,,,,,8,DDR4,,,,,,512,,,,,14.0,,,,,,,,,,,,,,,,False,False,Windows 10,True,,,,[],,,,False,False,False,,55750.0,66162.0,10412.0,55750.0,60956.0,66162.0,8,flipkart,https://www.flipkart.com/hp-14s-amd-ryzen-5-hexa-core-5500u-8-gb-512-gb-ssd-windows-10-home-14s-fq1030au-thin-light-laptop/p/itm9760b8956b2bd,2026-09-28T10:47:43.470382+00:00,valid
HP,HP 14s,14s,,,Intel,Core i3 12th Gen 1215U,Core i3,,,,,,,,,,,,,,8,DDR4,,,,,,512,,,,,14.0,,,,,,,,,,,,,,,,False,False,Windows 11 Home,True,,,,[],,,,False,False,False,,57690.0,59990.0,2300.0,57690.0,58783.8,59990.0,10,flipkart,https://www.flipkart.com/hp-14s-intel-core-i3-12th-gen-1215u-8-gb-512-gb-ssd-windows-11-home-dy5008tu-thin-light-laptop/p/itm9643034ac6cf7,2026-09-28T10:47:43.478612+00:00,valid
HP,HP Omnibook 5 2K OLED,Omnibook,,2024,Qualcomm,Snapdragon X -,Snapdragon X,,,,,,,,,,,,,,16,LPDDR5X,,,,,,512,,,,,14.0,,,,,OLED,,,,,,,,,,,False,False,Windows 11 Home,True,,,,[],,,,False,False,False,,91155.0,144065.0,52910.0,71690.0,102133.92,144065.0,12,flipkart,https://www.flipkart.com/hp-omnibook-5-2k-oled-snapdragon-x-16-gb-512-gb-ssd-windows-11-home-14-he0014qu-thin-light-laptop/p/itm574fc09a43a4a,2026-09-28T11:04:23.675247+00:00,valid
HP,HP 15 with Office 2024,15-FD0883TU,,2024,Intel,Core 3 14th Gen 100U,,,,,,,,,,,,,,,8,DDR5,,,,,,512,,,,,15.6,,,,,,,,,,,,,,,,False,False,Windows 11 Home,True,,,,[],,,,False,False,False,,56990.0,81662.0,24672.0,56990.0,69326.0,81662.0,6,flipkart,https://www.flipkart.com/hp-15-office-2024-intel-core-3-14th-gen-100u-8-gb-512-gb-ssd-windows-11-home-15-fd0883tu-laptop/p/itmc40f050c45530,2026-09-28T10:47:43.511699+00:00,valid
HP,HP Victus,,Victus,,Intel,Core i5 12th Gen 12450H,Core i5,12,,,,,,,,,,,,,16,DDR4,,,,,,512,,,,,15.6,,,,,,,,,,,,,,,,False,False,Windows 11 Home,True,,,,[],,,,False,False,False,,96481.0,99900.0,3419.0,89990.0,98808.23,111999.0,30,flipkart,https://www.flipkart.com/hp-victus-intel-core-i5-12th-gen-12450h-16-gb-512-gb-ssd-windows-11-home-4-graphics-nvidia-geforce-rtx-3050-15-fa0666tx-gaming-laptop/p/itm236b5aaa84afc,2026-09-28T10:47:46.764021+00:00,valid
HP,HP Victus,,Victus,2024,AMD,Ryzen 7 7445HS,Ryzen 7,7,,,,,NVIDIA,NVIDIA GeForce RTX 4050,Discrete,,,,,,16,DDR5,,,,,,512,,,,,15.6,,,,,,,,,,,,,,,,False,False,Windows 11 Home,True,,,,[],,,,False,False,False,,114999.0,134990.0,19991.0,114999.0,124994.5,134990.0,10,flipkart,https://www.flipkart.com/hp-victus-amd-ryzen-7-7445hs-16-gb-512-gb-ssd-windows-11-home-6-graphics-nvidia-geforce-rtx-4050-144-hz-15-fb3118ax-gaming-laptop/p/itm4485427971e99,2026-09-28T10:47:46.662718+00:00,valid
HP,HP Victus,Intel,Victus,2024,Intel,Core 5 210,,,,,,,,,,,,,,,24,DDR5,,,,,,512,,,,,15.6,,,,,,,,,,,,,,,,False,False,Windows 11 Home,True,,,,[],,,,False,False,False,,111990.0,171168.0,59178.0,111990.0,141579.0,171168.0,14,flipkart,https://www.flipkart.com/hp-victus-i5-14th-gen-intel-core-5-210-h-24-gb-512-gb-ssd-windows-11-home-6-graphics-nvidia-geforce-rtx-3050-15-fa2556tx-gaming-laptop/p/itm5114b22280c2d,2026-09-28T10:47:46.704404+00:00,valid
HP,HP Victus,FB01,Victus,,AMD,Ryzen 5 5600H,Ryzen 5,5,,,,,AMD,AMD Radeon RX 6500M,Discrete,,,,,,8,DDR4,,,,,,512,,,,,15.6,,,,,,,,,,,,,,,,False,False,Windows 11 Home,True,,,,[],,,,False,False,False,1,75920.0,82990.0,7070.0,75920.0,79455.0,82990.0,14,flipkart,https://www.flipkart.com/hp-victus-amd-ryzen-5-5600h-8-gb-512-gb-ssd-windows-11-home-4-graphics-amd-radeon-rx-6500m-fb0184ax-gaming-laptop/p/itm9687851e16cba,2026-09-28T10:47:46.717337+00:00,valid
HP,HP Victus,,Victus,,Intel,Core i7 13th Gen 13620H,Core i7,13,,,,,,,,,,,,,24,DDR5,,,,,,1024,,,,,15.6,,,,,,,,,,,,,,,,False,False,Windows 11 Home,True,,,,[],,,,False,False,False,,149990.0,189990.0,40000.0,149990.0,169990.0,189990.0,14,flipkart,https://www.flipkart.com/hp-victus-intel-core-i7-13th-gen-13620h-24-gb-1-tb-ssd-windows-11-home-8-gb-graphics-nvidia-geforce-rtx-5050-144-hz-15-fa2309tx-gaming-laptop/p/itme5665ac2bd4e4,2026-09-28T10:47:46.732260+00:00,valid
HP,HP Victus 15,,Victus,,Intel,Core i5 12th Gen 12450H,Core i5,12,,,,,,,,,,,,,8,DDR4,,,,,,512,,,,,15.6,,,,,,,,,,,,,,,,False,False,Windows 11 Home,True,,,,[],,,,False,False,False,,85656.0,95990.0,10334.0,85656.0,90823.0,95990.0,8,flipkart,https://www.flipkart.com/hp-victus-15-intel-core-i5-12th-gen-12450h-8-gb-512-gb-ssd-windows-11-home-4-graphics-nvidia-geforce-gtx-1650-144-hz-15-fa0070tx-gaming-laptop/p/itm08528d71de97a,2026-09-28T10:47:46.767621+00:00,valid
HP,HP Victus,,Victus,,AMD,Ryzen 7 Hexa Core 7445H,Ryzen 7,7,,,,,,,,,,,,,16,DDR5,,,,,,512,,,,,15.6,,,,,,,,,,,,,,,,False,False,Windows 11 Home,True,,,,[],,,,False,False,False,1,104990.0,109990.0,5000.0,104990.0,107490.0,109990.0,6,flipkart,https://www.flipkart.com/hp-victus-amd-ryzen-7-hexa-core-7445h-16-gb-512-gb-ssd-windows-11-home-4-graphics-nvidia-geforce-rtx-2050-15-fb3189ax-gaming-laptop/p/itm0b3058f1eb408,2026-09-28T10:47:46.775292+00:00,valid
HP,HP Victus,,Victus,,Intel,Core i7 12th Gen 12650H,Core i7,12,,,,,,,,,,,,,8,DDR4,,,,,,512,,,,,15.6,,,,,,,,,,,,,,,,False,False,Windows 11 Home,True,,,,[],,,,False,False,False,,100515.0,109990.0,9475.0,100515.0,105252.5,109990.0,10,flipkart,https://www.flipkart.com/hp-victus-intel-core-i7-12th-gen-12650h-8-gb-512-gb-ssd-windows-11-home-4-graphics-nvidia-geforce-rtx-3050-144-hz-15-fa0073tx-gaming-laptop/p/itm944e378eaed68,2026-09-28T10:47:48.632765+00:00,valid
HP,HP Victus,,Victus,,Intel,Core i5 12th Gen 12450H,Core i5,12,,,,,,,,,,,,,8,DDR4,,,,,,512,,,,,15.6,,,,,,,,,,,,,,,,False,False,Windows 11 Pro,True,,,,[],,,,False,False,False,,94990.0,105000.0,10010.0,89990.0,98923.57,105000.0,14,flipkart,https://www.flipkart.com/hp-victus-intel-core-i5-12th-gen-12450h-8-gb-512-gb-ssd-windows-11-pro-4-graphics-nvidia-geforce-rtx-2050-15-fa1312tx-gaming-laptop/p/itm3ef6fdacff19e,2026-09-28T10:47:48.703765+00:00,valid
HP,HP Victus,,Victus,,Intel,Core i5 12th Gen 12450H,Core i5,12,,,,,,,,,,,,,16,DDR4,,,,,,1024,,,,,15.6,,,,,,,,,,,,,,,,False,False,Windows 11 Home,True,,,,[],,,,False,False,False,,94990.0,105000.0,10010.0,94990.0,99995.0,105000.0,18,flipkart,https://www.flipkart.com/hp-victus-intel-core-i5-12th-gen-12450h-16-gb-1-tb-ssd-windows-11-home-4-gb-graphics-nvidia-geforce-rtx-3050a-15-fa1388tx-gaming-laptop/p/itm9c378a535906f,2026-09-28T10:47:48.674169+00:00,valid
HP,HP Victus,,Victus,,Intel,Core i5 13th Gen 13420H,Core i5,13,,,,,,,,,,,,,16,DDR4,,,,,,1024,,,,,15.6,,,,,,,,,,,,,,,,False,False,Windows 11 Home,True,,,,[],,,,False,False,False,,,,,,,,0,flipkart,https://www.flipkart.com/hp-victus-intel-core-i5-13th-gen-13420h-16-gb-1-tb-ssd-windows-11-home-4-gb-graphics-nvidia-geforce-rtx-2050-144-hz-15-fa1307tx-gaming-laptop/p/itmdc1c4e71b1064,2026-09-28T10:47:48.717045+00:00,insufficient_sources
HP,HP Victus 15,,Victus,,Intel,Core i5 13th Gen 13420H,Core i5,13,,,,,,,,,,,,,16,DDR4,,,,,,512,,,,,15.6,,,,,,,,,,,,,,,,False,False,Windows 11 Home,True,,,,[],,,,False,False,False,,,,,,,,0,flipkart,https://www.flipkart.com/hp-victus-15-intel-core-i5-13th-gen-13420h-16-gb-512-gb-ssd-windows-11-home-6-graphics-nvidia-geforce-rtx-3050-144-hz-75-w-15-fa1327tx-gaming-laptop/p/itmb08f154f265d7,2026-09-28T10:47:48.720131+00:00,insufficient_sources
HP,HP Victus 15,,Victus,,AMD,Ryzen 7 Octa Core 5800H,Ryzen 7,5,,,,,,,,,,,,,16,DDR4,,,,,,512,,,,,15.6,,,,,,,,,,,,,,,,False,False,Windows 11 Home,True,,,,[],,,,False,False,False,,114590.0,120990.0,6400.0,114590.0,117790.0,120990.0,6,flipkart,https://www.flipkart.com/hp-victus-15-amd-ryzen-7-octa-core-5800h-16-gb-512-gb-ssd-windows-11-home-4-graphics-nvidia-geforce-rtx-3050-15-fb0107ax-gaming-laptop/p/itm236b5aaa84afc,2026-09-28T10:47:48.726007+00:00,valid
HP,HP Victus,,Victus,,AMD,Ryzen 7 Octa Core 5800H,Ryzen 7,5,,,,,,,,,,,,,16,DDR4,,,,,,512,,,,,15.6,,,,,,,,,,,,,,,,False,False,Windows 11 Home,True,,,,[],,,,False,False,False,,110990.0,120000.0,9010.0,110990.0,115495.0,120000.0,10,flipkart,https://www.flipkart.com/hp-victus-amd-ryzen-7-octa-core-5800h-16-gb-512-gb-ssd-windows-11-home-4-graphics-nvidia-geforce-rtx-3050-15-fb0053ax-gaming-laptop/p/itm86ca62161fd3f,2026-09-28T10:47:48.735883+00:00,valid
ASUS,ASUS TUF Gaming F17,,TUF Gaming,,Intel,Core i5 11th Gen 11400H,Core i5,11,,,,,,,,,,,,,16,DDR4,,,,,,512,,,,,17.3,,,,,,,,,,,,,,,,False,False,Windows 11,True,,,,[],,,,False,False,False,,50990.0,85990.0,35000.0,50990.0,68490.0,85990.0,20,flipkart,https://www.flipkart.com/asus-tuf-gaming-f17-ai-powered-intel-core-i5-11th-gen-11400h-16-gb-512-gb-ssd-windows-11-home-4-graphics-nvidia-geforce-rtx-2050-165-hz-70-w-fx706hf-ny040w-laptop/p/itm5b135cad5c8a9,2026-09-28T10:47:53.534727+00:00,valid
HP,HP 15s,15s-fq2671TU,,,Intel,Core i3 11th Gen 1115G,Core i3,,,,,,,,,,,,,,8,DDR4,,,,,,512,,,,,15.6,,,,,,,,,,,,,,,,False,False,Windows 11 Home,True,,,,[],,,,False,False,False,,57990.0,59834.0,1844.0,57690.0,58889.5,59999.0,6,flipkart,https://www.flipkart.com/hp-15s-intel-core-i3-11th-gen-1115g4-8-gb-512-gb-ssd-windows-11-home-15s-fq2671tu-thin-light-laptop/p/itm87114c2927ec1,2026-09-28T10:47:53.544849+00:00,valid
ASUS,"ASUS Vivobook 15 with MSO 2024 + M365 Basic*, Backlit Keyboard,",,Vivobook,2025,Intel,Core 5 120U,,,,,,,,,,,,,,,8,DDR4,,,,,,512,,,,,15.6,,,,,,,,,,,,,,,,False,False,Windows 11 Home,True,,,,[],Backlit Keyboard,,,False,False,False,,69990.0,75990.0,6000.0,69990.0,72990.0,75990.0,4,flipkart,https://www.flipkart.com/asus-vivobook-15-2025-i5-14th-gen-mso-2024-m365-basic-backlit-keyboard-intel-core-5-120u-8-gb-512-gb-ssd-windows-11-home-x1504vap-nj2863ws-thin-light-laptop/p/itm902b318e63962,2026-09-28T11:02:12.348150+00:00,valid
ASUS,ASUS,Intel,,2024,,,,,,,,,,,,,,,,,16,DDR5,,,,,,512,,,,,16.0,,,,,,,,,,,,,,,,False,False,Windows 11 Home,True,,,,[],,,,False,False,False,,86728.0,105990.0,19262.0,86728.0,96359.0,105990.0,2,flipkart,https://www.flipkart.com/asus-core-5-processor-210h-i5-14th-gen-intel-series-2-16-gb-512-gb-ssd-windows-11-home-s3607va-rp114ws-laptop/p/itme2350bda68726,2026-09-28T10:47:53.610735+00:00,valid
Lenovo,Lenovo LOQ 2025,,LOQ,2025,,,,,,,,,,,,,,,,,16,DDR5,,,,,,512,,,,,15.6,,,,,,,,,,,,,,,,False,False,Windows 11 Home,True,,,,[],,,,False,False,False,,165490.0,291490.0,126000.0,165490.0,228490.0,291490.0,2,flipkart,https://www.flipkart.com/lenovo-loq-2025-amd-ryzen-7-octa-core-250-16-gb-512-gb-ssd-windows-11-home-8-graphics-nvidia-geforce-rtx-5050-15ahp10-gaming-laptop/p/itm4f1c5a47cce97,2026-09-28T10:47:56.957820+00:00,valid
Lenovo,Lenovo LOQ,,LOQ,,AMD,Ryzen 5 Quad Core 7235HS,Ryzen 5,7,,,,,,,,,,,,,24,DDR5,,,,,,512,,,,,15.6,,,,,,,,,,,,,,,,False,False,Windows 11 Home,True,,,,[],,,,False,False,False,,100190.0,102990.0,2800.0,100190.0,101590.0,102990.0,10,flipkart,https://www.flipkart.com/lenovo-loq-amd-ryzen-5-quad-core-7235hs-24-gb-512-gb-ssd-windows-11-home-6-graphics-nvidia-geforce-rtx-3050-144-hz-95-w-15arp9-gaming-laptop/p/itmd3fbbdced2d6b,2026-09-28T10:47:57.009268+00:00,valid
Lenovo,Lenovo LOQ,,LOQ,2024,Intel,Core i7 13th Gen 13645HX,Core i7,13,,,,,,,,,,,,,16,DDR5,,,,,,1024,,,,,15.6,,,,,,,,,,,,,,,,False,False,Windows 11 Home,True,,,,[],,,,False,False,False,,177990.0,197290.0,19300.0,177990.0,187640.0,197290.0,10,flipkart,https://www.flipkart.com/lenovo-loq-intel-core-i7-13th-gen-13645hx-16-gb-1-tb-ssd-windows-11-home-8-gb-graphics-nvidia-geforce-rtx-5050-15irx10-gaming-laptop/p/itm6237d27fd02f9,2026-09-28T10:47:57.017423+00:00,valid
Lenovo,Lenovo LOQ,,LOQ,2024,Intel,Core i7 13th Gen 13650HX,Core i7,13,,,,,,,,,,,,,16,DDR5,,,,,,1024,,,,,15.6,,,,,,,,,,,,,,,,False,False,Windows 11 Home,True,,,,[],,,,False,False,False,,187990.0,269890.0,81900.0,187990.0,228940.0,269890.0,24,flipkart,https://www.flipkart.com/lenovo-loq-intel-core-i7-13th-gen-13650hx-16-gb-1-tb-ssd-windows-11-home-8-gb-graphics-nvidia-geforce-rtx-5060-15irx10-gaming-laptop/p/itm925bbd4318d74,2026-09-28T10:47:57.022020+00:00,valid
Lenovo,Lenovo,,,,,,,,,,,,NVIDIA,NVIDIA GeForce RTX 3050,Discrete,,,,,,24,DDR5,,,,,,512,,,,,15.6,,,,,,,,,,,,,,,,False,False,Windows 11 Home,True,,,,[],,,,False,False,False,,118990.0,120990.0,2000.0,118990.0,119990.0,120990.0,2,flipkart,https://www.flipkart.com/lenovo-amd-ryzen-7-octa-core-24-gb-512-gb-ssd-windows-11-home-4-graphics-nvidia-geforce-rtx-3050a-loq-15arp9d2-gaming-laptop/p/itmf0d7200015d85,2026-09-28T10:47:58.745009+00:00,valid
Lenovo,Lenovo LOQ 2025,,LOQ,2025,Intel,Core i7 13th Gen 13645HX,Core i7,13,,,,,,,,,,,,,16,DDR5,,,,,,1024,,,,,15.6,,,,,,,,,,,,,,,,False,False,Windows 11 Home,True,,,,[],,,,False,False,False,,177990.0,320290.0,142300.0,177990.0,249140.0,320290.0,14,flipkart,https://www.flipkart.com/lenovo-loq-2025-intel-core-i7-13th-gen-13645hx-16-gb-1-tb-ssd-windows-11-home-8-gb-graphics-nvidia-geforce-rtx-5050-15irx10-gaming-laptop/p/itmb534cc031e416,2026-09-28T10:47:58.798743+00:00,valid
Lenovo,Lenovo Legion 5 WQXGA OLED,,Legion,,Intel,Core Ultra 7 255,Core Ultra 7,1,,,,,,,,,,,,,32,DDR5,,,,,,1024,,,,,15.1,,,,,OLED,,,,,,,,,,,False,False,Windows 11 Home,True,,,,[],,,,False,False,False,,223644.0,260999.0,37355.0,223644.0,242321.5,260999.0,8,flipkart,https://www.flipkart.com/lenovo-legion-5-wqxga-oled-intel-core-ultra-7-255-hx-32-gb-1-tb-ssd-windows-11-home-8-gb-graphics-nvidia-geforce-rtx-5060-15iax10-gaming-laptop/p/itm5380aeb5644c6,2026-09-28T10:47:58.813058+00:00,valid
Lenovo,Lenovo,83D,,,,,,,,,,,NVIDIA,RTX 3050,Discrete,,,,,,24,DDR5,,,,,,512,,,,,15.6,,,,,,,,,,,,,,,,False,False,Windows 11 Home,True,,,,[],,,,False,False,False,1,129990.0,140000.0,10010.0,129990.0,134995.0,140000.0,2,flipkart,https://www.flipkart.com/lenovo-intel-core-i5-13th-gen-24-gb-512-gb-ssd-windows-11-home-nvidia-geforce-rtx-3050-6gb-83dv00x6in-gaming-laptop/p/itmeecae88789330,2026-09-28T10:47:58.835810+00:00,valid
Lenovo,Lenovo Legion Pro 5 WQXGA OLED,,Legion,2024,,,,,,,,,,,,,,,,,32,DDR5,,,,,,1024,,,,,16.0,,,,,OLED,,,,,,,,,,,False,False,Windows 11 Home,True,,,,[],,,,False,False,False,,266490.0,293890.0,27400.0,266490.0,280190.0,293890.0,4,flipkart,https://www.flipkart.com/lenovo-legion-pro-5-wqxga-oled-amd-ryzen-9-16-core-9955hx-32-gb-1-tb-ssd-windows-11-home-8-gb-graphics-nvidia-geforce-rtx-5070-16afr10-gaming-laptop/p/itm486199e140e02,2026-09-28T10:48:00.721486+00:00,valid
Lenovo,Lenovo,83GUA052IG,,,Intel,Core i5 13th Gen 13420H,Core i5,13,,,,,,,,,,,,,8,DDR5,,,,,,512,,,,,14.0,,,,,,,,,,,,,,,,False,False,Windows 11 Home,True,,,,[],,,,False,False,False,,64107.0,72990.0,8883.0,64107.0,68548.5,72990.0,20,flipkart,https://www.flipkart.com/lenovo-intel-core-i5-13th-gen-13420h-8-gb-512-gb-ssd-windows-11-home-83gua052ig-laptop/p/itm4c092eb88b63f,2026-09-28T10:48:00.743940+00:00,valid
Lenovo,Lenovo IdeaPad Slim 3 Backlit Keyboard with MSO'2024,,IdeaPad,2024,Intel,Core i5 13th Gen 13420H,Core i5,13,,,,,,,,,,,,,16,DDR5,,,,,,512,,,,,15.3,,,,,,,,,,,,,,,,False,False,Windows 11 Home,True,,,,[],Backlit Keyboard,,,False,False,False,,73000.0,95000.0,22000.0,73000.0,84000.0,95000.0,8,flipkart,https://www.flipkart.com/lenovo-ideapad-slim-3-backlit-keyboard-mso-2024-intel-core-i5-13th-gen-13420h-16-gb-512-gb-ssd-windows-11-home-15irh10-thin-light-laptop/p/itm2a90980ab87ad,2026-09-28T10:48:00.801866+00:00,valid
Acer,Acer Predator Helios 16,,Predator,,Intel,Core i9 14th Gen 14900HX,Core i9,14,,,,,,,,,,,,,16,DDR5,,,,,,1024,,,,,16.0,,,,,,,,,,,,,,,,False,False,Windows 11 Home,True,,,,[],,,,False,False,False,,201999.0,219990.0,17991.0,201999.0,210994.5,219990.0,16,flipkart,https://www.flipkart.com/acer-predator-helios-16-intel-core-i9-14th-gen-14900hx-16-gb-1-tb-ssd-windows-11-home-8-gb-graphics-nvidia-geforce-rtx-4070-ph16-72-gaming-laptop/p/itm34f68c296ce65,2026-09-28T10:48:05.108374+00:00,valid
Acer,Acer Predator Helios 300,,Predator,,Intel,Core i5 8th Gen 8300H,Core i5,,,,,,,,,,,,,,16,DDR4,,,,,,128,,,,,15.6,,,,,,,,,,,,,,,,False,False,Windows 10,True,,,,[],,,,False,False,False,,,,,,,,0,flipkart,https://www.flipkart.com/acer-predator-helios-300-intel-core-i5-8th-gen-8300h-16-gb-1-tb-hdd-128-gb-ssd-windows-10-home-6-graphics-nvidia-geforce-gtx-1060-ph315-51-59b6-ph315-51-ph315-51-51dq-gaming-laptop/p/itm38217ebef9b8b,2026-09-28T10:48:05.113062+00:00,insufficient_sources
Acer,Acer Predator Helios 300,,Predator,,Intel,Core i7 8th Gen 8750H,Core i7,,,,,,,,,,,,,,16,DDR4,,,,,,128,,,,,15.6,,,,,,,,,,,,,,,,False,False,Windows 10,True,,,,[],,,,False,False,False,,,,,,,,0,flipkart,https://www.flipkart.com/acer-predator-helios-300-intel-core-i7-8th-gen-8750h-16-gb-1-tb-hdd-128-gb-ssd-windows-10-home-6-graphics-nvidia-geforce-gtx-1060-ph315-51-73bh-gaming-laptop/p/itm38217ebef9b8b,2026-09-28T10:48:05.116750+00:00,insufficient_sources
Acer,Acer Predator Helios 300,,Predator,,Intel,Core i5 7th Gen 7300HQ,Core i5,,,,,,,,,,,,,,16,DDR4,,,,,,128,,,,,15.6,,,,,,,,,,,,,,,,False,False,Windows 10,True,,,,[],,,,False,False,False,,,,,,,,0,flipkart,https://www.flipkart.com/acer-predator-helios-300-intel-core-i5-7th-gen-7300hq-16-gb-1-tb-hdd-128-gb-ssd-windows-10-home-6-graphics-nvidia-geforce-gtx-1060-g3-572-gaming-laptop/p/itme6e3e1c3bee46,2026-09-28T10:48:05.135596+00:00,insufficient_sources
Acer,Acer Predator Helios 300,,Predator,,Intel,Core i7 10th Gen 10870H,Core i7,10,,,,,,,,,,,,,16,DDR4,,,,,,2048,,,,,15.6,,,,,,,,,,,,,,,,False,False,Windows 10,True,,,,[],,,,False,False,False,,,,,,,,0,flipkart,https://www.flipkart.com/acer-predator-helios-300-intel-core-i7-10th-gen-10870h-16-gb-2-tb-ssd-windows-10-home-8-gb-graphics-nvidia-geforce-rtx-2070-max-q-design-240-hz-ph315-53-7739-gaming-laptop/p/itmafb97fcd252d4,2026-09-28T10:48:05.140534+00:00,insufficient_sources
Acer,Acer Predator Triton 300,,Predator,,Intel,Core i7 10th Gen 10750H,Core i7,10,,,,,,,,,,,,,16,DDR4,,,,,,2048,,,,,15.6,,,,,,,,,,,,,,,,False,False,Windows 10,True,,,,[],,,,False,False,False,,,,,,,,0,flipkart,https://www.flipkart.com/acer-predator-triton-300-intel-core-i7-10th-gen-10750h-16-gb-2-tb-ssd-windows-10-home-8-gb-graphics-nvidia-geforce-rtx-2070-max-q-design-pt315-52-gaming-laptop/p/itma5dee0a9562b6,2026-09-28T10:48:05.151125+00:00,insufficient_sources
Acer,Acer Predator Helios 300,,Predator,,Intel,Core i7 11th Gen 11800H,Core i7,11,,,,,,,,,,,,,16,DDR4,,,,,,512,,,,,15.6,,,,,,,,,,,,,,,,False,False,Windows 10,True,,,,[],,,,False,False,False,,,,,,,,0,flipkart,https://www.flipkart.com/acer-predator-helios-300-intel-core-i7-11th-gen-11800h-16-gb-1-tb-hdd-512-gb-ssd-windows-10-home-6-graphics-nvidia-geforce-rtx-3060-165-hz-ph315-54-gaming-laptop/p/itm43b35e2981046,2026-09-28T10:48:05.159336+00:00,insufficient_sources
ASUS,ASUS ExpertBook P5 with Full Metal AI PC with 1 Yr ADP,,ExpertBook,2024,Intel,Core Ultra 7 258V,Core Ultra 7,2,,,,,,,,,,,,,32,LPDDR5X,,,,,,1024,,,,,14.0,,,,,,,,,,,,,,,,False,False,Windows 11 Home,True,,,,[],,,,False,False,False,,138990.0,184990.0,46000.0,138990.0,161990.0,184990.0,8,flipkart,https://www.flipkart.com/asus-expertbook-p5-full-metal-ai-pc-1-yr-adp-intel-core-ultra-7-258v-32-gb-1-tb-ssd-windows-11-home-p5405csa-nz0215ws-thin-light-laptop/p/itm9a04cfff0490d,2026-09-28T10:48:06.948303+00:00,valid
Acer,Acer Nitro,,Nitro,,AMD,Ryzen 5 Hexa Core 5600H,Ryzen 5,5,,,,,,,,,,,,,8,DDR4,,,,,,256,,,,,15.6,,,,,,,,,,,,,,,,False,False,Windows 11 Home,True,,,,[],,,,False,False,False,,,,,,,,0,flipkart,https://www.flipkart.com/acer-nitro-amd-ryzen-5-hexa-core-5600h-8-gb-1-tb-hdd-256-gb-ssd-windows-11-home-4-graphics-nvidia-geforce-rtx-3050-144-hz-an515-45-an515-45-r7z1-gaming-laptop/p/itm5dfe2f652c536,2026-09-28T10:48:06.987658+00:00,insufficient_sources
Acer,Acer Nitro 5,,Nitro,,Intel,Core i5 8th Gen 8300H,Core i5,,,,,,,,,,,,,,8,DDR4,,,,,,,,,,,15.6,,,,,,,,,,,,,,,,False,False,Windows 10,True,,,,[],,,,False,False,False,,87990.0,90000.0,2010.0,87990.0,88995.0,90000.0,8,flipkart,https://www.flipkart.com/acer-nitro-5-intel-core-i5-8th-gen-8300h-8-gb-1-tb-hdd-windows-10-home-4-gb-graphics-nvidia-geforce-gtx-1050-ti-an515-52-gaming-laptop/p/itm6f29fd69ce6a0,2026-09-28T10:48:06.999121+00:00,valid
Acer,Acer Nitro V,,Nitro,,AMD,Ryzen 5 Hexa Core 6600H,Ryzen 5,6,,,,,,,,,,,,,16,DDR5,,,,,,512,,,,,15.6,,,,,,,,,,,,,,,,False,False,Windows 11 Home,True,,,,[],,,,False,False,False,,,,,,,,0,flipkart,https://www.flipkart.com/acer-nitro-v-amd-ryzen-5-hexa-core-6600h-16-gb-512-gb-ssd-windows-11-home-6-graphics-nvidia-geforce-rtx-3050-anv15-41-r8g0-gaming-laptop/p/itm33a9aedda362e,2026-09-28T10:48:07.010519+00:00,insufficient_sources
Acer,Acer Swift Neo Office 2024 + M365 Basic,UN,Swift,2024,Intel,Core Ultra 5 115U,Core Ultra 5,1,,,,,,,,,,,,,16,LPDDR5,,,,,,1024,,,,,14.0,,,,,,,,,,,,,,,,False,False,Windows 11 Home,True,,,,[],,,,False,False,False,1,85990.0,89999.0,4009.0,85990.0,87994.5,89999.0,2,flipkart,https://www.flipkart.com/acer-swift-neo-office-2024-m365-basic-intel-core-ultra-5-115u-16-gb-1-tb-ssd-windows-11-home-un-35gsi-007-thin-light-laptop/p/itm9e55de1a60bc0,2026-09-28T10:48:08.595247+00:00,valid
Lenovo,Lenovo ThinkPad E14,TP,ThinkPad,,Intel,Core i5 12th Gen 1235U,Core i5,,,,,,,,,,,,,,16,DDR4,,,,,,1024,,,,,14.0,,,,,,,,,,,,,,,,False,False,Windows 11 Home,True,,,,[],,,,False,False,False,,121068.0,125000.0,3932.0,121068.0,123034.0,125000.0,12,flipkart,https://www.flipkart.com/lenovo-thinkpad-e14-intel-core-i5-12th-gen-1235u-16-gb-1-tb-ssd-windows-11-home-tp-4-thin-light-laptop/p/itm3d17489527341,2026-09-28T10:48:13.061170+00:00,valid
Lenovo,Lenovo,Thinkpad,,,Intel,Core i7 8th Gen 8665U,Core i7,,,,,,,,,,,,,,16,DDR4,,,,,,512,,,,,14.0,,,,,,,,,,,,,,,,False,False,Windows 10,True,,,,[],,,,False,False,False,,,,,,,,0,flipkart,https://www.flipkart.com/lenovo-intel-core-i7-8th-gen-8665u-16-gb-512-gb-ssd-windows-10-pro-2-graphics-thinkpad-p43s-thin-light-laptop/p/itm7ef1ae75f6dd3,2026-09-28T10:48:13.065675+00:00,insufficient_sources
Lenovo,Lenovo ThinkBook 14 G6,,,,Intel,Core i3 13th Gen 1315U,Core i3,,,,,,,,,,,,,,8,DDR5,,,,,,512,,,,,14.0,,,,,,,,,,,,,,,,False,False,Windows 11 Home,True,,,,[],,,,False,False,False,,53500.0,99999.0,46499.0,53500.0,75916.33,99999.0,12,flipkart,https://www.flipkart.com/lenovo-thinkbook-14-g6-intel-core-i3-13th-gen-1315u-8-gb-512-gb-ssd-windows-11-home-thinkbook-thin-light-laptop/p/itm589529ec81a9f,2026-09-28T10:48:13.085057+00:00,valid
Lenovo,Lenovo,ThinkBook,,,AMD,Ryzen 3 Quad Core 7330U,Ryzen 3,7,,,,,,,,,,,,,8,DDR4,,,,,,512,,,,,15.6,,,,,,,,,,,,,,,,False,False,Windows 11 Home,True,,,,[],,,,False,False,False,,54771.0,61200.0,6429.0,54771.0,57985.5,61200.0,8,flipkart,https://www.flipkart.com/lenovo-amd-ryzen-3-quad-core-7330u-8-gb-512-gb-ssd-windows-11-home-thinkbook-15-g5-thin-light-laptop/p/itm3138a03a4b1a2,2026-09-28T10:48:13.092708+00:00,valid
Lenovo,Lenovo THINKBOOK 16,,,,,,,,,,,,,,,,,,,,16,LPDDR5,,,,,,512,,,,,16.0,,,,,,,,,,,,,,,,False,False,Windows 11 Pro,True,,,,[],,,,False,False,False,,88999.0,99900.0,10901.0,88999.0,94449.5,99900.0,2,flipkart,https://www.flipkart.com/lenovo-thinkbook-16-amd-ryzen-7-octa-core-7th-gen-7735hs-16-gb-512-gb-hdd-512-ssd-windows-11-pro-thinbook-g7-arp-laptop/p/itmccd065cb21a4a,2026-09-28T10:48:13.110235+00:00,valid
Apple,Apple MacBook Pro M4,MCX04HN,MacBook Pro,,Apple,M4 Pro,Apple M4,4,,,,,,,,,Unified Memory,,,,24,Unified Memory,,,,,,1024,,,,,14.0,,,,,,,,,,,,,,,,False,False,macOS,False,,,,[],,,,False,False,False,,,,,,,,0,flipkart,https://www.flipkart.com/apple-macbook-pro-m4-24-gb-1-tb-ssd-macos-sequoia-mcx04hn-a/p/itmcd041a34ee857,2026-09-28T10:48:21.563862+00:00,insufficient_sources
Apple,Apple MacBook Pro M3,MR7K3HN,MacBook Pro,,Apple,M3 Pro,Apple M3,3,,,,,,,,,Unified Memory,,,,8,Unified Memory,,,,,,1024,,,,,14.0,,,,,,,,,,,,,,,,False,False,macOS,False,,,,[],,,,False,False,False,,,,,,,,0,flipkart,https://www.flipkart.com/apple-macbook-pro-m3-8-gb-1-tb-ssd-macos-sonoma-mr7k3hn-a/p/itmcd041a34ee857,2026-09-28T10:48:21.567280+00:00,insufficient_sources
Apple,Apple MacBook Pro M3,MTL73HN,MacBook Pro,,Apple,M3 Pro,Apple M3,3,,,,,,,,,Unified Memory,,,,8,Unified Memory,,,,,,512,,,,,14.0,,,,,,,,,,,,,,,,False,False,macOS,False,,,,[],,,,False,False,False,,,,,,,,0,flipkart,https://www.flipkart.com/apple-macbook-pro-m3-8-gb-512-gb-ssd-macos-sonoma-mtl73hn-a/p/itmcd041a34ee857,2026-09-28T10:48:21.580942+00:00,insufficient_sources
Apple,Apple MacBook Pro M4 Pro,MX2F3HN,MacBook Pro,,Apple,M4 Pro,Apple M4,4,,,,,,,,,Unified Memory,,,,24,Unified Memory,,,,,,1024,,,,,14.0,,,,,,,,,,,,,,,,False,False,macOS,False,,,,[],,,,False,False,False,,,,,,,,0,flipkart,https://www.flipkart.com/apple-macbook-pro-m4-24-gb-1-tb-ssd-macos-sequoia-mx2f3hn-a/p/itmcd041a34ee857,2026-09-28T10:48:21.595111+00:00,insufficient_sources
Apple,Apple MacBook Pro M3,MTL83HN,MacBook Pro,,Apple,M3 Pro,Apple M3,3,,,,,,,,,Unified Memory,,,,8,Unified Memory,,,,,,1024,,,,,14.0,,,,,,,,,,,,,,,,False,False,macOS,False,,,,[],,,,False,False,False,,,,,,,,0,flipkart,https://www.flipkart.com/apple-macbook-pro-m3-8-gb-1-tb-ssd-macos-sonoma-mtl83hn-a/p/itmcd041a34ee857,2026-09-28T10:48:21.598597+00:00,insufficient_sources
Apple,Apple Macbook Neo A18 Pro A18 Pro,A18,,2026,,,,,,,,,,,,,Unified Memory,,,,8,Unified Memory,,,,,,256,,,,,13.0,,,,,,,,,,,,,,,,False,False,macOS,False,,,,[],,,,False,False,False,,,,,,,,0,flipkart,https://www.flipkart.com/apple-macbook-neo-a18-pro-2026-pro-8-gb-256-gb-ssd-tahoe-mhfh4hn-a/p/itmca8bd5b2e2477,2026-09-28T10:48:21.610620+00:00,insufficient_sources
Apple,Apple M4 Max,MX2W3HN,,,Apple,M4 Max,Apple M4,4,,,,,,,,,Unified Memory,,,,48,Unified Memory,,,,,,256,,,,,16.0,,,,,,,,,,,,,,,,False,False,macOS,False,,,,[],,,,False,False,False,,,,,,,,0,flipkart,https://www.flipkart.com/apple-m4-max-48-gb-256-gb-ssd-macos-sequoia-mx2w3hn-a/p/itmcd041a34ee857,2026-09-28T10:48:23.888627+00:00,insufficient_sources
Apple,Apple MacBook Pro M3 Max,MUW63HN,MacBook Pro,,Apple,M3 Max,Apple M3,3,,,,,,,,,Unified Memory,,,,48,Unified Memory,,,,,,1024,,,,,16.0,,,,,,,,,,,,,,,,False,False,macOS,False,,,,[],,,,False,False,False,,,,,,,,0,flipkart,https://www.flipkart.com/apple-macbook-pro-m3-max-48-gb-1-tb-ssd-macos-sonoma-muw63hn-a/p/itmcd041a34ee857,2026-09-28T10:48:23.903166+00:00,insufficient_sources
Apple,Apple MacBook Pro M3 Max,MRW73HN,MacBook Pro,,Apple,M3 Max,Apple M3,3,,,,,,,,,Unified Memory,,,,36,Unified Memory,,,,,,1024,,,,,16.0,,,,,,,,,,,,,,,,False,False,macOS,False,,,,[],,,,False,False,False,,,,,,,,0,flipkart,https://www.flipkart.com/apple-macbook-pro-m3-max-36-gb-1-tb-ssd-macos-sonoma-mrw73hn-a/p/itmcd041a34ee857,2026-09-28T10:48:23.914434+00:00,insufficient_sources
Apple,Apple MacBook AIR M2,MLY33HN,MacBook Air,,Apple,M2 Pro,Apple M2,2,,,,,,,,,Unified Memory,,,,8,Unified Memory,,,,,,256,,,,,13.6,,,,,,,,,,,,,,,,False,False,macOS,False,,,,[],,,,False,False,False,,,,,,,,0,flipkart,https://www.flipkart.com/apple-macbook-air-m2-8-gb-256-gb-ssd-mac-os-monterey-mly33hn-a/p/itmdc5308fa78421,2026-09-28T10:48:23.924350+00:00,insufficient_sources
Apple,Apple MacBook AIR M2,MLY43HN,MacBook Air,,Apple,M2 Pro,Apple M2,2,,,,,,,,,Unified Memory,,,,8,Unified Memory,,,,,,512,,,,,13.6,,,,,,,,,,,,,,,,False,False,macOS,False,,,,[],,,,False,False,False,,,,,,,,0,flipkart,https://www.flipkart.com/apple-macbook-air-m2-8-gb-512-gb-ssd-mac-os-monterey-mly43hn-a/p/itmdc5308fa78421,2026-09-28T10:48:23.956594+00:00,insufficient_sources
Apple,Apple MacBook AIR M2,MLY43HN,MacBook Air,,Apple,M2 Pro,Apple M2,2,,,,,,,,,Unified Memory,,,,16,Unified Memory,,,,,,1024,,,,,13.6,,,,,,,,,,,,,,,,False,False,macOS,False,,,,[],,,,False,False,False,,,,,,,,0,flipkart,https://www.flipkart.com/apple-macbook-air-m2-16-gb-1-tb-ssd-mac-os-monterey-mly43hn-a/p/itmdc5308fa78421,2026-09-28T10:48:26.091677+00:00,insufficient_sources
Apple,Apple MacBook Air M3,MXCR3HN,MacBook Air,,Apple,M3 Pro,Apple M3,3,,,,,,,,,Unified Memory,,,,16,Unified Memory,,,,,,1024,,,,,13.0,,,,,,,,,,,,,,,,False,False,macOS,False,,,,[],,,,False,False,False,,,,,,,,0,flipkart,https://www.flipkart.com/apple-macbook-air-m3-16-gb-1-tb-ssd-macos-sonoma-mxcr3hn-a/p/itmdc5308fa78421,2026-09-28T10:48:26.153106+00:00,insufficient_sources
Apple,Apple MacBook AIR M2,MLY23HN,MacBook Air,,Apple,M2 Pro,Apple M2,2,,,,,,,,,Unified Memory,,,,8,Unified Memory,,,,,,512,,,,,13.6,,,,,,,,,,,,,,,,False,False,macOS,False,,,,[],,,,False,False,False,,,,,,,,0,flipkart,https://www.flipkart.com/apple-macbook-air-m2-8-gb-512-gb-ssd-mac-os-monterey-mly23hn-a/p/itmd65f6b189fc7b,2026-09-28T10:48:26.161278+00:00,insufficient_sources
ASUS,ASUS Vivobook 15,X1504ZA-NJ321WS,Vivobook,,Intel,Core i3 12th Gen 1215U,Core i3,,,,,,,,,,,,,,8,DDR4,,,,,,512,,,,,15.6,,,,,,,,,,,,,,,,False,False,Windows 11 Home,True,,,,[],,,,False,False,False,,35990.0,54990.0,19000.0,35990.0,45490.0,54990.0,14,flipkart,https://www.flipkart.com/asus-vivobook-15-intel-core-i3-12th-gen-1215u-8-gb-512-gb-ssd-windows-11-home-x1504za-nj321ws-thin-light-laptop/p/itmbe5bbf6a5168b,2026-09-28T11:02:10.607622+00:00,valid
ASUS,ASUS Vivobook 15,X515EA-EJ312W,Vivobook,,Intel,Core i3 11th Gen 1115G,Core i3,,,,,,,,,,,,,,8,DDR4,,,,,,256,,,,,15.6,,,,,,,,,,,,,,,,False,False,Windows 11 Home,True,,,,[],,,,False,False,False,,28990.0,44990.0,16000.0,28990.0,36990.0,44990.0,12,flipkart,https://www.flipkart.com/asus-vivobook-15-intel-core-i3-11th-gen-1115g4-8-gb-256-gb-ssd-windows-11-home-x515ea-ej312w-thin-light-laptop/p/itm7aa1836156b37,2026-09-28T11:02:10.617852+00:00,valid
ASUS,ASUS Vivobook 15 with Office 2024 + M365 Basic*,,Vivobook,2025,Intel,Core i3 13th Gen,Core i3,,,,,,,,,,,,,,8,DDR5,,,,,,512,,,,,15.6,,,,,,,,,,,,,,,,False,False,Windows 11 Home,True,,,,[],,,,False,False,False,,50990.0,75990.0,25000.0,50990.0,63490.0,75990.0,18,flipkart,https://www.flipkart.com/asus-vivobook-15-2025-office-2024-m365-basic-intel-core-i3-13th-gen-8-gb-512-gb-ssd-windows-11-home-x1504va-d5321ws-thin-light-laptop/p/itma044347a6922b,2026-09-28T11:02:10.628062+00:00,valid
ASUS,"ASUS Vivobook 15, Backlit Keyboard,",,Vivobook,2024,Intel,Core i3 13th Gen 1315U,Core i3,,,,,,,,,,,,,,12,DDR4,,,,,,512,,,,,15.6,,,,,,,,,,,,,,,,False,False,Windows 11 Home,True,,,,[],Backlit Keyboard,,,False,False,False,,52990.0,77990.0,25000.0,52990.0,65490.0,77990.0,12,flipkart,https://www.flipkart.com/asus-vivobook-15-backlit-keyboard-intel-core-i3-13th-gen-1315u-12-gb-512-gb-ssd-windows-11-home-x1504va-bq331ws-laptop/p/itma48fa4387703b,2026-09-28T11:02:10.632669+00:00,valid
ASUS,ASUS Vivobook 15,X1504ZA-NJ521WS,Vivobook,,Intel,Core i5 12th Gen 1235U,Core i5,,,,,,,,,,,,,,8,DDR4,,,,,,512,,,,,15.6,,,,,,,,,,,,,,,,False,False,Windows 11 Home,True,,,,[],,,,False,False,False,,46990.0,69990.0,23000.0,46990.0,58490.0,69990.0,6,flipkart,https://www.flipkart.com/asus-vivobook-15-intel-core-i5-12th-gen-1235u-8-gb-512-gb-ssd-windows-11-home-x1504za-nj521ws-x1504za-nj520ws-x1504za-nj528ws-thin-light-laptop/p/itmff0e170cb596e,2026-09-28T11:02:10.638134+00:00,valid
ASUS,"ASUS Vivobook S14 Flip OLED with Touch Screen,",,Vivobook,2026,Qualcomm,Snapdragon X -,Snapdragon X,,,,,,,,,,,,,,8,LPDDR5X,,,,,,512,,,,,14.0,,,,,OLED,,,,,True,,,,,,False,False,Windows 11 Home,True,,,,[],,,,False,False,False,,,,,,,,0,flipkart,https://www.flipkart.com/asus-vivobook-s14-flip-oled-2026-touch-screen-snapdragon-x-8-gb-512-gb-ssd-windows-11-home-tp5408qa-u2093ws-thin-light-laptop/p/itm512b17a336037,2026-09-28T11:02:10.648170+00:00,insufficient_sources
ASUS,ASUS Vivobook 15 with Office 2024 + M365 Basic*,,Vivobook,2025,Intel,Core i3 13th Gen,Core i3,,,,,,,,,,,,,,16,DDR5,,,,,,512,,,,,15.6,,,,,,,,,,,,,,,,False,False,Windows 11 Home,True,,,,[],,,,False,False,False,,,,,,,,0,flipkart,https://www.flipkart.com/asus-vivobook-15-2025-office-2024-m365-basic-intel-core-i3-13th-gen-16-gb-512-gb-ssd-windows-11-home-x1504va-d5341ws-thin-light-laptop/p/itmd83d758eebbf9,2026-09-28T11:02:10.662566+00:00,insufficient_sources
ASUS,"ASUS Vivobook 15 with Office 2024 + M365 Basic*,",,Vivobook,2026,AMD,Ryzen 7 Octa Core,Ryzen 7,,,,,,,,,,,,,,16,DDR5,,,,,,512,,,,,15.6,,,,,,,,,,,,,,,,False,False,Windows 11 Home,True,,,,[],,,,False,False,False,,80990.0,95000.0,14010.0,80990.0,87995.0,95000.0,8,flipkart,https://www.flipkart.com/asus-vivobook-15-2026-office-2024-m365-basic-amd-ryzen-7-octa-core-170-16-gb-512-gb-ssd-windows-11-home-m1502naq-bq121ws-thin-light-laptop/p/itmfd4d7978b0424,2026-09-28T11:02:10.667342+00:00,valid
ASUS,"ASUS Vivobook 15 with Touchscreen & Backlit Keyboard,",,Vivobook,2025,Intel,Core i3 13th Gen 1315U,Core i3,,,,,,,,,,,,,,8,DDR4,,,,,,512,,,,,15.6,,,,,,,,,,True,,,,,,False,False,Windows 11 Home,True,,,,[],Backlit Keyboard,,,False,False,False,,,,,,,,0,flipkart,https://www.flipkart.com/asus-vivobook-15-2025-touchscreen-backlit-keyboard-intel-core-i3-13th-gen-1315u-8-gb-512-gb-ssd-windows-11-home-x1504va-e81599ws-2-1-laptop/p/itm72fc7af14df5e,2026-09-28T11:02:10.680290+00:00,insufficient_sources
ASUS,ASUS Vivobook 15,Intel,Vivobook,2026,Intel,Core 5 120U,,,,,,,,,,,,,,,16,DDR5,,,,,,512,,,,,15.6,,,,,,,,,,,,,,,,False,False,Windows 11 Home,True,,,,[],,,,False,False,False,,79990.0,159990.0,80000.0,79990.0,119990.0,159990.0,2,flipkart,https://www.flipkart.com/asus-vivobook-15-2026-intel-core-5-120u-16-gb-512-gb-ssd-windows-11-home-x1504vap-in008ws-thin-light-laptop/p/itmfe276bf10c864,2026-09-28T11:10:49.494644+00:00,valid
ASUS,"ASUS Vivobook 15, with Backlit Keyboard,",,Vivobook,,Intel,Core i7 13th Gen 13620H,Core i7,13,,,,,,,,,,,,,16,DDR4,,,,,,512,,,,,15.6,,,,,,,,,,,,,,,,False,False,Windows 11 Home,True,,,,[],Backlit Keyboard,,,False,False,False,,68990.0,85990.0,17000.0,68990.0,79634.29,100000.0,14,flipkart,https://www.flipkart.com/asus-vivobook-15-backlit-keyboard-intel-core-i7-13th-gen-13620h-16-gb-512-gb-ssd-windows-11-home-x1502va-bq838ws-thin-light-laptop/p/itm576883d3f6eb6,2026-09-28T11:02:10.692631+00:00,valid
ASUS,ASUS Vivobook 15,X1504VA-BQ332WS,Vivobook,,Intel,Core i3 13th Gen 1315U,Core i3,,,,,,,,,,,,,,12,DDR4,,,,,,512,,,,,15.6,,,,,,,,,,,,,,,,False,False,Windows 11 Home,True,,,,[],,,,False,False,False,,52990.0,77990.0,25000.0,52990.0,65490.0,77990.0,4,flipkart,https://www.flipkart.com/asus-vivobook-15-intel-core-i3-13th-gen-1315u-12-gb-512-gb-ssd-windows-11-home-x1504va-bq332ws-thin-light-laptop/p/itmaab2ae69af1a4,2026-09-28T11:02:10.697638+00:00,valid
ASUS,ASUS Vivobook 15,Intel,Vivobook,2026,Intel,Core 3 304,,,,,,,,,,,,,,,8,DDR5,,,,,,512,,,,,15.6,,,,,,,,,,,,,,,,False,False,Windows 11 Home,True,,,,[],,,,False,False,False,,58990.0,119990.0,61000.0,58990.0,89490.0,119990.0,2,flipkart,https://www.flipkart.com/asus-vivobook-15-2026-intel-core-3-304-8-gb-512-gb-ssd-windows-11-home-x1504ma-bq424ws-thin-light-laptop/p/itm805c66d85b232,2026-09-28T11:02:10.701292+00:00,valid
ASUS,ASUS Vivobook 15 with Office 2024 + M365 Basic,,Vivobook,2026,Intel,Core 3 14th Gen 100U,,,,,,,,,,,,,,,16,DDR5,,,,,,512,,,,,15.6,,,,,,,,,,,,,,,,False,False,Windows 11 Home,True,,,,[],,,,False,False,False,,69990.0,92990.0,23000.0,69990.0,82990.0,101990.0,12,flipkart,https://www.flipkart.com/asus-vivobook-15-2026-office-2024-m365-basic-i3-14th-gen-intel-core-3-gen-100u-16-gb-512-gb-ssd-windows-11-home-x1504vap-bq1341ws-thin-light-laptop/p/itme88b5e65d7a73,2026-09-28T11:02:10.710296+00:00,valid
ASUS,ASUS Vivobook 15,X1504VA-NJ323WS,Vivobook,,Intel,Core i3 13th Gen 1315U,Core i3,,,,,,,,,,,,,,8,DDR4,,,,,,512,,,,,15.6,,,,,,,,,,,,,,,,False,False,Windows 11 Home,True,,,,[],,,,False,False,False,,60014.0,69599.0,9585.0,60014.0,64806.5,69599.0,2,flipkart,https://www.flipkart.com/asus-vivobook-15-intel-core-i3-13th-gen-1315u-8-gb-512-gb-ssd-windows-11-home-x1504va-nj323ws-thin-light-laptop/p/itmff0e170cb596e,2026-09-28T11:02:12.315070+00:00,valid
ASUS,ASUS Vivobook 15,X1502ZA-EJ322WS,Vivobook,,Intel,Core i3 12th Gen 1215U,Core i3,,,,,,,,,,,,,,8,DDR4,,,,,,512,,,,,15.6,,,,,,,,,,,,,,,,False,False,Windows 11 Home,True,,,,[],,,,False,False,False,,,,,,,,0,flipkart,https://www.flipkart.com/asus-vivobook-15-intel-core-i3-12th-gen-1215u-8-gb-512-gb-ssd-windows-11-home-x1502za-ej322ws-thin-light-laptop/p/itm54273cfe6723b,2026-09-28T11:02:12.321322+00:00,insufficient_sources
ASUS,ASUS VivoBook 15,X515JA-BQ322WS,Vivobook,2021,Intel,Core i3 10th Gen 1005G,Core i3,,,,,,,,,,,,,,8,DDR4,,,,,,512,,,,,15.6,,,,,,,,,,,,,,,,False,False,Windows 11 Home,True,,,,[],,,,False,False,False,,27990.0,50990.0,23000.0,27990.0,39490.0,50990.0,2,flipkart,https://www.flipkart.com/asus-vivobook-15-intel-core-i3-10th-gen-1005g1-8-gb-512-gb-ssd-windows-11-home-x515ja-bq322ws-thin-light-laptop/p/itmee696f665be05,2026-09-28T11:02:12.324726+00:00,valid
ASUS,ASUS,X512DA-BQ303WS,,,AMD,Ryzen 3,Ryzen 3,,,,,,,,,,,,,,8,DDR4,,,,,,256,,,,,15.6,,,,,,,,,,,,,,,,False,False,Windows 11 Home,True,,,,[],,,,False,False,False,,64312.0,79999.0,15687.0,64312.0,72155.5,79999.0,2,flipkart,https://www.flipkart.com/asus-amd-ryzen-3-dual-core-7th-gen-8-gb-256-gb-ssd-windows-11-home-x512da-bq303ws-laptop/p/itm765bdb5fdc769,2026-09-28T11:02:12.328417+00:00,valid
ASUS,ASUS Vivobook 15,Intel,Vivobook,2026,Intel,Core 5 120U,,,,,,,,,,,,,,,8,DDR5,,,,,,512,,,,,15.6,,,,,,,,,,,,,,,,False,False,Windows 11 Home,True,,,,[],,,,False,False,False,,66990.0,159990.0,93000.0,66990.0,113490.0,159990.0,4,flipkart,https://www.flipkart.com/asus-vivobook-15-2026-intel-core-5-120u-8-gb-512-gb-ssd-windows-11-home-x1504vap-in012ws-thin-light-laptop/p/itm720b122ee7286,2026-09-28T11:02:12.331751+00:00,valid
ASUS,ASUS,X1502ZA-EJ531WS,,,Intel,Core i5 12th Gen,Core i5,,,,,,,,,,,,,,8,DDR4,,,,,,512,,,,,15.6,,,,,,,,,,,,,,,,False,False,Windows 11 Home,True,,,,[],,,,False,False,False,,74758.0,89990.0,15232.0,74758.0,82374.0,89990.0,2,flipkart,https://www.flipkart.com/asus-intel-core-i5-12th-gen-8-gb-512-gb-ssd-windows-11-home-x1502za-ej531ws-laptop/p/itmb8433101b5e57,2026-09-28T11:02:12.342408+00:00,valid
ASUS,"ASUS Vivobook 15 , AI PC with NPU up to 15TOPS,",,Vivobook,2026,Intel,Core 5 315,,,,,,,,,,,,,,15,8,DDR5,,,,,,512,,,,,15.6,,,,,,,,,,,,,,,,False,False,Windows 11 Home,True,,,,[],,,,False,False,False,,82990.0,137990.0,55000.0,82990.0,110490.0,137990.0,2,flipkart,https://www.flipkart.com/asus-vivobook-15-2026-ai-pc-npu-up-15tops-intel-core-5-315-8-gb-512-gb-ssd-windows-11-home-x1504ma-bq832ws-thin-light-laptop/p/itm13a7267a883cb,2026-09-28T11:02:12.355172+00:00,valid
ASUS,ASUS Vivobook 15,X1504VA-NJ524WS,Vivobook,,Intel,Core i5 13th Gen 1335U,Core i5,,,,,,,,,,,,,,8,DDR4,,,,,,512,,,,,15.6,,,,,,,,,,,,,,,,False,False,Windows 11 Home,True,,,,[],,,,False,False,False,,67677.0,80990.0,13313.0,67677.0,74333.5,80990.0,4,flipkart,https://www.flipkart.com/asus-vivobook-15-intel-core-i5-13th-gen-1335u-8-gb-512-gb-ssd-windows-11-home-x1504va-nj524ws-thin-light-laptop/p/itm200184e4e0443,2026-09-28T11:02:12.359274+00:00,valid
ASUS,ASUS,X1502VA-BQ836WS,,,Intel,Core i5 5th Gen,Core i5,,,,,,,,,,,,,,16,DDR4,,,,,,512,,,,,15.6,,,,,,,,,,,,,,,,False,False,Windows 11 Home,True,,,,[],,,,False,False,False,,76999.0,85990.0,8991.0,76999.0,81494.5,85990.0,2,flipkart,https://www.flipkart.com/asus-intel-core-i5-5th-gen-16-gb-512-gb-ssd-windows-11-home-x1502va-bq836ws-thin-light-laptop/p/itmbff9ba63079b7,2026-09-28T11:02:12.361966+00:00,valid
ASUS,ASUS Vivobook 15,Intel,Vivobook,2026,Intel,Core 5 315,,,,,,,,,,,,,,,8,DDR5,,,,,,512,,,,,15.6,,,,,,,,,,,,,,,,False,False,Windows 11 Home,True,,,,[],,,,False,False,False,,82990.0,137990.0,55000.0,82990.0,110490.0,137990.0,4,flipkart,https://www.flipkart.com/asus-vivobook-15-2026-intel-core-5-315-8-gb-512-gb-ssd-windows-11-home-x1504ma-bq833ws-thin-light-laptop/p/itm2fe1df2a8689a,2026-09-28T11:02:12.364743+00:00,valid
ASUS,"ASUS Vivobook 15, with Backlit Keyboard,",,Vivobook,2024,Intel,Core i5 13th Gen 1335U,Core i5,,,,,,,,,,,,,,8,DDR4,,,,,,512,,,,,15.6,,,,,,,,,,,,,,,,False,False,Windows 11 Home,True,,,,[],Backlit Keyboard,,,False,False,False,,70756.0,80990.0,10234.0,69010.0,76272.88,89990.0,8,flipkart,https://www.flipkart.com/asus-vivobook-15-backlit-keyboard-intel-core-i5-13th-gen-1335u-8-gb-512-gb-ssd-windows-11-home-x1504va-nj1766ws-thin-light-laptop/p/itmb8beee48281dd,2026-09-28T11:02:12.370457+00:00,valid
ASUS,ASUS Vivobook 15,X1504VA-NJ540WS,Vivobook,,Intel,Core i5 13th Gen 1335U,Core i5,,,,,,,,,,,,,,16,DDR4,,,,,,512,,,,,15.6,,,,,,,,,,,,,,,,False,False,Windows 11 Home,True,,,,[],,,,False,False,False,,75658.0,76990.0,1332.0,75658.0,76324.0,76990.0,4,flipkart,https://www.flipkart.com/asus-vivobook-15-intel-core-i5-13th-gen-1335u-16-gb-512-gb-ssd-windows-11-home-x1504va-nj540ws-thin-light-laptop/p/itmc5f8cb8e52c33,2026-09-28T11:02:12.374344+00:00,valid
ASUS,ASUS Vivobook 15,X1502VA-BQ836WS,Vivobook,,Intel,Core i5 13th Gen,Core i5,,,,,,,,,,,,,,16,DDR4,,,,,,512,,,,,15.6,,,,,,,,,,,,,,,,False,False,Windows 11 Home,True,,,,[],,,,False,False,False,,,,,,,,0,flipkart,https://www.flipkart.com/asus-vivobook-15-intel-core-i5-13th-gen-16-gb-512-gb-ssd-windows-11-home-x1502va-bq836ws-thin-light-laptop/p/itmbff9ba63079b7,2026-09-28T11:02:12.387950+00:00,insufficient_sources
ASUS,ASUS Vivobook 15,X1500EA-EJ3381WS,Vivobook,2021,Intel,Core i3 11th Gen,Core i3,,,,,,,,,,,,,,8,DDR4,,,,,,512,,,,,15.6,,,,,,,,,,,,,,,,False,False,Windows 11 Home,True,,,,[],,,,False,False,False,,57990.0,59990.0,2000.0,57990.0,58990.0,59990.0,2,flipkart,https://www.flipkart.com/asus-vivobook-15-intel-core-i3-11th-gen-i3-1115g4-8-gb-512-gb-ssd-windows-11-home-x1500ea-ej3381ws-laptop/p/itm2ca46b6d22a06,2026-09-28T11:02:12.391020+00:00,valid
ASUS,ASUS Vivobook 15,X515EA-EJ701WS,Vivobook,,Intel,Core i7 11th Gen 1165G,Core i7,,,,,,,,,,,,,,16,DDR4,,,,,,512,,,,,15.6,,,,,,,,,,,,,,,,False,False,Windows 11 Home,True,,,,[],,,,False,False,False,,71789.0,80999.0,9210.0,71789.0,76394.0,80999.0,4,flipkart,https://www.flipkart.com/asus-vivobook-15-intel-core-i7-11th-gen-1165g7-16-gb-512-gb-ssd-windows-11-home-x515ea-ej701ws-thin-light-laptop/p/itmee696f665be05,2026-09-28T11:02:12.393938+00:00,valid
ASUS,ASUS Vivobook 15,X1504VA-NJ523WS,Vivobook,,Intel,Core i5 13th Gen 1335U,Core i5,,,,,,,,,,,,,,8,DDR4,,,,,,512,,,,,15.6,,,,,,,,,,,,,,,,False,False,Windows 11 Home,True,,,,[],,,,False,False,False,,71366.0,89990.0,18624.0,71366.0,80678.0,89990.0,2,flipkart,https://www.flipkart.com/asus-vivobook-15-intel-core-i5-13th-gen-1335u-8-gb-512-gb-ssd-windows-11-home-x1504va-nj523ws-thin-light-laptop/p/itmff0e170cb596e,2026-09-28T11:02:14.177975+00:00,valid
ASUS,"ASUS Vivobook 15 with Office 2024 + M365 Basic*,",,Vivobook,2025,Intel,Core i3 13th Gen 1315U,Core i3,,,,,,,,,,,,,,16,DDR4,,,,,,512,,,,,15.6,,,,,,,,,,,,,,,,False,False,Windows 11 Home,True,,,,[],,,,False,False,False,,53990.0,54990.0,1000.0,53990.0,54490.0,54990.0,12,flipkart,https://www.flipkart.com/asus-vivobook-15-2025-office-2024-m365-basic-intel-core-i3-13th-gen-1315u-16-gb-512-gb-ssd-windows-11-home-x1504va-nj2324ws-x1504va-bq341ws-thin-light-laptop/p/itmf0e6514a56cbf,2026-09-28T11:02:14.189095+00:00,valid
ASUS,"ASUS Vivobook 15, with Backlit Keyboard,",,Vivobook,,Intel,Core i3 13th Gen 1315U,Core i3,,,,,,,,,,,,,,8,DDR4,,,,,,512,,,,,15.6,,,,,,,,,,,,,,,,False,False,Windows 11,True,,,,[],Backlit Keyboard,,,False,False,False,,56699.0,69699.0,13000.0,56699.0,63199.0,69699.0,12,flipkart,https://www.flipkart.com/asus-vivobook-15-backlit-keyboard-intel-core-i3-13th-gen-1315u-8-gb-512-gb-ssd-windows-11-home-x1504va-nj320ws-x1504va-bq321ws-thin-light-laptop/p/itm200184e4e0443,2026-09-28T11:02:14.200066+00:00,valid
ASUS,ASUS Vivobook 15,X1504VA-NJ324WS,Vivobook,,Intel,Core i3 13th Gen 1315U,Core i3,,,,,,,,,,,,,,8,DDR4,,,,,,512,,,,,15.6,,,,,,,,,,,,,,,,False,False,Windows 11 Home,True,,,,[],,,,False,False,False,,58900.0,67990.0,9090.0,58900.0,63445.0,67990.0,8,flipkart,https://www.flipkart.com/asus-vivobook-15-intel-core-i3-13th-gen-1315u-8-gb-512-gb-ssd-windows-11-home-x1504va-nj324ws-thin-light-laptop/p/itm200184e4e0443,2026-09-28T11:02:14.203511+00:00,valid
ASUS,"ASUS Vivobook 15 with Office 2024 + M365 Basic*, Backlit Keyboard,",,Vivobook,2025,Intel,Core i5 13th Gen 1335U,Core i5,,,,,,,,,,,,,,8,DDR4,,,,,,512,,,,,15.6,,,,,,,,,,,,,,,,False,False,Windows 11,True,,,,[],Backlit Keyboard,,,False,False,False,,68990.0,85000.0,16010.0,68990.0,76995.0,85000.0,6,flipkart,https://www.flipkart.com/asus-vivobook-15-2025-office-2024-m365-basic-backlit-keyboard-intel-core-i5-13th-gen-1335u-8-gb-512-gb-ssd-windows-11-home-x1504va-nj540ws-x1504va-nj546ws-thin-light-laptop/p/itm200184e4e0443,2026-09-28T11:02:14.210885+00:00,valid
ASUS,"ASUS Vivobook 15, with Backlit Keyboard,",,Vivobook,2024,Intel,Core i3 13th Gen 1315U,Core i3,,,,,,,,,,,,,,16,DDR4,,,,,,512,,,,,15.6,,,,,,,,,,,,,,,,False,False,Windows 11 Home,True,,,,[],Backlit Keyboard,,,False,False,False,,61250.0,69990.0,8740.0,61250.0,65620.0,69990.0,6,flipkart,https://www.flipkart.com/asus-vivobook-15-backlit-keyboard-intel-core-i3-13th-gen-1315u-16-gb-512-gb-ssd-windows-11-home-x1504va-nj2325ws-x1504va-bq342ws-thin-light-laptop/p/itmb44a032e58491,2026-09-28T11:02:14.219210+00:00,valid
ASUS,"ASUS Vivobook 15 with MSO 2024 + M365 Basic, Backlit Keyboard,",,Vivobook,2025,Intel,Core 5 120U,,,,,,,,,,,,,,,16,DDR4,,,,,,512,,,,,15.6,,,,,,,,,,,,,,,,False,False,Windows 11 Home,True,,,,[],Backlit Keyboard,,,False,False,False,,73936.0,98999.0,25063.0,73936.0,86467.5,98999.0,4,flipkart,https://www.flipkart.com/asus-vivobook-15-2025-i5-14th-gen-with-mso-2024-m365-basic-backlit-keyboard-intel-core-5-120u-16-gb-512-gb-ssd-windows-11-home-x1504vap-bq543ws-x1504vap-bq1543ws-thin-light-laptop/p/itma023e3106dea0,2026-09-28T11:02:14.223254+00:00,valid
ASUS,"ASUS Vivobook 15 with Office 2024 + M365 Basic*,",,Vivobook,2026,AMD,Ryzen 5 Hexa Core,Ryzen 5,,,,,,,,,,,,,,16,DDR5,,,,,,512,,,,,15.6,,,,,,,,,,,,,,,,False,False,Windows 11 Home,True,,,,[],,,,False,False,False,,74801.0,79990.0,5189.0,72990.0,84942.75,111990.0,8,flipkart,https://www.flipkart.com/asus-vivobook-15-2026-office-2024-m365-basic-amd-ryzen-5-hexa-core-150-16-gb-512-gb-ssd-windows-11-home-m1502naq-bq118ws-thin-light-laptop/p/itm194545ff7b206,2026-09-28T11:02:14.231509+00:00,valid
ASUS,"ASUS Vivobook 15 , AI PC with NPU up to 16TOPS,",,Vivobook,2026,Intel,Core 5 320,,,,,,,,,,,,,,16,16,DDR5,,,,,,512,,,,,15.6,,,,,,,,,,,,,,,,False,False,Windows 11 Home,True,,,,[],,,,False,False,False,,99990.0,159990.0,60000.0,99990.0,129990.0,159990.0,4,flipkart,https://www.flipkart.com/asus-vivobook-15-2026-ai-pc-npu-up-16tops-intel-core-5-320-16-gb-512-gb-ssd-windows-11-home-x1504ma-bq126ws-thin-light-laptop/p/itmb8ccc86bf8976,2026-09-28T11:02:14.239293+00:00,valid
ASUS,"ASUS Vivobook 15 with Office 2024 + M365 Basic*,",,Vivobook,2025,Intel,Core i3 13th Gen 1315U,Core i3,,,,,,,,,,,,,,8,DDR4,,,,,,512,,,,,15.6,,,,,,,,,,,,,,,,False,False,Windows 11 Home,True,,,,[],,,,False,False,False,,62772.0,68999.0,6227.0,62772.0,65885.5,68999.0,2,flipkart,https://www.flipkart.com/asus-vivobook-15-2025-office-2024-m365-basic-intel-core-i3-13th-gen-1315u-8-gb-512-gb-ssd-windows-11-home-x1504va-nj3700ws-thin-light-laptop/p/itmf31c79724a398,2026-09-28T11:02:14.244915+00:00,valid
ASUS,"ASUS Vivobook 15 with Office 2024 + M365 Basic*, Backlit Keyboard,",,Vivobook,2025,Intel,Core i3 13th Gen 1315U,Core i3,,,,,,,,,,,,,,8,DDR5,,,,,,512,,,,,15.6,,,,,,,,,,,,,,,,False,False,Windows 11 Home,True,,,,[],Backlit Keyboard,,,False,False,False,,61941.0,72990.0,11049.0,61941.0,67465.5,72990.0,2,flipkart,https://www.flipkart.com/asus-vivobook-15-2025-office-2024-m365-basic-backlit-keyboard-intel-core-i3-13th-gen-1315u-8-gb-512-gb-ssd-windows-11-home-x1504va-nj3321ws-thin-light-laptop/p/itmc2fba93418f49,2026-09-28T11:02:14.251836+00:00,valid
ASUS,ASUS ASUS VIVOBOOK GO 15,,Vivobook,,,,,,,,,,,,,,,,,,16,DDR5,,,,,,512,,,,,15.6,,,,,,,,,,,,,,,,False,False,Windows 11,True,,,,[],,,,False,False,False,,66220.0,69999.0,3779.0,66220.0,68109.5,69999.0,2,flipkart,https://www.flipkart.com/asus-vivobook-go-15-amd-ryzen-5-octa-core-7th-gen-7520u-16-gb-512-gb-hdd-512-ssd-windows-11-home-e1504fa-bq2490ws-laptop/p/itmfc3ea8e228936,2026-09-28T11:02:14.258759+00:00,valid
ASUS,ASUS Vivobook S14 with Office 2024 + M365 Basic* Backlit Keyboard,,Vivobook,2025,Intel,Core 5 210,,,,,,,,,,,,,,,16,DDR5,,,,,,512,,,,,14.0,,,,,,,,,,,,,,,,False,False,Windows 11 Home,True,,,,[],Backlit Keyboard,,,False,False,False,,79999.0,81999.0,2000.0,79999.0,80999.0,81999.0,6,flipkart,https://www.flipkart.com/asus-vivobook-s14-2025-i5-14th-gen-office-2024-m365-basic-backlit-keyboard-intel-core-5-210h-16-gb-512-gb-ssd-windows-11-home-s3407va-ly075ws-thin-light-laptop/p/itm2ba976d7093b2,2026-09-28T11:02:17.361867+00:00,valid
ASUS,"ASUS Vivobook S14 with Office 2024 + M365 Basic*, AI PC, Backlit Keyboard,",,Vivobook,2025,Qualcomm,Snapdragon X -,Snapdragon X,,,,,,,,,,,,,,16,LPDDR5X,,,,,,512,,,,,14.0,,,,,,,,,,,,,,,,False,False,Windows 11 Home,True,,,,[],Backlit Keyboard,,,False,False,False,,65990.0,92990.0,27000.0,65990.0,86935.8,116999.0,30,flipkart,https://www.flipkart.com/asus-vivobook-s14-2025-office-2024-m365-basic-ai-pc-backlit-keyboard-snapdragon-x-16-gb-512-gb-ssd-windows-11-home-s3407qa-kp020ws-thin-light-laptop/p/itm4be832c0c07b8,2026-09-28T11:02:17.365142+00:00,valid
ASUS,ASUS VivoBook 14,X415EA-EK342WS,Vivobook,,Intel,Core i3 11th Gen 1115G,Core i3,,,,,,,,,,,,,,8,DDR4,,,,,,256,,,,,14.0,,,,,,,,,,,,,,,,False,False,Windows 11 Home,True,,,,[],,,,False,False,False,,,,,,,,0,flipkart,https://www.flipkart.com/asus-vivobook-14-intel-core-i3-11th-gen-1115g4-8-gb-256-gb-ssd-windows-11-home-x415ea-ek342ws-thin-light-laptop/p/itm4e269d8e445e4,2026-09-28T11:02:17.372315+00:00,insufficient_sources
ASUS,ASUS VivoBook 14,X412FA-EK5,Vivobook,,Intel,Core i5 10th Gen 10210U,Core i5,10,,,,,,,,,,,,,8,DDR4,,,,,,256,,,,,14.0,,,,,,,,,,,,,,,,False,False,Windows 10,True,,,,[],,,,False,False,False,,59876.0,65432.0,5556.0,59876.0,62654.0,65432.0,12,flipkart,https://www.flipkart.com/asus-vivobook-14-intel-core-i5-10th-gen-10210u-8-gb-1-tb-hdd-256-gb-ssd-windows-10-home-x412fa-ek513t-thin-light-laptop/p/itm1b2ae4b1d76e5,2026-09-28T11:02:17.375973+00:00,valid
ASUS,"ASUS Vivobook S14 with Office 2024 + M365 Basic*, AI PC NPU up to 16TOPS",,Vivobook,2026,AMD,Ryzen 7 Processor,Ryzen 7,,,,,,,,,,,,,16,16,DDR5,,,,,,1024,,,,,14.0,,,,,,,,,,,,,,,,False,False,Windows 11 Home,True,,,,[],,,,False,False,False,,84990.0,114990.0,30000.0,84990.0,99990.0,114990.0,18,flipkart,https://www.flipkart.com/asus-vivobook-s14-2026-office-2024-m365-basic-ai-pc-npu-up-16tops-amd-ryzen-7-260-16-gb-1-tb-ssd-windows-11-home-m3407ha-ly750ws-thin-light-laptop/p/itm5cc55ffa26330,2026-09-28T11:02:17.379572+00:00,valid
ASUS,ASUS Vivobook 14 Flip,Intel,Vivobook,2026,Intel,Core Ultra 7 355,Core Ultra 7,1,,,,,,,,,,,,,16,LPDDR5X,,,,,,1024,,,,,14.0,,,,,,,,,,True,,,,,,False,False,Windows 11 Home,True,,,,[],,,,False,False,False,,189990.0,287990.0,98000.0,189990.0,238990.0,287990.0,8,flipkart,https://www.flipkart.com/asus-vivobook-14-flip-2026-intel-core-ultra-7-355-16-gb-1-tb-ssd-windows-11-home-tp3407aa-sg052ws-thin-light-laptop/p/itm359a106aecaa5,2026-09-28T11:02:17.385217+00:00,valid
ASUS,ASUS Vivobook S14,Intel,Vivobook,2026,Intel,Core 7 350,,,,,,,,,,,,,,,16,LPDDR5X,,,,,,512,,,,,14.0,,,,,,,,,,,,,,,,False,False,Windows 11 Home,True,,,,[],,,,False,False,False,,118990.0,180990.0,62000.0,118990.0,149990.0,180990.0,6,flipkart,https://www.flipkart.com/asus-vivobook-s14-2026-intel-core-7-350-16-gb-512-gb-ssd-windows-11-home-s5452ma-tm197ws-thin-light-laptop/p/itm1695f5b4a6b1b,2026-09-28T11:02:17.389263+00:00,valid
ASUS,ASUS Vivobook S14 OLED,S3402ZA-KM50,Vivobook,,Intel,Core i5 12th Gen 12500H,Core i5,12,,,,,,,,,,,,,16,DDR4,,,,,,512,,,,,14.0,,,,,OLED,,,,,,,,,,,False,False,Windows 11 Home,True,,,,[],,,,False,False,False,,70990.0,98990.0,28000.0,70990.0,84990.0,98990.0,6,flipkart,https://www.flipkart.com/asus-vivobook-s14-oled-intel-core-i5-12th-gen-12500h-16-gb-512-gb-ssd-windows-11-home-s3402za-km501ws-thin-light-laptop/p/itm635eb6df61d1c,2026-09-28T11:02:17.392477+00:00,valid
ASUS,"ASUS Vivobook 14 with Office 2024 + M365 Basic*,",,Vivobook,2025,Intel,Core i5 13th Gen 1335U,Core i5,,,,,,,,,,,,,,8,DDR4,,,,,,512,,,,,14.0,,,,,,,,,,,,,,,,False,False,Windows 11 Home,True,,,,[],,,,False,False,False,,68199.0,75990.0,7791.0,68199.0,72094.5,75990.0,4,flipkart,https://www.flipkart.com/asus-vivobook-14-2025-office-2024-m365-basic-intel-core-i5-13th-gen-1335u-8-gb-512-gb-ssd-windows-11-home-x1404va-nk762ws-thin-light-laptop/p/itm4597bcd10c4c4,2026-09-28T11:02:17.402123+00:00,valid
ASUS,ASUS Vivobook,E1404FA-NK331W,Vivobook,,AMD,Ryzen 3 Quad Core 7320U,Ryzen 3,7,,,,,,,,,,,,,8,LPDDR5,,,,,,1024,,,,,14.0,,,,,,,,,,,,,,,,False,False,Windows 11 Home,True,,,,[],,,,False,False,False,,58400.0,64990.0,6590.0,55400.0,60945.0,64990.0,4,flipkart,https://www.flipkart.com/asus-vivobook-amd-ryzen-3-quad-core-7320u-8-gb-1-tb-ssd-windows-11-home-e1404fa-nk331w-thin-light-laptop/p/itmc5f8cb8e52c33,2026-09-28T11:02:17.405180+00:00,valid
ASUS,ASUS Vivobook 14 with Office 2024 + M365 Basic*,,Vivobook,2025,Intel,Core 5 120U,,,,,,,,,,,,,,,16,DDR4,,,,,,512,,,,,14.0,,,,,,,,,,,,,,,,False,False,Windows 11 Home,True,,,,[],,,,False,False,False,,76990.0,89999.0,13009.0,76990.0,83494.5,89999.0,6,flipkart,https://www.flipkart.com/asus-vivobook-14-2025-office-2024-m365-basic-i5-14th-gen-intel-core-5-120u-16-gb-512-gb-ssd-windows-11-home-x1404vap-eb542ws-x1404vap-eb1542ws-thin-light-laptop/p/itm36dfaa305203e,2026-09-28T11:02:17.408827+00:00,valid
ASUS,ASUS Vivobook,Intel,Vivobook,,Intel,Core 5,,,,,,,,,,,,,,,16,DDR4,,,,,,512,,,,,14.0,,,,,,,,,,,,,,,,False,False,Windows 11 Home,True,,,,[],,,,False,False,False,,76990.0,95990.0,19000.0,76990.0,86490.0,95990.0,4,flipkart,https://www.flipkart.com/asus-vivobook-i5-14th-gen-intel-core-5-1st-gen-16-gb-512-gb-ssd-windows-11-home-x1404vap-eb541ws-x1404vap-eb1541ws-laptop/p/itmcc31d47c7d530,2026-09-28T11:02:17.417942+00:00,valid
ASUS,ASUS Vivobook 14 Flip,Intel,Vivobook,2026,Intel,Core Ultra 7 355,Core Ultra 7,1,,,,,,,,,,,,,16,LPDDR5X,,,,,,512,,,,,14.0,,,,,,,,,,True,,,,,,False,False,Windows 11 Home,True,,,,[],,,,False,False,False,,179990.0,272990.0,93000.0,179990.0,226490.0,272990.0,8,flipkart,https://www.flipkart.com/asus-vivobook-14-flip-2026-intel-core-ultra-7-355-16-gb-512-gb-ssd-windows-11-home-tp3407aa-sg123ws-thin-light-laptop/p/itm01f100df0c118,2026-09-28T11:02:17.421569+00:00,valid
ASUS,"ASUS Vivobook 14 with Office 2024 + M365 Basic*,",,Vivobook,2025,AMD,Ryzen AI 5 Quad Core -,Ryzen AI,,,,,,,,,,,,,,16,DDR5,,,,,,512,,,,,14.0,,,,,,,,,,,,,,,,False,False,Windows 11 Home,True,,,,[],,,,False,False,False,,75990.0,82990.0,7000.0,75990.0,83102.3,89990.0,10,flipkart,https://www.flipkart.com/asus-vivobook-14-2025-office-2024-m365-basic-amd-ryzen-ai-5-quad-core-16-gb-512-gb-ssd-windows-11-home-m1407ka-ly131ws-thin-light-laptop/p/itmd952610f14a66,2026-09-28T11:02:17.425230+00:00,valid
ASUS,"ASUS Vivobook S14 OLED , Copilot + PC, AI PC, Metal Body, Backlit Keyboard,",,Vivobook,2025,,,,,,,,,,,,,,,,,16,LPDDR5X,,,,,,512,,,,,14.0,,,,,OLED,,,,,,,,,,,False,False,Windows 11 Home,True,,,,[],Backlit Keyboard,,,False,False,False,,96739.0,121999.0,25260.0,96739.0,109369.0,121999.0,6,flipkart,https://www.flipkart.com/asus-vivobook-s14-oled-2025-copilot-pc-ai-metal-body-backlit-keyboard-intel-core-ultra-5-226v-16-gb-512-gb-ssd-windows-11-home-s5406sa-qd098ws-thin-light-laptop/p/itmef4e485c66819,2026-09-28T11:02:17.434551+00:00,valid
ASUS,ASUS Vivobook S14 OLED,,Vivobook,,Intel,Core i5 12th Gen 12500H,Core i5,12,,,,,,,,,,,,,16,DDR4,,,,,,512,,,,,14.0,,,,,OLED,,,,,,,,,,,False,False,Windows 11,True,,,,[],,,,False,False,False,,91200.0,98900.0,7700.0,91200.0,95050.0,98900.0,8,flipkart,https://www.flipkart.com/asus-vivobook-s14-oled-intel-evo-h-series-core-i5-12th-gen-12500h-16-gb-512-gb-ssd-windows-11-home-s3402za-km502ws-thin-light-laptop/p/itm635eb6df61d1c,2026-09-28T11:02:17.438214+00:00,valid
ASUS,ASUS Vivobook 14 with Office 2024 + M365 Basic*,,Vivobook,2025,Intel,Core i5 13th Gen 1334U,Core i5,,,,,,,,,,,,,,8,DDR4,,,,,,512,,,,,14.0,,,,,,,,,,,,,,,,False,False,Windows 11 Home,True,,,,[],,,,False,False,False,,74873.0,89990.0,15117.0,74873.0,82431.5,89990.0,2,flipkart,https://www.flipkart.com/asus-vivobook-14-2025-office-2024-m365-basic-intel-core-i5-13th-gen-1334u-8-gb-512-gb-ssd-windows-11-home-x1404va-nk804ws-x1404va-nk763ws-thin-light-laptop/p/itm892c2a9a6a010,2026-09-28T11:02:19.757908+00:00,valid
ASUS,ASUS Vivobook Flip,TP3407SA-QL025WS,Vivobook,2024,Intel,Core Ultra 7 256V,Core Ultra 7,2,,,,,,,,,,,,,16,LPDDR5X,,,,,,512,,,,,14.0,,,,,,,,,,True,,,,,,False,False,Windows 11 Home,True,,,,[],,,,False,False,False,,110990.0,134990.0,24000.0,110990.0,122990.0,134990.0,8,flipkart,https://www.flipkart.com/asus-vivobook-flip-intel-core-ultra-7-256v-16-gb-512-gb-ssd-windows-11-home-tp3407sa-ql025ws-2-1-laptop/p/itm4d2f1f5061857,2026-09-28T11:02:19.767921+00:00,valid
ASUS,ASUS Vivobook 14,X1404VA-NK522WS,Vivobook,,Intel,Core i5 13th Gen 1335U,Core i5,,,,,,,,,,,,,,8,DDR4,,,,,,512,,,,,14.0,,,,,,,,,,,,,,,,False,False,Windows 11 Home,True,,,,[],,,,False,False,False,,,,,,,,0,flipkart,https://www.flipkart.com/asus-vivobook-14-intel-core-i5-13th-gen-1335u-8-gb-512-gb-ssd-windows-11-home-x1404va-nk522ws-thin-light-laptop/p/itm49c0450d9ee9d,2026-09-28T11:02:19.771134+00:00,insufficient_sources
ASUS,"ASUS Vivobook S14 OLED AI PC with Office 2024 + M365 Basic*, Copilot+ PC",AI,Vivobook,2026,,,,,,,,,,,,,,,,,16,DDR5,,,,,,1024,,,,,14.0,,,,,OLED,,,,,,,,,,,False,False,Windows 11 Home,True,,,,[],,,,False,False,False,,159990.0,175990.0,16000.0,147990.0,174561.43,210990.0,14,flipkart,https://www.flipkart.com/asus-vivobook-s14-oled-2026-ai-pc-office-2024-m365-basic-copilot-intel-core-ultra-7-series-3-355-16-gb-1-tb-ssd-windows-11-home-s3407aa-sf060ws-thin-light-laptop/p/itmbfced5784f051,2026-09-28T11:02:19.775114+00:00,valid
ASUS,"ASUS Vivobook S14 OLED AI PC with Office 2024 + M365 Basic*, Copilot+ PC",AI,Vivobook,2026,,,,,,,,,,,,,,,,,16,DDR5,,,,,,512,,,,,14.0,,,,,OLED,,,,,,,,,,,False,False,Windows 11 Home,True,,,,[],,,,False,False,False,,134990.0,180990.0,46000.0,134990.0,157990.0,180990.0,8,flipkart,https://www.flipkart.com/asus-vivobook-s14-oled-2026-ai-pc-office-2024-m365-basic-copilot-intel-core-ultra-5-series-3-325-16-gb-512-gb-ssd-windows-11-home-s3407aa-sf059ws-thin-light-laptop/p/itmaba9260e0a418,2026-09-28T11:02:19.785061+00:00,valid
ASUS,ASUS Vivobook Go 14 with Office 2024 + M365 Basic,,Vivobook,2026,AMD,Ryzen 3 Quad Core,Ryzen 3,,,,,,,,,,,,,,8,LPDDR5,,,,,,512,,,,,14.0,,,,,,,,,,,,,,,,False,False,Windows 11 Home,True,,,,[],,,,False,False,False,,55518.0,71999.0,16481.0,55518.0,64545.55,72990.0,22,flipkart,https://www.flipkart.com/asus-vivobook-go-14-2026-office-2024-m365-basic-amd-ryzen-3-quad-core-30-8-gb-512-gb-ssd-windows-11-home-e1404fa-eb1414ws-thin-light-laptop/p/itm21b75a04477a5,2026-09-28T11:02:19.793598+00:00,valid
ASUS,ASUS Vivobook 14,Intel,Vivobook,2024,Intel,Core 5 120U,,,,,,,,,,,,,,,8,DDR5,,,,,,512,,,,,14.0,,,,,,,,,,,,,,,,False,False,Windows 11 Home,True,,,,[],,,,False,False,False,,68990.0,95990.0,27000.0,68990.0,82490.0,95990.0,4,flipkart,https://www.flipkart.com/asus-vivobook-14-i5-14th-gen-intel-core-5-120u-8-gb-512-gb-ssd-windows-11-home-x1404vap-eb1521ws-thin-light-laptop/p/itm0dd5d78bea172,2026-09-28T11:02:19.827265+00:00,valid
ASUS,ASUS Vivobook 14 with Office 2024 + M365 Basic*,,Vivobook,2025,Intel,Core i3 13th Gen 1315U,Core i3,,,,,,,,,,,,,,8,DDR4,,,,,,512,,,,,14.0,,,,,,,,,,,,,,,,False,False,Windows 11 Home,True,,,,[],,,,False,False,False,,60413.0,65999.0,5586.0,60413.0,63206.0,65999.0,4,flipkart,https://www.flipkart.com/asus-vivobook-14-2025-office-2024-m365-basic-intel-core-i3-13th-gen-1315u-8-gb-512-gb-ssd-windows-11-home-x1404va-nk761ws-thin-light-laptop/p/itm186e70a005d8b,2026-09-28T11:02:19.840128+00:00,valid
ASUS,"ASUS Vivobook 14 with Office 2024 + M365 Basic*, Backlit Keyboard,",,Vivobook,2025,Intel,Core i3 13th Gen 1315U,Core i3,,,,,,,,,,,,,,8,DDR4,,,,,,512,,,,,14.0,,,,,,,,,,,,,,,,False,False,Windows 11 Home,True,,,,[],Backlit Keyboard,,,False,False,False,,59927.0,65999.0,6072.0,59927.0,62963.0,65999.0,4,flipkart,https://www.flipkart.com/asus-vivobook-14-2025-office-2024-m365-basic-backlit-keyboard-intel-core-i3-13th-gen-1315u-8-gb-512-gb-ssd-windows-11-home-x1404va-eb321ws-thin-light-laptop/p/itm86b2575a66c73,2026-09-28T11:02:19.855000+00:00,valid
ASUS,ASUS Vivobook Go 14,E1404FA-NK325WS,Vivobook,,AMD,Ryzen 3 Quad Core 7320U,Ryzen 3,7,,,,,,,,,,,,,8,LPDDR5,,,,,,512,,,,,14.0,,,,,,,,,,,,,,,,False,False,Windows 11 Home,True,,,,[],,,,False,False,False,,54400.0,57990.0,3590.0,54400.0,56195.0,57990.0,6,flipkart,https://www.flipkart.com/asus-vivobook-go-14-amd-ryzen-3-quad-core-7320u-8-gb-512-gb-ssd-windows-11-home-e1404fa-nk325ws-thin-light-laptop/p/itmd6733f7332771,2026-09-28T11:02:21.489081+00:00,valid
ASUS,ASUS Vivobook Go 14 with Office 2024 + M365 Basic,,Vivobook,2026,AMD,Ryzen 5 Processor,Ryzen 5,,,,,,,,,,,,,,16,LPDDR5,,,,,,512,,,,,14.0,,,,,,,,,,,,,,,,False,False,Windows 11 Home,True,,,,[],,,,False,False,False,,71990.0,99990.0,28000.0,71990.0,85990.0,99990.0,8,flipkart,https://www.flipkart.com/asus-vivobook-go-14-2026-office-2024-m365-basic-amd-ryzen-5-40-16-gb-512-gb-ssd-windows-11-home-e1404fa-eb1416ws-thin-light-laptop/p/itm539def8486738,2026-09-28T11:02:21.492948+00:00,valid
ASUS,"ASUS Vivobook S14 with Office 2024 + M365 Basic*, Backlit Keyboard,",,Vivobook,2025,Intel,Core i5 13th Gen 1342,Core i5,,,,,,,,,,,,,,16,DDR5,,,,,,512,,,,,14.0,,,,,,,,,,,,,,,,False,False,Windows 11 Home,True,,,,[],Backlit Keyboard,,,False,False,False,,93187.0,112999.0,19812.0,81576.0,102190.25,120999.0,4,flipkart,https://www.flipkart.com/asus-vivobook-s14-2025-office-2024-m365-basic-backlit-keyboard-intel-core-i5-13th-gen-13420h-16-gb-512-gb-ssd-windows-11-home-s3407va-ly037ws-thin-light-laptop/p/itm820c07740b4c9,2026-09-28T11:02:21.503973+00:00,valid
ASUS,ASUS Vivobook 14 with Office 2024 + M365 Basic*,,Vivobook,2025,Intel,Core i5 13th Gen 1334U,Core i5,,,,,,,,,,,,,,16,DDR4,,,,,,512,,,,,14.0,,,,,,,,,,,,,,,,False,False,Windows 11 Home,True,,,,[],,,,False,False,False,,72990.0,85990.0,13000.0,72990.0,79490.0,85990.0,2,flipkart,https://www.flipkart.com/asus-vivobook-14-2025-office-2024-m365-basic-intel-core-i5-13th-gen-1334u-16-gb-512-gb-ssd-windows-11-home-x1404va-nk790ws-thin-light-laptop/p/itmfbc23ab113c15,2026-09-28T11:02:21.508678+00:00,valid
ASUS,ASUS Vivobook S 14,,Vivobook,,Intel,Core i5 12th Gen 12500H,Core i5,12,,,,,,,,,,,,,8,DDR4,,,,,,512,,,,,14.0,,,,,,,,,,,,,,,,False,False,Windows 11 Home,True,,,,[],,,,False,False,False,,68890.0,80990.0,12100.0,68890.0,74940.0,80990.0,2,flipkart,https://www.flipkart.com/asus-vivobook-s-14-intel-evo-h-series-core-i5-12th-gen-12500h-8-gb-512-gb-ssd-windows-11-home-s3402za-ly522ws-thin-light-laptop/p/itmfee55947a37e1,2026-09-28T11:02:21.514958+00:00,valid
ASUS,"ASUS Vivobook 14 with Office 2024 + M365 Basic*,",,Vivobook,2025,Intel,Core i5 13th Gen 1335U,Core i5,,,,,,,,,,,,,,16,DDR4,,,,,,512,,,,,14.0,,,,,,,,,,,,,,,,False,False,Windows 11 Home,True,,,,[],,,,False,False,False,,69990.0,75990.0,6000.0,69990.0,72990.0,75990.0,4,flipkart,https://www.flipkart.com/asus-vivobook-14-2025-office-2024-m365-basic-intel-core-i5-13th-gen-1335u-16-gb-512-gb-ssd-windows-11-home-x1404va-nk1186ws-thin-light-laptop/p/itmf351a162d18a2,2026-09-28T11:02:21.519397+00:00,valid
ASUS,ASUS,E1404FA-EB1236WS,,,AMD,Ryzen 3 Quad Core,Ryzen 3,,,,,,,,,,,,,,8,DDR5,,,,,,512,,,,,14.0,,,,,,,,,,,,,,,,False,False,Windows 11 Home,True,,,,[],,,,False,False,False,,64661.0,65990.0,1329.0,64661.0,65325.5,65990.0,2,flipkart,https://www.flipkart.com/asus-amd-ryzen-3-30-ryzen-quad-core-8-gb-512-gb-ssd-windows-11-home-e1404fa-eb1236ws-laptop/p/itm28ec044ef1ca9,2026-09-28T11:02:21.522093+00:00,valid
ASUS,ASUS Vivobook Go 14,E1404FA-NK523WS,Vivobook,,AMD,Ryzen 5 Quad Core 7520U,Ryzen 5,7,,,,,,,,,,,,,8,LPDDR5,,,,,,512,,,,,14.0,,,,,,,,,,,,,,,,False,False,Windows 11 Home,True,,,,[],,,,False,False,False,,,,,,,,0,flipkart,https://www.flipkart.com/asus-vivobook-go-14-amd-ryzen-5-quad-core-7520u-8-gb-512-gb-ssd-windows-11-home-e1404fa-nk523ws-thin-light-laptop/p/itm0bf0b9a030962,2026-09-28T11:02:21.524849+00:00,insufficient_sources
ASUS,"ASUS Vivobook 14X OLED For Creator,",,Vivobook,,Intel,Core i5 13th Gen 13500H,Core i5,13,,,,,,,,,,,,,16,DDR4,,,,,,512,,,,,14.0,,,,,OLED,,,,,,,,,,,False,False,Windows 11,True,,,,[],,,,False,False,False,,,,,,,,0,flipkart,https://www.flipkart.com/asus-vivobook-14x-oled-creator-intel-h-series-core-i5-13th-gen-13500h-16-gb-512-gb-ssd-windows-11-home-4-graphics-nvidia-geforce-rtx-2050-90-hz-50-tgp-k3405vfb-km542ws-gaming-laptop/p/itma72b0983f42ec,2026-09-28T11:02:21.531413+00:00,insufficient_sources
ASUS,"ASUS Vivobook S14 Flip with Office 2024 + M365 Basic*, A",,Vivobook,2025,Intel,Core i5,Core i5,,,,,,,,,,,,,,16,DDR4,,,,,,512,,,,,14.0,,,,,,,,,,True,,,,,,False,False,Windows 11 Home,True,,,,[],,,,False,False,False,,98700.0,104990.0,6290.0,98700.0,101845.0,104990.0,2,flipkart,https://www.flipkart.com/asus-vivobook-s14-flip-2025-office-2024-m365-basic-a-part-metal-body-intel-core-i5-13th-gen-13420h-16-gb-512-gb-ssd-windows-11-home-tp3402vao-lz619ws-2-1-laptop/p/itm1f8488dce4bb0,2026-09-28T11:02:21.536477+00:00,valid
ASUS,"ASUS Vivobook S14 Flip with Office 2024 + M365 Basic*, Metallic Design,",,Vivobook,2025,Intel,Core i5 13th Gen,Core i5,,,,,,,,,,,,,,16,DDR4,,,,,,512,,,,,14.0,,,,,,,,,,True,,,,,,False,False,Windows 11 Home,True,,,,[],,,,False,False,False,,95900.0,120990.0,25090.0,95900.0,108445.0,120990.0,2,flipkart,https://www.flipkart.com/asus-vivobook-s14-flip-2025-office-2024-m365-basic-metallic-design-intel-core-i5-13th-gen-16-gb-512-gb-ssd-windows-11-home-tp3402vao-lz619ws-2-1-laptop/p/itm1f8488dce4bb0,2026-09-28T11:02:21.542715+00:00,valid
ASUS,"ASUS Vivobook Go 14, Equivalent to",,Vivobook,,Intel,Core i3,Core i3,,,,,,,,,,,,,,8,DDR4,,,,,,512,,,,,14.0,,,,,,,,,,,,,,,,False,False,Windows 11,True,,,,[],,,,False,False,False,,56961.0,64999.0,8038.0,56961.0,60980.0,64999.0,16,flipkart,https://www.flipkart.com/asus-vivobook-go-14-equivalent-intel-12th-gen-core-i3-n305-8-gb-512-gb-ssd-windows-11-home-e1404ga-nk322ws-thin-light-laptop/p/itmcfc58cdcc4e42,2026-09-28T11:02:21.570876+00:00,valid
ASUS,ASUS Vivobook Go 14,E1404FA-NK521WS,Vivobook,,AMD,Ryzen 5 Quad Core 7520U,Ryzen 5,7,,,,,,,,,,,,,8,LPDDR5,,,,,,512,,,,,14.0,,,,,,,,,,,,,,,,False,False,Windows 11 Home,True,,,,[],,,,False,False,False,,,,,,,,0,flipkart,https://www.flipkart.com/asus-vivobook-go-14-amd-ryzen-5-quad-core-7520u-8-gb-512-gb-ssd-windows-11-home-e1404fa-nk521ws-e1404fa-eb2521ws-thin-light-laptop/p/itm37ab22cfcf18d,2026-09-28T11:02:21.577343+00:00,insufficient_sources
ASUS,ASUS Vivobook Go 14 with Office 2024 + M365 Basic*,,Vivobook,2025,AMD,Ryzen 5 Quad Core 7520U,Ryzen 5,7,,,,,,,,,,,,,8,LPDDR5,,,,,,512,,,,,14.0,,,,,,,,,,,,,,,,False,False,Windows 11 Home,True,,,,[],,,,False,False,False,,65549.0,69999.0,4450.0,65549.0,67865.83,69999.0,6,flipkart,https://www.flipkart.com/asus-vivobook-go-14-2025-office-2024-m365-basic-amd-ryzen-5-quad-core-7520u-8-gb-512-gb-ssd-windows-11-home-e1404fa-nk5521ws-thin-light-laptop/p/itmcc509a4f00a9b,2026-09-28T11:02:21.589166+00:00,valid
ASUS,"ASUS Vivobook 16 , Copilot + PC with Backlit Keyboard, AI PC,",,Vivobook,2025,Qualcomm,Snapdragon X -,Snapdragon X,,,,,,,,,,,,,,16,LPDDR5X,,,,,,512,,,,,16.0,,,,,,,,,,,,,,,,False,False,Windows 11 Home,True,,,,[],Backlit Keyboard,,,False,False,False,,68990.0,86305.0,17315.0,65900.0,76705.29,86305.0,14,flipkart,https://www.flipkart.com/asus-vivobook-16-2025-copilot-pc-backlit-keyboard-ai-pc-snapdragon-x-16-gb-512-gb-ssd-windows-11-home-x1607qa-mb049ws-thin-light-laptop/p/itmaff92a0acb4ff,2026-09-28T11:02:24.680825+00:00,valid
ASUS,ASUS Vivobook 16 with Office 2024 + M365 Basic*,,Vivobook,2025,Intel,Core i5 13th Gen 13420H,Core i5,13,,,,,,,,,,,,,16,DDR4,,,,,,512,,,,,16.0,,,,,,,,,,,,,,,,False,False,Windows 11 Home,True,,,,[],,,,False,False,False,,84542.0,85900.0,1358.0,76900.0,84295.67,87990.0,6,flipkart,https://www.flipkart.com/asus-vivobook-16-2025-office-2024-m365-basic-intel-core-i5-13th-gen-13420h-16-gb-512-gb-ssd-windows-11-home-x1605va-mb1627ws-thin-light-laptop/p/itmd74674c1c830b,2026-09-28T11:02:24.701046+00:00,valid
ASUS,ASUS Vivobook 16 with Office 2024 + M365 Basic*,,Vivobook,2025,Intel,Core i7 13th Gen 13620H,Core i7,13,,,,,,,,,,,,,16,DDR4,,,,,,512,,,,,16.0,,,,,,,,,,,,,,,,False,False,Windows 11 Home,True,,,,[],,,,False,False,False,,81499.0,87890.0,6391.0,81499.0,84694.5,87890.0,6,flipkart,https://www.flipkart.com/asus-vivobook-16-2025-office-2024-m365-basic-intel-core-i7-13th-gen-13620h-16-gb-512-gb-ssd-windows-11-home-x1605va-mb1628ws-thin-light-laptop/p/itm8069bd1c2fb5f,2026-09-28T11:02:24.704630+00:00,valid
ASUS,ASUS Vivobook 16 with Office 2024 + M365 Basic*,,Vivobook,2025,Intel,Core i9 13th Gen 13900H,Core i9,13,,,,,,,,,,,,,16,DDR4,,,,,,512,,,,,16.0,,,,,,,,,,,,,,,,False,False,Windows 11 Home,True,,,,[],,,,False,False,False,,90268.0,104999.0,14731.0,90268.0,97633.5,104999.0,6,flipkart,https://www.flipkart.com/asus-vivobook-16-2025-office-2024-m365-basic-intel-core-i9-13th-gen-13900h-16-gb-512-gb-ssd-windows-11-home-x1605va-mb9946ws-thin-light-laptop/p/itmbed82a46a68d3,2026-09-28T11:02:24.714602+00:00,valid
ASUS,"ASUS Vivobook 16 AI PC with Office 2024 + M365 Basic*, Copilot+ PC",AI,Vivobook,2026,AMD,Ryzen AI 7 Hexa Core 445,Ryzen AI,,,,,,,,,,,,,,16,DDR5,,,,,,512,,,,,16.0,,,,,,,,,,,,,,,,False,False,Windows 11 Home,True,,,,[],,,,False,False,False,,86990.0,121990.0,35000.0,86990.0,105740.0,126990.0,4,flipkart,https://www.flipkart.com/asus-vivobook-16-2026-ai-pc-office-2024-m365-basic-copilot-amd-ryzen-7-hexa-core-445-16-gb-512-gb-ssd-windows-11-home-m1607ga-mb029ws-thin-light-laptop/p/itm2d63dd66b4319,2026-09-28T11:02:24.725185+00:00,valid
ASUS,ASUS Vivobook 16,X1607AA-MB037WS,Vivobook,2024,,,,,,,,,,,,,,,,,16,DDR5,,,,,,512,,,,,16.0,,,,,,,,,,,,,,,,False,False,Windows 11 Home,True,,,,[],,,,False,False,False,,94990.0,159990.0,65000.0,94990.0,127490.0,159990.0,2,flipkart,https://www.flipkart.com/asus-vivobook-16-intel-core-ultra-5-series-3-325-16-gb-512-gb-ssd-windows-11-home-x1607aa-mb037ws-thin-light-laptop/p/itm4f2ac62429bfc,2026-09-28T11:02:24.729564+00:00,valid
ASUS,ASUS Vivobook,X1605VA-MB747WS,Vivobook,2021,Intel,Core i7 13th Gen 13700H,Core i7,13,,,,,,,,,,,,,16,DDR4,,,,,,512,,,,,16.0,,,,,,,,,,,,,,,,False,False,Windows 11 Home,True,,,,[],,,,False,False,False,,108749.0,131999.0,23250.0,108749.0,120374.0,131999.0,4,flipkart,https://www.flipkart.com/asus-vivobook-intel-core-i7-13th-gen-13700h-16-gb-512-gb-ssd-windows-11-home-x1605va-mb747ws-thin-light-laptop/p/itmf1d631f2db825,2026-09-28T11:02:24.741762+00:00,valid
ASUS,ASUS Vivobook 16,X1605ZAC-MB541WS,Vivobook,,Intel,Core i5 12th Gen 12500H,Core i5,12,,,,,,,,,,,,,16,DDR4,,,,,,512,,,,,16.0,,,,,,,,,,,,,,,,False,False,Windows 11 Home,True,,,,[],,,,False,False,False,,75890.0,79900.0,4010.0,75890.0,77895.0,79900.0,4,flipkart,https://www.flipkart.com/asus-vivobook-16-intel-core-i5-12th-gen-12500h-16-gb-512-gb-ssd-windows-11-home-x1605zac-mb541ws-thin-light-laptop/p/itmcf0073f36ff1b,2026-09-28T11:02:24.745772+00:00,valid
ASUS,ASUS ASUS Vivobook 16,S3607VA-RP113WS,Vivobook,2024,Intel,Core 5 14th Gen 210H,,,,,,,,,,,,,,,16,DDR5,,,,,,512,,,,,16.0,,,,,,,,,,,,,,,,False,False,Windows 11 Home,True,,,,[],,,,False,False,False,1,88590.0,99890.0,11300.0,88590.0,94240.0,99890.0,2,flipkart,https://www.flipkart.com/asus-vivobook-16-intel-core-5-14th-gen-210h-16-gb-512-gb-ssd-windows-11-home-s3607va-rp113ws-laptop/p/itm399e8d427cfe0,2026-09-28T11:02:24.749283+00:00,valid
ASUS,ASUS Vivobook S 15 OLED,,Vivobook,,Intel,Core i5 13th Gen 13500H,Core i5,13,,,,,,,,,,,,,16,LPDDR5,,,,,,512,,,,,15.6,,,,,OLED,,,,,,,,,,,False,False,Windows 11,True,,,,[],,,,False,False,False,,106300.0,121990.0,15690.0,106300.0,114145.0,121990.0,8,flipkart,https://www.flipkart.com/asus-vivobook-s-15-oled-intel-evo-h-series-core-i5-13th-gen-13500h-16-gb-512-gb-ssd-windows-11-home-s5504va-ma541ws-thin-light-laptop/p/itm8486d594ff56b,2026-09-28T11:02:24.754035+00:00,valid
ASUS,ASUS Vivobook,X1605VA-MB947WS,Vivobook,2021,Intel,Core i9 13th Gen 13900H,Core i9,13,,,,,,,,,,,,,8,DDR4,,,,,,512,,,,,16.0,,,,,,,,,,,,,,,,False,False,Windows 11 Home,True,,,,[],,,,False,False,False,,139533.0,145999.0,6466.0,139533.0,142766.0,145999.0,4,flipkart,https://www.flipkart.com/asus-vivobook-intel-core-i9-13th-gen-13900h-8-gb-512-gb-ssd-windows-11-home-x1605va-mb947ws-notebook/p/itmf1d631f2db825,2026-09-28T11:02:24.757714+00:00,valid
ASUS,ASUS Vivobook 16,X1607AA-MB038WS,Vivobook,2024,,,,,,,,,,,,,,,,,16,DDR5,,,,,,512,,,,,16.0,,,,,,,,,,,,,,,,False,False,Windows 11 Home,True,,,,[],,,,False,False,False,,94990.0,159990.0,65000.0,94990.0,127490.0,159990.0,2,flipkart,https://www.flipkart.com/asus-vivobook-16-intel-core-ultra-5-series-3-325-16-gb-512-gb-ssd-windows-11-home-x1607aa-mb038ws-thin-light-laptop/p/itm3767ca923a834,2026-09-28T11:02:24.761013+00:00,valid
ASUS,"ASUS Vivobook 16 , Copilot + PC with Backlit Keyboard, AI PC",,Vivobook,2025,Qualcomm,Snapdragon X -,Snapdragon X,,,,,,,,,,,,,,16,LPDDR5X,,,,,,512,,,,,16.0,,,,,,,,,,,,,,,,False,False,Windows 11 Home,True,,,,[],Backlit Keyboard,,,False,False,False,1,76599.0,89599.0,13000.0,67800.0,79749.0,89599.0,4,flipkart,https://www.flipkart.com/asus-vivobook-16-2025-copilot-pc-backlit-keyboard-ai-snapdragon-x-16-gb-512-gb-ssd-windows-11-home-x1607qa-mb050ws-thin-light-laptop/p/itm027fd729972e0,2026-09-28T11:02:26.769538+00:00,valid
ASUS,ASUS Vivobook 15 with Office 2024 + M365 Basic*,,Vivobook,2025,Intel,Core i5 14th Gen 120U,Core i5,,,,,,,,,,,,,,16,DDR4,,,,,,512,,,,,15.6,,,,,,,,,,,,,,,,False,False,Windows 11 Home,True,,,,[],,,,False,False,False,,73499.0,77000.0,3501.0,73499.0,75249.5,77000.0,6,flipkart,https://www.flipkart.com/asus-vivobook-15-2025-office-2024-m365-basic-intel-core-i5-14th-gen-120u-16-gb-512-gb-ssd-windows-11-home-x1504vap-bq224ws-thin-light-laptop/p/itmd26e0b73f7d9b,2026-09-28T11:02:26.791818+00:00,valid
ASUS,ASUS Vivobook S16,Intel,Vivobook,2026,Intel,Core 7 350,,,,,,,,,,,,,,,16,LPDDR5X,,,,,,512,,,,,16.0,,,,,,,,,,,,,,,,False,False,Windows 11 Home,True,,,,[],,,,False,False,False,,121990.0,185990.0,64000.0,121990.0,153990.0,185990.0,4,flipkart,https://www.flipkart.com/asus-vivobook-s16-2026-intel-core-7-350-16-gb-512-gb-ssd-windows-11-home-s5652ma-tk191ws-thin-light-laptop/p/itmd39178e5aafbd,2026-09-28T11:02:26.797518+00:00,valid
ASUS,"ASUS Vivobook S 15 OLED Powered,",,Vivobook,2021,Intel,Core Ultra 7 155H,Core Ultra 7,1,,,,,,,,,,,,,16,LPDDR5X,,,,,,1024,,,,,15.6,,,,,OLED,,,,,,,,,,,False,False,Windows 11,True,,,,[],,,,False,False,False,,119010.0,135999.0,16989.0,119010.0,127504.5,135999.0,8,flipkart,https://www.flipkart.com/asus-vivobook-s-15-oled-powered-intel-evo-h-series-ai-pc-core-ultra-7-155h-16-gb-1-tb-ssd-windows-11-home-s5506ma-ma752ws-thin-light-laptop/p/itmd459f255adcc2,2026-09-28T11:02:26.803369+00:00,valid
ASUS,"ASUS Vivobook 16X For Creator,",,Vivobook,,Intel,Core i5 13th Gen 13420H,Core i5,13,,,,,,,,,,,,,16,DDR4,,,,,,512,,,,,16.0,,,,,,,,,,,,,,,,False,False,Windows 11,True,,,,[],,,,False,False,False,,98658.0,99990.0,1332.0,98658.0,99324.0,99990.0,4,flipkart,https://www.flipkart.com/asus-vivobook-16x-creator-intel-h-series-core-i5-13th-gen-13420h-16-gb-512-gb-ssd-windows-11-home-4-graphics-nvidia-geforce-rtx-3050-144-hz-50-tgp-k3605vc-rp413ws-k3605zc-mbn542ws-gaming-laptop/p/itme304c469918e6,2026-09-28T11:02:26.806449+00:00,valid
ASUS,ASUS Vivobook 16 with MSO 2024 + M365 Basic*,,Vivobook,2025,AMD,Ryzen 5 Hexa Core,Ryzen 5,,,,,,,,,,,,,,16,DDR5,,,,,,512,,,,,16.0,,,,,,,,,,,,,,,,False,False,Windows 11 Home,True,,,,[],,,,False,False,False,,81990.0,116990.0,35000.0,81990.0,99490.0,116990.0,4,flipkart,https://www.flipkart.com/asus-vivobook-16-2025-mso-2024-m365-basic-amd-ryzen-5-hexa-core-16-gb-512-gb-ssd-windows-11-home-m1605naq-mb095ws-thin-light-laptop/p/itm613ecc3e9e3af,2026-09-28T11:02:26.818028+00:00,valid
ASUS,"ASUS Vivobook 16 with Office 2024 + M365 Basic*, Metallic Design, H",,Vivobook,2025,Intel,Core i7,Core i7,,,,,,,,,,,,,,16,DDR4,,,,,,512,,,,,16.0,,,,,,,,,,,,,,,,False,False,Windows 11 Home,True,,,,[],,,,False,False,False,,98499.0,105999.0,7500.0,98499.0,102249.0,105999.0,2,flipkart,https://www.flipkart.com/asus-vivobook-16-2025-office-2024-m365-basic-metallic-design-h-series-intel-core-i7-13th-gen-13620h-16-gb-512-gb-ssd-windows-11-home-x1605va-sh2010ws-thin-light-laptop/p/itm6fe80f41317ad,2026-09-28T11:02:26.824703+00:00,valid
ASUS,"ASUS Vivobook 16X for Creator with Office 2024 + M365 Basic,",for,Vivobook,2026,Intel,Core i5 13th Gen 13420H,Core i5,13,,,,,,,,,,,,,16,DDR4,,,,,,512,,,,,16.0,,,,,,,,,,,,,,,,False,False,Windows 11 Home,True,,,,[],,,,False,False,False,1,92499.0,99499.0,7000.0,92499.0,99247.25,109000.0,4,flipkart,https://www.flipkart.com/asus-vivobook-16x-2026-creator-office-2024-m365-basic-intel-core-i5-13th-gen-13420h-16-gb-512-gb-ssd-windows-11-home-4-graphics-nvidia-geforce-rtx-3050-144-hz-k3605vc-rp413ws-gaming-laptop/p/itmec40249e8fe47,2026-09-28T11:02:26.853125+00:00,valid
ASUS,ASUS Vivobook 16 {2026},S3607VA-RP0,Vivobook,2026,Intel,Core i7 13th Gen 13620H,Core i7,13,,,,,,,,,,,,,16,DDR5,,,,,,512,,,,,16.0,,,,,,,,,,,,,,,,False,False,Windows 11 Home,True,,,,[],,,,False,False,False,,94990.0,113985.0,18995.0,94990.0,104487.5,113985.0,4,flipkart,https://www.flipkart.com/asus-vivobook-16-2026-intel-core-i7-13th-gen-13620h-16-gb-512-gb-ssd-windows-11-home-s3607va-rp083ws-laptop/p/itm0235ba9ce9919,2026-09-28T11:02:26.841384+00:00,valid
ASUS,ASUS Vivobook S 15 OLED,S5504VA-MA951,Vivobook,,Intel,Core i9 13th Gen 13900H,Core i9,13,,,,,,,,,,,,,16,LPDDR5,,,,,,1024,,,,,15.6,,,,,OLED,,,,,,,,,,,False,False,Windows 11 Home,True,,,,[],,,,False,False,False,,135499.0,144990.0,9491.0,135499.0,140244.5,144990.0,6,flipkart,https://www.flipkart.com/asus-vivobook-s-15-oled-intel-core-i9-13th-gen-13900h-16-gb-1-tb-ssd-windows-11-home-s5504va-ma951ws-thin-light-laptop/p/itm8486d594ff56b,2026-09-28T11:02:26.844378+00:00,valid
ASUS,ASUS ASUS Vivobook 16,X1605VA-SH195,Vivobook,,Intel,Core i5 13th Gen 13420H,Core i5,13,,,,,,,,,,,,,16,DDR4,,,,,,512,,,,,16.0,,,,,,,,,,,,,,,,False,False,Windows 11 Home,True,,,,[],,,,False,False,False,,84690.0,99599.0,14909.0,84690.0,92144.5,99599.0,4,flipkart,https://www.flipkart.com/asus-vivobook-16-intel-core-i5-13th-gen-13420h-16-gb-512-gb-ssd-windows-11-home-x1605va-sh1952ws-thin-light-laptop/p/itm055325f2540a6,2026-09-28T11:02:28.543887+00:00,valid
ASUS,"ASUS ASUS Vivobook 16 with Office 2024 + M365 Basic, NPU up to 50TOPS",,Vivobook,2026,AMD,Ryzen 5 Processor,Ryzen 5,,,,,,,,,,,,,50,16,DDR5,,,,,,512,,,,,16.0,,,,,,,,,,,,,,,,False,False,Windows 11 Home,True,,,,[],,,,False,False,False,,78990.0,84990.0,6000.0,78990.0,81990.0,84990.0,2,flipkart,https://www.flipkart.com/asus-vivobook-16-2026-office-2024-m365-basic-npu-up-50tops-amd-ryzen-5-330-16-gb-512-gb-ssd-windows-11-home-m1607ka-mb213ws-thin-light-laptop/p/itmf5783e966ebe1,2026-09-28T11:02:28.547304+00:00,valid
ASUS,"ASUS Zenbook A14 OLED , MSO 2024 + M365 Basic, Metal Body, Backlit Keyboard,",,Zenbook,2025,Qualcomm,Snapdragon X -,Snapdragon X,,,,,,,,,,,,,,16,LPDDR5X,,,,,,512,,,,,14.0,,,,,OLED,,,,,,,,,,,False,False,Windows 11 Home,True,,,,[],Backlit Keyboard,,,False,False,False,,79851.0,122990.0,43139.0,79851.0,99859.5,122990.0,14,flipkart,https://www.flipkart.com/asus-zenbook-a14-oled-2025-mso-2024-m365-basic-metal-body-backlit-keyboard-snapdragon-x-16-gb-512-gb-ssd-windows-11-home-ux3407qa-qd259ws-thin-light-laptop/p/itm7d82cad4d12b8,2026-09-28T11:02:31.034457+00:00,valid
ASUS,ASUS Zenbook 14 OLED AI PC,UX3405MA-PZ752WS,Zenbook,,Intel,Core Ultra 7 155H,Core Ultra 7,1,,,,,,,,,,,,,16,LPDDR5X,,,,,,1024,,,,,14.0,,,,,OLED,,,,,True,,,,,,False,False,Windows 11 Home,True,,,,[],,,,False,False,False,,149999.0,158900.0,8901.0,149999.0,154449.5,158900.0,2,flipkart,https://www.flipkart.com/asus-zenbook-14-oled-ai-pc-intel-core-ultra-7-155h-16-gb-1-tb-ssd-windows-11-home-ux3405ma-pz752ws-thin-light-laptop/p/itm859da18328490,2026-09-28T11:02:31.050697+00:00,valid
ASUS,"ASUS Zenbook A14 OLED , MSO 2024 + M365 Basic, Metal Body, Backlit Keyboard,",,Zenbook,2025,Qualcomm,Snapdragon X Processor 16 GB LPDDR5X RAM Windows 11 Home Operating System 512 GB SSD 35,Snapdragon X,,,,,,,,,,,,,,16,LPDDR5X,,,,,,512,,,,,14.0,,,,,OLED,,,,,,,,,,,False,False,Windows 11 Home,True,,,,[],Backlit Keyboard,,,False,False,False,,92325.0,129990.0,37665.0,92325.0,111157.5,129990.0,4,flipkart,https://www.flipkart.com/asus-zenbook-a14-oled-2025-mso-2024-m365-basic-metal-body-backlit-keyboard-snapdragon-x-16-gb-512-gb-ssd-windows-11-home-ux3407ra-qd061ws-thin-light-laptop/p/itm58ffb8c2fccab,2026-09-28T11:02:31.055026+00:00,valid
ASUS,"ASUS Zenbook 14 with Touch Screen, MSO 2024 + M365 Basic*,AI Boost 13 NPU TOPS",,Zenbook,2025,,,,,,,,,,,,,,,,13,16,LPDDR5X,,,,,,1024,,,,,14.0,,,,,,,,,,True,,,,,,False,False,Windows 11 Home,True,,,,[],,,,False,False,False,,132599.0,180000.0,47401.0,132599.0,156299.5,180000.0,2,flipkart,https://www.flipkart.com/asus-zenbook-14-2025-touch-screen-mso-2024-m365-basic-ai-boost-13-npu-tops-intel-core-ultra-5-225h-16-gb-1-tb-ssd-windows-11-home-ux3405ca-ql1111ws-thin-light-laptop/p/itmc2101b678eab9,2026-09-28T11:02:31.058142+00:00,valid
ASUS,ASUS Zenbook S 14 OLED,UX5406SA-PV356WS,Zenbook,,,,,,,,,,,,,,,,,,16,LPDDR5X,,,,,,512,,,,,14.0,,,,,OLED,,,,,,,,,,,False,False,Windows 11 Home,True,,,,[],,,,False,False,False,,157990.0,174990.0,17000.0,157990.0,166490.0,174990.0,4,flipkart,https://www.flipkart.com/asus-zenbook-s-14-oled-intel-core-ultra-7-16-gb-512-gb-ssd-windows-11-home-ux5406sa-pv356ws-thin-light-laptop/p/itm798deec7853e3,2026-09-28T11:02:31.061652+00:00,valid
ASUS,"ASUS Zenbook A14 OLED , MSO 2024 + M365 Basic, Metal Body, Backlit Keyboard,",,Zenbook,2025,,,,,,,,,,,,,,,,,16,LPDDR5,,,,,,512,,,,,14.0,,,,,OLED,,,,,,,,,,,False,False,Windows 11 Home,True,,,,[],Backlit Keyboard,,,False,False,False,,81999.0,95990.0,13991.0,81999.0,88994.5,95990.0,2,flipkart,https://www.flipkart.com/asus-zenbook-a14-oled-2025-mso-2024-m365-basic-metal-body-backlit-keyboard-intel-x-16-gb-512-gb-ssd-windows-11-home-ux3407qa-qd259ws-thin-light-laptop/p/itm4fe8d9b31718e,2026-09-28T11:02:31.076564+00:00,valid
ASUS,ASUS Zenbook 14 OLED AI PC,UX3405MA-PZ962WS,Zenbook,,Intel,Core Ultra 9 185H,Core Ultra 9,1,,,,,,,,,,,,,32,LPDDR5X,,,,,,1024,,,,,14.0,,,,,OLED,,,,,True,,,,,,False,False,Windows 11 Home,True,,,,[],,,,False,False,False,,161802.0,189999.0,28197.0,161802.0,175900.5,189999.0,2,flipkart,https://www.flipkart.com/asus-zenbook-14-oled-ai-pc-intel-core-ultra-9-185h-32-gb-1-tb-ssd-windows-11-home-ux3405ma-pz962ws-thin-light-laptop/p/itm859da18328490,2026-09-28T11:02:31.079395+00:00,valid
ASUS,"ASUS Zenbook A14 OLED , MSO 2024 + M365 Basic, Metal Body, Backlit Keyboard,",,Zenbook,2025,Qualcomm,Snapdragon X Elite Processor 16 GB LPDDR5X RAM Windows 11 Home Operating System 512 GB SSD 35,Snapdragon X,,,,,,,,,,,,,,16,LPDDR5X,,,,,,512,,,,,14.0,,,,,OLED,,,,,,,,,,,False,False,Windows 11 Home,True,,,,[],Backlit Keyboard,,,False,False,False,,88499.0,96990.0,8491.0,88499.0,92744.5,96990.0,2,flipkart,https://www.flipkart.com/asus-zenbook-a14-oled-2025-mso-2024-m365-basic-metal-body-backlit-keyboard-snapdragon-x-elite-16-gb-512-gb-ssd-windows-11-home-ux3407ra-qd054ws-thin-light-laptop/p/itmf32d7dd995025,2026-09-28T11:02:31.085689+00:00,valid
ASUS,ASUS Zenbook 14 Flip OLED,,Zenbook,,Intel,Core i7 12th Gen 12700H,Core i7,12,,,,,,,,,,,,,16,LPDDR5,,,,,,512,,,,,14.0,,,,,OLED,,,,,True,,,,,,False,False,Windows 11,True,,,,[],,,,False,False,False,,132556.0,145999.0,13443.0,132556.0,139277.5,145999.0,2,flipkart,https://www.flipkart.com/asus-zenbook-14-flip-oled-intel-h-series-core-i7-12th-gen-12700h-16-gb-512-gb-ssd-windows-11-home-up5401za-ku741ws-2-1-laptop/p/itmcd9a30bec25cc,2026-09-28T11:02:31.106618+00:00,valid
ASUS,ASUS Zenbook Duo OLED AI PC,UX8406MA-QL971W,Zenbook,,Intel,Core Ultra 9 185H,Core Ultra 9,1,,,,,,,,,,,,,32,LPDDR5X,,,,,,2048,,,,,14.0,,,,,OLED,,,,,True,,,,,,False,False,Windows 11 Home,True,,,,[],,,,False,False,False,,264900.0,299900.0,35000.0,264900.0,282400.0,299900.0,6,flipkart,https://www.flipkart.com/asus-zenbook-duo-oled-ai-pc-intel-core-ultra-9-185h-32-gb-2-tb-ssd-windows-11-home-ux8406ma-ql971ws-dual-screen-laptop/p/itm604adf73d3817,2026-09-28T11:02:32.687290+00:00,valid
ASUS,ASUS ExpertBook P3 with 1 Yr ADP Metal,,ExpertBook,2024,Intel,Core i5 13th Gen 13420H,Core i5,13,,,,,,,,,,,,,16,DDR5,,,,,,512,,,,,14.0,,,,,,,,,,,,,,,,False,False,Windows 11 Home,True,,,,[],,,,False,False,False,,77102.0,121999.0,44897.0,77102.0,99550.5,121999.0,4,flipkart,https://www.flipkart.com/asus-expertbook-p3-1-yr-adp-metal-intel-core-i5-13th-gen-13420h-16-gb-512-gb-ssd-windows-11-home-p3405cva-ly0015ws-thin-light-laptop/p/itm09459c3a8fab7,2026-09-28T11:02:32.718081+00:00,valid
ASUS,ASUS ExpertBook P1 with 1 Yr ADP,Intel,ExpertBook,,Intel,Core 3 14th Gen 100U,,,,,,,,,,,,,,,16,DDR5,,,,,,512,,,,,15.6,,,,,,,,,,,,,,,,False,False,Windows 11 Home,True,,,,[],,,,False,False,False,,65990.0,74990.0,9000.0,65990.0,70490.0,74990.0,8,flipkart,https://www.flipkart.com/asus-expertbook-p1-1-yr-adp-i3-14th-gen-intel-core-3-gen-100u-16-gb-512-gb-ssd-windows-11-home-p1503cva-s72563ws-thin-light-laptop/p/itm10d580f1a9a13,2026-09-28T11:02:32.759854+00:00,valid
ASUS,ASUS Expertbook P3 Metal High,,ExpertBook,2024,Intel,Core i5 13th Gen 13420H,Core i5,13,,,,,,,,,,,,,16,DDR5,,,,,,512,,,,,14.0,,,,,,,,,,,,,,,,False,False,Windows 11 Home,True,,,,[],,,,False,False,False,1,85564.0,95990.0,10426.0,85564.0,90777.0,95990.0,2,flipkart,https://www.flipkart.com/asus-expertbook-p3-metal-high-performance-processor-intel-core-i5-13th-gen-13420h-16-gb-512-gb-ssd-windows-11-home-p3405cva-ly0015ws-thin-light-laptop/p/itm09459c3a8fab7,2026-09-28T11:02:34.335388+00:00,valid
ASUS,ASUS ZenBook 13 OLED,OLED,Zenbook,2021,Intel,Core i5 11th Gen 1135G,Core i5,,,,,,,,,,,,,,16,LPDDR4X,,,,,,512,,,,,13.3,,,,,OLED,,,,,,,,,,,False,False,Windows 10,True,,,,[],,,,False,False,False,,97989.0,99990.0,2001.0,97989.0,98989.5,99990.0,2,flipkart,https://www.flipkart.com/asus-zenbook-13-2021-oled-intel-evo-core-i5-11th-gen-1135g7-16-gb-512-gb-ssd-windows-10-home-ux325ea-kg511ts-thin-light-laptop/p/itmf99ebafecf1db,2026-09-28T11:02:34.353457+00:00,valid
ASUS,ASUS ROG Zephyrus G14 OLED,Intel,ROG,2026,Intel,Core Ultra 9 386H,Core Ultra 9,1,,,,,,,,,,,,,32,LPDDR5X,,,,,,1024,,,,,14.0,,,,,OLED,,,,,,,,,,,False,False,Windows 11 Home,True,,,,[],,,,False,False,False,,359990.0,443990.0,84000.0,359990.0,401990.0,443990.0,4,flipkart,https://www.flipkart.com/asus-rog-zephyrus-g14-oled-2026-intel-core-ultra-9-386h-32-gb-1-tb-ssd-windows-11-home-8-gb-graphics-nvidia-geforce-rtx-5070-120-hz-gu405ap-sy041ws-gaming-laptop/p/itmb2318ae116edf,2026-09-28T11:02:34.401705+00:00,valid
ASUS,ASUS ZenBook Pro 15,UX58,Zenbook,,Intel,Core i9 8th Gen 8950HK,Core i9,,,,,,,,,,,,,,16,DDR4,,,,,,1024,,,,,15.6,,,,,,,,,,True,,,,,,False,False,Windows 10,True,,,,[],,,,False,False,False,,,,,,,,0,flipkart,https://www.flipkart.com/asus-zenbook-pro-15-intel-core-i9-8th-gen-8950hk-16-gb-1-tb-ssd-windows-10-home-4-gb-graphics-ux580ge-e2032t-laptop/p/itme90578d93fb5c,2026-09-28T11:02:34.404693+00:00,insufficient_sources
ASUS,ASUS TUF Gaming F15,,TUF Gaming,,Intel,Core i5 12th Gen 12500H,Core i5,12,,,,,,,,,,,,,16,DDR4,,,,,,512,,,,,15.6,,,,,,,,,,,,,,,,False,False,Windows 11 Home,True,,,,[],,,,False,False,False,,64990.0,87990.0,23000.0,64990.0,76490.0,87990.0,6,flipkart,https://www.flipkart.com/asus-tuf-gaming-f15-intel-core-i5-12th-gen-12500h-16-gb-512-gb-ssd-windows-11-home-4-graphics-nvidia-geforce-rtx-3050-144-hz-95-w-fx507zc4-hn116w-laptop/p/itm18565b89ac405,2026-09-28T11:02:37.779707+00:00,valid
ASUS,ASUS TUF Gaming F15,,TUF Gaming,,Intel,Core i5 11th Gen 11260H,Core i5,11,,,,,,,,,,,,,8,DDR4,,,,,,512,,,,,15.6,,,,,,,,,,,,,,,,False,False,Windows 11,True,,,,[],,,,False,False,False,,48990.0,75990.0,27000.0,48990.0,62490.0,75990.0,16,flipkart,https://www.flipkart.com/asus-tuf-gaming-f15-ai-powered-intel-core-i5-11th-gen-11260h-8-gb-512-gb-ssd-windows-11-home-4-graphics-nvidia-geforce-rtx-2050-144-hz-70-tgp-fx506hf-hn075w-laptop/p/itmbd858702e076f,2026-09-28T11:02:37.801553+00:00,valid
ASUS,ASUS TUF Gaming F16 with MSO 2024+M365 Basic,,TUF Gaming,2025,Intel,Core 5,,,,,,,,,,,,,,,16,DDR5,,,,,,512,,,,,16.0,,,,,,,,,,,,,,,,False,False,Windows 11 Home,True,,,,[],,,,False,False,False,,74990.0,91990.0,17000.0,74990.0,83490.0,91990.0,16,flipkart,https://www.flipkart.com/asus-tuf-gaming-f16-2025-mso-2024-m365-basic-i5-14th-gen-intel-core-5-16-gb-512-gb-ssd-windows-11-home-6-graphics-nvidia-geforce-rtx-3050-144-hz-fx607vjb-rl179ws-laptop/p/itmc80d5869a7145,2026-09-28T11:02:37.812455+00:00,valid
ASUS,ASUS TUF Gaming F16,Intel,TUF Gaming,2026,Intel,Core 5 205H,,,,,,,,,,,,,,,16,DDR5,,,,,,512,,,,,16.0,,,,,,,,,,,,,,,,False,False,Windows 11 Home,True,,,,[],,,,False,False,False,,113990.0,187990.0,74000.0,113990.0,150990.0,187990.0,8,flipkart,https://www.flipkart.com/asus-tuf-gaming-f16-2026-intel-core-5-205h-16-gb-512-gb-ssd-windows-11-home-6-graphics-nvidia-geforce-rtx-3050-144-hz-fx607vjr-tu325ws-laptop/p/itmd82bed10e6e5f,2026-09-28T11:02:37.829690+00:00,valid
ASUS,ASUS TUF Gaming 16,Intel,TUF Gaming,2026,Intel,Core i7 14th Gen 14650HX,Core i7,14,,,,,,,,,,,,,16,DDR5,,,,,,512,,,,,16.0,,,,,,,,,,,,,,,,False,False,Windows 11 Home,True,,,,[],,,,False,False,False,,209990.0,259990.0,50000.0,209990.0,234990.0,259990.0,8,flipkart,https://www.flipkart.com/asus-tuf-gaming-16-2026-intel-core-i7-14th-gen-14650hx-16-gb-512-gb-ssd-windows-11-home-8-graphics-nvidia-geforce-rtx-5060-144-hz-fx610jm-tu105ws-laptop/p/itm74aafa8d0d891,2026-09-28T11:02:37.833304+00:00,valid
ASUS,ASUS TUF Gaming A15,,TUF Gaming,,AMD,Ryzen 7 Hexa Core,Ryzen 7,,,,,,,,,,,,,,16,DDR5,,,,,,512,,,,,15.6,,,,,,,,,,,,,,,,False,False,Windows 11 Home,True,,,,[],,,,False,False,False,1,99000.0,109900.0,10900.0,99000.0,104450.0,109900.0,6,flipkart,https://www.flipkart.com/asus-tuf-gaming-a15-amd-ryzen-7-hexa-core-16-gb-512-gb-ssd-windows-11-home-4-graphics-nvidia-geforce-rtx-3050-144-hz-fa506ncg-hn199w-laptop/p/itmca7ce1e457d2f,2026-09-28T11:02:37.838542+00:00,valid
ASUS,ASUS TUF Gaming 16,Intel,TUF Gaming,2026,Intel,Core i5 14th Gen 14450HX,Core i5,14,,,,,,,,,,,,,16,DDR5,,,,,,512,,,,,16.0,,,,,,,,,,,,,,,,False,False,Windows 11 Home,True,,,,[],,,,False,False,False,,179990.0,220990.0,41000.0,159990.0,196323.33,220990.0,6,flipkart,https://www.flipkart.com/asus-tuf-gaming-16-2026-intel-core-i5-14th-gen-14450hx-16-gb-512-gb-ssd-windows-11-home-8-graphics-nvidia-geforce-rtx-5050-144-hz-fx610jh-tu080ws-laptop/p/itm94081bed09808,2026-09-28T11:02:37.842936+00:00,valid
ASUS,"ASUS TUF Gaming F16 with MSO 2024+M365 Basic,",,TUF Gaming,2026,Intel,Core 5 210H,,,,,,,,,,,,,,,16,DDR5,,,,,,1024,,,,,16.0,,,,,,,,,,,,,,,,False,False,Windows 11 Home,True,,,,[],,,,False,False,False,,119010.0,128999.0,9989.0,119010.0,124004.5,128999.0,8,flipkart,https://www.flipkart.com/asus-tuf-gaming-f16-2026-mso-2024-m365-basic-i5-14th-gen-intel-core-5-210h-16-gb-1-tb-ssd-windows-11-home-6-gb-graphics-nvidia-geforce-rtx-3050-144-hz-fx607vjb-rl215ws-laptop/p/itm206df5e4da94e,2026-09-28T11:02:37.845818+00:00,valid
ASUS,ASUS TUF Gaming A15,AMD,TUF Gaming,2026,AMD,Ryzen 7 Processor,Ryzen 7,,,,,,,,,,,,,,16,DDR5,,,,,,1024,,,,,15.6,,,,,,,,,,,,,,,,False,False,Windows 11 Home,True,,,,[],,,,False,False,False,,79990.0,90990.0,11000.0,79990.0,102956.67,184990.0,30,flipkart,https://www.flipkart.com/asus-tuf-gaming-a15-2026-amd-ryzen-7-170-16-gb-1-tb-ssd-windows-11-home-4-gb-graphics-nvidia-geforce-rtx-3050-fa506ncq-hn008w-laptop/p/itm187b00d3b76d3,2026-09-28T11:02:37.856460+00:00,valid
ASUS,ASUS TUF Gaming A15,AMD,TUF Gaming,2026,AMD,Ryzen 7 Processor,Ryzen 7,,,,,,,,,,,,,,16,DDR5,,,,,,512,,,,,15.6,,,,,,,,,,,,,,,,False,False,Windows 11 Home,True,,,,[],,,,False,False,False,,108000.0,150000.0,42000.0,70990.0,105062.37,161990.0,76,flipkart,https://www.flipkart.com/asus-tuf-gaming-a15-2026-amd-ryzen-7-170-16-gb-512-gb-ssd-windows-11-home-4-graphics-nvidia-geforce-rtx-3050-144-hz-fa506ncq-in080w-laptop/p/itma115637c33b5e,2026-09-28T11:02:37.883069+00:00,valid
ASUS,ASUS TUF Gaming,,TUF Gaming,,Intel,Core i5 9th Gen 9300H,Core i5,,,,,,,,,,,,,,8,DDR4,,,,,,512,,,,,15.6,,,,,,,,,,,,,,,,False,False,Windows 10,True,,,,[],,,,False,False,False,,,,,,,,0,flipkart,https://www.flipkart.com/asus-tuf-gaming-intel-core-i5-9th-gen-9300h-8-gb-512-gb-ssd-windows-10-home-4-graphics-nvidia-geforce-gtx-1650-144-hz-fx505gt-hn101t-laptop/p/itmd1cfbef0ddcbc,2026-09-28T11:02:37.886861+00:00,insufficient_sources
ASUS,ASUS TUF Gaming A15,AMD,TUF Gaming,2025,AMD,Ryzen 7 Hexa Core 7445HS,Ryzen 7,7,,,,,,,,,,,,,16,DDR5,,,,,,512,,,,,15.6,,,,,,,,,,,,,,,,False,False,Windows 11 Home,True,,,,[],,,,False,False,False,,95499.0,111500.0,16001.0,95499.0,103499.5,111500.0,4,flipkart,https://www.flipkart.com/asus-tuf-gaming-a15-2025-amd-ryzen-7-hexa-core-7445hs-16-gb-512-gb-ssd-windows-11-home-4-graphics-nvidia-geforce-rtx-3050-144-hz-fa506ncg-hn200ws-laptop/p/itmc92c1a23d996e,2026-09-28T11:02:45.112330+00:00,valid
ASUS,ASUS ROG Zephyrus G14 OLED,AMD,ROG,2026,AMD,Ryzen AI 9 10 Core 465 -,Ryzen AI 9,,,,,,,,,,,,,,32,LPDDR5X,,,,,,2048,,,,,14.0,,,,,OLED,,,,,,,,,,,False,False,Windows 11 Home,True,,,,[],,,,False,False,False,,289990.0,467990.0,178000.0,289990.0,378990.0,467990.0,2,flipkart,https://www.flipkart.com/asus-rog-zephyrus-g14-oled-2026-amd-ryzen-ai-9-10-core-465-32-gb-2-tb-ssd-windows-11-home-8-gb-graphics-nvidia-geforce-rtx-5060-120-hz-ga403gm-sy132ws-gaming-laptop/p/itmf6aebb8f62203,2026-09-28T11:02:51.275388+00:00,valid
ASUS,ASUS TUF Gaming A16 with Office 2024 + M365 Basic,,TUF Gaming,2026,AMD,Ryzen 7 Processor,Ryzen 7,,,,,,,,,,,,,,16,DDR5,,,,,,1024,,,,,16.0,,,,,,,,,,,,,,,,False,False,Windows 11 Home,True,,,,[],,,,False,False,False,,108990.0,138990.0,30000.0,108990.0,168556.67,298990.0,30,flipkart,https://www.flipkart.com/asus-tuf-gaming-a16-2026-office-2024-m365-basic-amd-ryzen-7-170-16-gb-1-tb-ssd-windows-11-home-6-gb-graphics-nvidia-geforce-rtx-4050-144-hz-fa607nuq-rl063ws-laptop/p/itm1aa44a98b02d2,2026-09-28T11:02:51.293578+00:00,valid
ASUS,ASUS ROG,,ROG,,Intel,Core i7 7th Gen 7700HQ,Core i7,,,,,,,,,,,,,,8,DDR4,,,,,,256,,,,,15.6,,,,,,,,,,,,,,,,False,False,Windows 10,True,,,,[],,,,False,False,False,,,,,,,,0,flipkart,https://www.flipkart.com/asus-rog-intel-core-i7-7th-gen-7700hq-8-gb-1-tb-hdd-256-gb-ssd-windows-10-home-6-graphics-nvidia-geforce-gtx-1060-gl502vm-fy230t-gaming-laptop/p/itma0ca0daa10396,2026-09-28T11:02:51.309452+00:00,insufficient_sources
ASUS,ASUS TUF Gaming A16 with Office 2024 + M365 Basic,,TUF Gaming,2026,AMD,Ryzen 7 Processor,Ryzen 7,,,,,,,,,,,,,,16,DDR5,,,,,,512,,,,,16.0,,,,,,,,,,,,,,,,False,False,Windows 11 Home,True,,,,[],,,,False,False,False,,140000.0,150000.0,10000.0,140000.0,145000.0,150000.0,4,flipkart,https://www.flipkart.com/asus-tuf-gaming-a16-2026-office-2024-m365-basic-amd-ryzen-7-170-16-gb-512-gb-ssd-windows-11-home-6-graphics-nvidia-geforce-rtx-4050-144-hz-fa607nuq-rl047ws-laptop/p/itmcac2714aed5d9,2026-09-28T11:02:51.318976+00:00,valid
ASUS,ASUS ROG Flow X13 with Radeon RX 6850M XT eGPU,,ROG,,AMD,Ryzen 7 Octa Core 6800HS,Ryzen 7,6,,,,,,,,,,,,,32,LPDDR5,,,,,,1024,,,,,13.4,,,,,,,,,,True,,,,,,False,False,Windows 11,True,,,,[],,,,False,False,False,,234288.0,380999.0,146711.0,234288.0,307643.5,380999.0,4,flipkart,https://www.flipkart.com/asus-rog-flow-x13-radeon-rx-6850m-xt-egpu-amd-ryzen-7-octa-core-6800hs-32-gb-1-tb-ssd-windows-11-home-4-gb-graphics-nvidia-geforce-rtx-3050-ti-gv301re-li200ws-2-1-gaming-laptop/p/itm0655ced7506d5,2026-09-28T11:02:51.322002+00:00,valid
ASUS,"ASUS ROG Flow Z13 for Creator with Touch Screen, MSO 2024 + M365 Basic ,AI PC",for,ROG,2025,AMD,Ryzen AI Max,Ryzen AI Max,,,,,,,,,,,,,,32,LPDDR5X,,,,,,1024,,,,,13.4,,,,,,,,,,True,,,,,,False,False,Windows 11 Home,True,,,,[],,,,False,False,False,,275990.0,279990.0,4000.0,275990.0,277990.0,279990.0,2,flipkart,https://www.flipkart.com/asus-rog-flow-z13-2025-creator-touch-screen-mso-2024-m365-basic-ai-pc-amd-ryzen-ai-max-32-gb-1-tb-ssd-windows-11-home-amd-radeon-8060s-180-ghz-gz302ea-ru520ws-gaming-laptop/p/itmc0aad1912b042,2026-09-28T11:02:51.325816+00:00,valid
ASUS,ASUS ROG Strix G16 AI PC with Office 2024 + M365 Basic*,AI,ROG,2025,Intel,Core Ultra 9 275HX,Core Ultra 9,1,,,,,,,,,,,,,32,DDR5,,,,,,1024,,,,,16.0,,,,,,,,,,,,,,,,False,False,Windows 11 Home,True,,,,[],,,,False,False,False,,292301.0,359999.0,67698.0,292301.0,326150.0,359999.0,2,flipkart,https://www.flipkart.com/asus-rog-strix-g16-2025-ai-pc-office-2024-m365-basic-intel-core-ultra-9-275hx-32-gb-1-tb-ssd-windows-11-home-12-gb-graphics-nvidia-geforce-rtx-5070-ti-240-hz-140-w-g615lr-s5190ws-gaming-laptop/p/itm59ca3b2dafe6c,2026-09-28T11:02:51.332728+00:00,valid
ASUS,ASUS ROG Strix SCAR 15,AMD,ROG,2021,AMD,Ryzen 9 Octa Core 5900HX,Ryzen 9,5,,,,,,,,,,,,,32,DDR4,,,,,,1024,,,,,15.6,,,,,,,,,,,,,,,,False,False,Windows 10,True,,,,[],,,,False,False,False,,,,,,,,0,flipkart,https://www.flipkart.com/asus-rog-strix-scar-15-2021-amd-ryzen-9-octa-core-5900hx-32-gb-1-tb-ssd-windows-10-home-8-gb-graphics-nvidia-geforce-rtx-3070-300-hz-g533qr-hf122ts-gaming-laptop/p/itmb6b81c66b34e4,2026-09-28T11:02:51.336048+00:00,insufficient_sources
ASUS,ASUS ROG Strix Scar 16,,ROG,,Intel,Core i9 14th Gen 14900HX,Core i9,14,,,,,,,,,,,,,32,DDR5,,,,,,2048,,,,,16.0,,,,,,,,,,,,,,,,False,False,Windows 11 Home,True,,,,[],,,,False,False,False,,279990.0,347990.0,68000.0,279990.0,313990.0,347990.0,6,flipkart,https://www.flipkart.com/asus-rog-strix-scar-16-intel-core-i9-14th-gen-14900hx-32-gb-2-tb-ssd-windows-11-home-12-gb-graphics-nvidia-geforce-rtx-4080-g634jzr-cm932ws-gaming-laptop/p/itm51c647c5f1bcb,2026-09-28T11:02:51.339727+00:00,valid
Lenovo,Lenovo IdeaPad Slim 3,81X800J3IN,IdeaPad,2021,Intel,Core i3 11th Gen 1115G,Core i3,,,,,,,,,,,,,,8,DDR4,,,,,,512,,,,,15.6,,,,,,,,,,,,,,,,False,False,Windows 11 Home,True,,,,[],,,,False,False,False,,35950.0,57890.0,21940.0,35950.0,46920.0,57890.0,8,flipkart,https://www.flipkart.com/lenovo-ideapad-slim-3-intel-core-i3-11th-gen-1115g4-8-gb-512-gb-ssd-windows-11-home-81x800j3in-81x800lgin-81x800n2in-thin-light-laptop/p/itmf7ba442601f89,2026-09-28T11:02:53.094284+00:00,valid
Lenovo,Lenovo IdeaPad Slim 3,15ITL6,IdeaPad,,Intel,Core i3 11th Gen,Core i3,,,,,,,,,,,,,,8,DDR4,,,,,,256,,,,,15.6,,,,,,,,,,,,,,,,False,False,Windows 11 Home,True,,,,[],,,,False,False,False,,34960.0,49190.0,14230.0,34960.0,47178.75,65990.0,8,flipkart,https://www.flipkart.com/lenovo-ideapad-slim-3-intel-core-i3-11th-gen-8-gb-256-gb-ssd-windows-11-home-15itl6-thin-light-laptop/p/itmf7ba442601f89,2026-09-28T11:02:53.097931+00:00,valid
Lenovo,Lenovo IdeaPad Slim 3,IdeaPad,IdeaPad,2024,AMD,Ryzen 3 Processor,Ryzen 3,,,,,,,,,,,,,,16,LPDDR5,,,,,,512,,,,,15.6,,,,,,,,,,,,,,,,False,False,Windows 11 Home,True,,,,[],,,,False,False,False,,56680.0,111490.0,54810.0,56680.0,84085.0,111490.0,16,flipkart,https://www.flipkart.com/lenovo-ideapad-slim-3-amd-ryzen-30-16-gb-512-gb-ssd-windows-11-home-15amn8-thin-light-laptop/p/itm802da1c81a2d7,2026-09-28T11:02:53.110019+00:00,valid
Lenovo,Lenovo,IdeaPad,,2024,AMD,Ryzen 3 Quad Core,Ryzen 3,,,,,,,,,,,,,,8,LPDDR5,,,,,,512,,,,,15.6,,,,,,,,,,,,,,,,False,False,Windows 11 Home,True,,,,[],,,,False,False,False,,52990.0,90980.0,37990.0,52990.0,71985.0,90980.0,8,flipkart,https://www.flipkart.com/lenovo-amd-ryzen-3-quad-core-30-8-gb-512-gb-ssd-windows-11-home-ideapad-slim-15amn8-thin-light-laptop/p/itm136b8d3fe3ffc,2026-09-28T11:02:53.115990+00:00,valid
Lenovo,Lenovo IdeaPad Slim 3,83K100RWIN,IdeaPad,2024,Intel,Core i5 13th Gen 13420H,Core i5,13,,,,,,,,,,,,,16,DDR5,,,,,,512,,,,,15.6,,,,,,,,,,,,,,,,False,False,Windows 11 Home,True,,,,[],,,,False,False,False,,79900.0,99999.0,20099.0,79900.0,89949.5,99999.0,4,flipkart,https://www.flipkart.com/lenovo-ideapad-slim-3-intel-core-i5-13th-gen-13420h-16-gb-512-gb-ssd-windows-11-home-83k100rwin-thin-light-laptop/p/itme918bcae089c6,2026-09-28T11:02:53.122070+00:00,valid
Lenovo,Lenovo IdeaPad Slim 3,82XQ00W4IN,IdeaPad,2024,AMD,Ryzen 5 7520U,Ryzen 5,7,,,,,,,,,,,,,16,LPDDR5,,,,,,512,,,,,15.6,,,,,,,,,,,,,,,,False,False,Windows 11 Home,True,,,,[],,,,False,False,False,,68000.0,80000.0,12000.0,68000.0,74000.0,80000.0,10,flipkart,https://www.flipkart.com/lenovo-ideapad-slim-3-amd-ryzen-5-7520u-16-gb-512-gb-ssd-windows-11-home-82xq00w4in-thin-light-laptop/p/itm8182fdeed4c19,2026-09-28T11:02:53.125192+00:00,valid
Lenovo,Lenovo Ideapad Slim 3i,Ideapad,IdeaPad,2021,Intel,Core i5 11th Gen 1155G,Core i5,,,,,,,,,,,,,,8,DDR4,,,,,,512,,,,,15.6,,,,,,,,,,,,,,,,False,False,Windows 11 Home,True,,,,[],,,,False,False,False,,54990.0,84998.0,30008.0,54990.0,69994.0,84998.0,2,flipkart,https://www.flipkart.com/lenovo-ideapad-slim-3i-intel-core-i5-11th-gen-1155g7-8-gb-512-gb-ssd-windows-11-home-3-thin-light-laptop/p/itm4a1dfc32cc4a9,2026-09-28T11:02:53.128960+00:00,valid
Lenovo,Lenovo IdeaPad Slim 3,14ITL6,IdeaPad,,Intel,Core i3 11th Gen 1115G,Core i3,,,,,,,,,,,,,,8,DDR4,,,,,,512,,,,,14.0,,,,,,,,,,,,,,,,False,False,Windows 11 Home,True,,,,[],,,,False,False,False,,58990.0,61390.0,2400.0,58990.0,60190.0,61390.0,8,flipkart,https://www.flipkart.com/lenovo-ideapad-slim-3-intel-core-i3-11th-gen-1115g4-8-gb-512-gb-ssd-windows-11-home-14itl6-thin-light-laptop/p/itmc8cde945d4650,2026-09-28T11:02:53.132275+00:00,valid
Lenovo,Lenovo IdeaPad Slim 3,82X700HJIN,IdeaPad,2024,Intel,Core i3 13th Gen 1315U,Core i3,,,,,,,,,,,,,,8,LPDDR5,,,,,,512,,,,,15.6,,,,,,,,,,,,,,,,False,False,Windows 11 Home,True,,,,[],,,,False,False,False,,57890.0,75990.0,18100.0,57890.0,66940.0,75990.0,2,flipkart,https://www.flipkart.com/lenovo-ideapad-slim-3-intel-core-i3-13th-gen-1315u-8-gb-512-gb-ssd-windows-11-home-82x700hjin-thin-light-laptop/p/itm3cd481cde8db3,2026-09-28T11:02:53.135126+00:00,valid
Lenovo,Lenovo IdeaPad Slim 3,Ideapad,IdeaPad,2024,AMD,Ryzen 5 Hexa Core 5500U,Ryzen 5,5,,,,,,,,,,,,,16,DDR5,,,,,,512,,,,,15.6,,,,,,,,,,,,,,,,False,False,Windows 11 Home,True,,,,[],,,,False,False,False,,62811.0,75590.0,12779.0,62811.0,69200.5,75590.0,2,flipkart,https://www.flipkart.com/lenovo-ideapad-slim-3-amd-ryzen-5-hexa-core-5500u-16-gb-512-gb-ssd-windows-11-home-15amn8-thin-light-laptop/p/itme83dcbee489e2,2026-09-28T11:02:53.141593+00:00,valid
Lenovo,Lenovo IdeaPad Slim 3i,Ideapad,IdeaPad,2024,Intel,Core i5 13th Gen 13420H,Core i5,13,,,,,,,,,,,,,8,DDR5,,,,,,512,,,,,15.3,,,,,,,,,,,,,,,,False,False,Windows 11 Home,True,,,,[],,,,False,False,False,1,68798.0,70790.0,1992.0,68798.0,69794.0,70790.0,2,flipkart,https://www.flipkart.com/lenovo-ideapad-slim-3i-intel-core-i5-13th-gen-13420h-8-gb-512-gb-ssd-windows-11-home-3-thin-light-laptop/p/itmdf5e05ef76670,2026-09-28T11:02:53.146761+00:00,valid
Lenovo,Lenovo IdeaPad Slim 3,15ITL05,IdeaPad,,Intel,Core i3 11th Gen 1115G,Core i3,,,,,,,,,,,,,,8,DDR4,,,,,,256,,,,,15.6,,,,,,,,,,,,,,,,False,False,Windows 11 Home,True,,,,[],,,,False,False,False,,,,,,,,0,flipkart,https://www.flipkart.com/lenovo-ideapad-slim-3-intel-core-i3-11th-gen-1115g4-8-gb-256-gb-ssd-windows-11-home-15itl05-thin-light-laptop/p/itmf495cb59eb6fc,2026-09-28T11:02:53.153922+00:00,insufficient_sources
Lenovo,Lenovo IdeaPad Slim 3 with 1Year ADP,15AMN8,IdeaPad,2024,AMD,Ryzen 5 Processor,Ryzen 5,,,,,,,,,,,,,,16,LPDDR5,,,,,,512,,,,,15.6,,,,,,,,,,,,,,,,False,False,Windows 11 Home,True,,,,[],,,,False,False,False,,61890.0,72290.0,10400.0,61890.0,67090.0,72290.0,10,flipkart,https://www.flipkart.com/lenovo-ideapad-slim-3-1year-adp-amd-ryzen-5-40-16-gb-512-gb-ssd-windows-11-home-15amn8-laptop/p/itmab007bf5f82a8,2026-09-28T11:02:53.159499+00:00,valid
Lenovo,Lenovo IdeaPad Slim 3,IdeaPad,IdeaPad,2024,AMD,Ryzen 5 Quad Core 7520U,Ryzen 5,7,,,,,,,,,,,,,16,LPDDR5,,,,,,512,,,,,15.6,,,,,,,,,,,,,,,,False,False,Windows 11 Home,True,,,,[],,,,False,False,False,,61890.0,122168.0,60278.0,61890.0,90782.9,122168.0,10,flipkart,https://www.flipkart.com/lenovo-ideapad-slim-3-amd-ryzen-5-quad-core-7520u-16-gb-512-gb-ssd-windows-11-home-15amn8-thin-light-laptop/p/itmcc48b254511d2,2026-09-28T11:02:55.106521+00:00,valid
Lenovo,Lenovo IdeaPad Slim 3,83N3002QIN,IdeaPad,2024,Qualcomm,Snapdragon X -,Snapdragon X,,,,,,,,,,,,,,16,LPDDR5X,,,,,,512,,,,,15.3,,,,,,,,,,,,,,,,False,False,Windows 11 Home,True,,,,[],,,,False,False,False,1,70254.0,101999.0,31745.0,70254.0,86126.5,101999.0,10,flipkart,https://www.flipkart.com/lenovo-ideapad-slim-3-snapdragon-x-16-gb-512-gb-ssd-windows-11-home-83n3002qin-thin-light-laptop/p/itmb9c772c9a2fa8,2026-09-28T11:02:55.111738+00:00,valid
Lenovo,Lenovo IdeaPad Slim 3 WUXGA IPS,15I,IdeaPad,2024,Intel,Core i5 13th Gen 13420H,Core i5,13,,,,,,,,,,,,,16,DDR5,,,,,,512,,,,,15.3,,,,,IPS,,,,,,,,,,,False,False,Windows 11 Home,True,,,,[],,,,False,False,False,,79990.0,99000.0,19010.0,79990.0,89495.0,99000.0,8,flipkart,https://www.flipkart.com/lenovo-ideapad-slim-3-wuxga-ips-intel-core-i5-13th-gen-13420h-16-gb-512-gb-ssd-windows-11-home-15irh10-thin-light-laptop/p/itm141f9075d4f0c,2026-09-28T11:02:55.116449+00:00,valid
Lenovo,Lenovo IdeaPad Slim 3,15Q8X10,IdeaPad,2024,Qualcomm,Snapdragon X -,Snapdragon X,,,,,,,,,,,,,,16,LPDDR5X,,,,,,512,,,,,15.3,,,,,,,,,,,,,,,,False,False,Windows 11 Home,True,,,,[],,,,False,False,False,,73847.0,98990.0,25143.0,73847.0,86418.5,98990.0,10,flipkart,https://www.flipkart.com/lenovo-ideapad-slim-3-snapdragon-x-16-gb-512-gb-ssd-windows-11-home-15q8x10-thin-light-laptop/p/itmd7e5b6cc991fe,2026-09-28T11:02:55.119982+00:00,valid
Lenovo,Lenovo IdeaPad Slim 3,15IRU8,IdeaPad,2021,Intel,Core i3 13th Gen 1305U,Core i3,,,,,,,,,,,,,,8,LPDDR5,,,,,,512,,,,,15.6,,,,,,,,,,,,,,,,False,False,Windows 11 Home,True,,,,[],,,,False,False,False,,55990.0,59990.0,4000.0,55500.0,58743.33,65000.0,6,flipkart,https://www.flipkart.com/lenovo-ideapad-slim-3-intel-core-i3-13th-gen-1305u-8-gb-512-gb-ssd-windows-11-home-15iru8-thin-light-laptop/p/itm726ac134d0530,2026-09-28T11:02:55.123075+00:00,valid
Lenovo,Lenovo IdeaPad Slim 3,15IAU7,IdeaPad,,Intel,Core i3 12th Gen 1215U,Core i3,,,,,,,,,,,,,,8,DDR4,,,,,,512,,,,,15.6,,,,,,,,,,,,,,,,False,False,Windows 11 Home,True,,,,[],,,,False,False,False,,53990.0,63000.0,9010.0,53990.0,58216.55,63000.0,20,flipkart,https://www.flipkart.com/lenovo-ideapad-slim-3-intel-core-i3-12th-gen-1215u-8-gb-512-gb-ssd-windows-11-home-15iau7-thin-light-laptop/p/itm58722d471ef90,2026-09-28T11:02:55.133761+00:00,valid
Lenovo,Lenovo IdeaPad Slim 3,15IAU7,IdeaPad,,Intel,Core i5 12th Gen 1235U,Core i5,,,,,,,,,,,,,,8,DDR4,,,,,,512,,,,,15.6,,,,,,,,,,,,,,,,False,False,Windows 11 Home,True,,,,[],,,,False,False,False,,71990.0,76890.0,4900.0,71990.0,74440.0,76890.0,2,flipkart,https://www.flipkart.com/lenovo-ideapad-slim-3-intel-core-i5-12th-gen-1235u-8-gb-512-gb-ssd-windows-11-home-15iau7-thin-light-laptop/p/itme38b4c2cd4dfa,2026-09-28T11:02:55.140482+00:00,valid
Lenovo,Lenovo IdeaPad Slim 3,15ITL6,IdeaPad,,Intel,Core i5 11th Gen 1155G,Core i5,,,,,,,,,,,,,,8,DDR4,,,,,,512,,,,,15.6,,,,,,,,,,,,,,,,False,False,Windows 11 Home,True,,,,[],,,,False,False,False,,50134.0,69890.0,19756.0,50134.0,60012.0,69890.0,4,flipkart,https://www.flipkart.com/lenovo-ideapad-slim-3-intel-core-i5-11th-gen-1155g7-8-gb-512-gb-ssd-windows-11-home-15itl6-thin-light-laptop/p/itmf7ba442601f89,2026-09-28T11:02:55.143954+00:00,valid
Lenovo,Lenovo,IdeaPad,,,Intel,Core i7 13th Gen,Core i7,,,,,,,,,,,,,,16,LPDDR5,,,,,,512,,,,,15.6,,,,,,,,,,,,,,,,False,False,Windows 11 Home,True,,,,[],,,,False,False,False,,87990.0,89990.0,2000.0,87990.0,88990.0,89990.0,4,flipkart,https://www.flipkart.com/lenovo-intel-core-i7-13th-gen-16-gb-512-gb-ssd-windows-11-home-ideapad-slim-3-laptop/p/itm4b669f3ba22f7,2026-09-28T11:02:55.148142+00:00,valid
Lenovo,Lenovo IdeaPad Slim 3,82H803LNIN,IdeaPad,2021,Intel,Core i7 11th Gen 1165G,Core i7,,,,,,,,,,,,,,16,DDR4,,,,,,512,,,,,15.6,,,,,,,,,,,,,,,,False,False,Windows 11 Home,True,,,,[],,,,False,False,False,,87990.0,89990.0,2000.0,87990.0,88990.0,89990.0,2,flipkart,https://www.flipkart.com/lenovo-ideapad-slim-3-intel-core-i7-11th-gen-1165g7-16-gb-512-gb-ssd-windows-11-home-82h803lnin-thin-light-laptop/p/itm8bbee35311c52,2026-09-28T11:02:55.153121+00:00,valid
Lenovo,Lenovo Ideapad Slim 3i,Intel,IdeaPad,2021,Intel,Core i3 10th Gen 1135G,Core i3,,,,,,,,,,,,,,4,DDR4,,,,,,256,,,,,15.6,,,,,,,,,,,,,,,,False,False,Windows 10,True,,,,[],,,,False,False,False,,35690.0,50990.0,15300.0,35690.0,43340.0,50990.0,10,flipkart,https://www.flipkart.com/lenovo-ideapad-slim-3i-2021-intel-core-i3-10th-gen-1135g7-4-gb-256-gb-ssd-windows-10-home-3-15iml05-thin-light-laptop/p/itmb451b786fbcd7,2026-09-28T11:02:55.162033+00:00,valid
Lenovo,Lenovo IdeaPad 3,81WB010XIN,IdeaPad,,Intel,Core i3 10th Gen,Core i3,,,,,,,,,,,,,,4,DDR4,,,,,,256,,,,,15.6,,,,,,,,,,,,,,,,False,False,Windows 10,True,,,,[],,,,False,False,False,,34990.0,49999.0,15009.0,34990.0,42494.5,49999.0,8,flipkart,https://www.flipkart.com/lenovo-ideapad-3-intel-core-i3-10th-gen-4-gb-256-gb-ssd-windows-10-home-81wb010xin-laptop/p/itmf7468c9543cbe,2026-09-28T11:03:14.805314+00:00,valid
Lenovo,Lenovo IdeaPad 3,81WA00K1IN,IdeaPad,,Intel,Core i3 10th Gen,Core i3,,,,,,,,,,,,,,8,DDR4,,,,,,256,,,,,14.0,,,,,,,,,,,,,,,,False,False,Windows 10,True,,,,[],,,,False,False,False,,34990.0,59990.0,25000.0,34990.0,47490.0,59990.0,8,flipkart,https://www.flipkart.com/lenovo-ideapad-3-intel-core-i3-10th-gen-8-gb-256-gb-ssd-windows-10-home-81wa00k1in-laptop/p/itmf7468c9543cbe,2026-09-28T11:03:14.808722+00:00,valid
Lenovo,Lenovo Ideapad Slim 3i,15ITL6,IdeaPad,,Intel,Core i5 11th Gen 1135G,Core i5,,,,,,,,,,,,,,8,DDR4,,,,,,256,,,,,15.6,,,,,,,,,,,,,,,,False,False,Windows 10,True,,,,[],,,,False,False,False,,49999.0,75390.0,25391.0,49999.0,62694.5,75390.0,4,flipkart,https://www.flipkart.com/lenovo-ideapad-slim-3i-intel-core-i5-11th-gen-1135g7-8-gb-256-gb-ssd-windows-10-home-15itl6-15itl6-ub-thin-light-laptop/p/itmf21bddb246f64,2026-09-28T11:03:14.817224+00:00,valid
Lenovo,Lenovo IdeaPad Slim,82X700E0IN,IdeaPad,,Intel,Core i3 13th Gen 1315U,Core i3,,,,,,,,,,,,,,8,LPDDR5,,,,,,512,,,,,15.6,,,,,,,,,,,,,,,,False,False,Windows 11 Home,True,,,,[],,,,False,False,False,1,59990.0,67990.0,8000.0,59990.0,63990.0,67990.0,4,flipkart,https://www.flipkart.com/lenovo-ideapad-slim-intel-core-i3-13th-gen-1315u-8-gb-512-gb-ssd-windows-11-home-82x700e0in-laptop/p/itmf41448c18ce0c,2026-09-28T11:03:14.842752+00:00,valid
Lenovo,Lenovo IdeaPad Slim 3,14,IdeaPad,,AMD,Ryzen 5 Hexa Core 5500U,Ryzen 5,5,,,,,,,,,,,,,8,DDR4,,,,,,512,,,,,14.0,,,,,,,,,,,,,,,,False,False,Windows 11 Home,True,,,,[],,,,False,False,False,,61990.0,75490.0,13500.0,61990.0,68740.0,75490.0,12,flipkart,https://www.flipkart.com/lenovo-ideapad-slim-3-amd-ryzen-5-hexa-core-5500u-8-gb-512-gb-ssd-windows-11-home-14-alc-6-thin-light-laptop/p/itmf47e2a5bdd8eb,2026-09-28T11:03:14.846426+00:00,valid
Lenovo,Lenovo IdeaPad Slim 3 Backlit,15IAH,IdeaPad,,Intel,Core i5 12th Gen 12450H,Core i5,12,,,,,,,,,,,,,16,LPDDR5,,,,,,512,,,,,15.6,,,,,,,,,,,,,,,,False,False,Windows 11 Home,True,,,,[],,,,False,False,False,,75900.0,79999.0,4099.0,75900.0,77949.5,79999.0,8,flipkart,https://www.flipkart.com/lenovo-ideapad-slim-3-backlit-intel-core-i5-12th-gen-12450h-16-gb-512-gb-ssd-windows-11-home-15iah8-thin-light-laptop/p/itm76f0e5d975817,2026-09-28T11:03:14.853769+00:00,valid
Lenovo,Lenovo IdeaPad Slim 3 Microsoft 365 Basic + Office Home 2024,,IdeaPad,2024,Intel,Core i5 13th Gen 13420H,Core i5,13,,,,,,,,,,,,,16,DDR5,,,,,,512,,,,,15.3,,,,,,,,,,,,,,,,False,False,Windows 11 Home,True,,,,[],,,,False,False,False,,79990.0,82690.0,2700.0,79990.0,81340.0,82690.0,2,flipkart,https://www.flipkart.com/lenovo-ideapad-slim-3-microsoft-365-basic-office-home-2024-intel-core-i5-13th-gen-13420h-16-gb-512-gb-ssd-windows-11-home-15irh10-laptop/p/itm7ce52aa3b9479,2026-09-28T11:03:14.858432+00:00,valid
Lenovo,Lenovo IdeaPad Slim 3 with 1Yr ADP,1,IdeaPad,,Intel,Core i5 12th Gen 12450H,Core i5,12,,,,,,,,,,,,,8,LPDDR5,,,,,,512,,,,,14.0,,,,,,,,,,,,,,,,False,False,Windows 11 Home,True,,,,[],,,,False,False,False,,,,,,,,0,flipkart,https://www.flipkart.com/lenovo-ideapad-slim-3-1yr-adp-intel-core-i5-12th-gen-12450h-8-gb-512-gb-ssd-windows-11-home-14iah8-thin-light-laptop/p/itm726ac134d0530,2026-09-28T11:03:14.864564+00:00,insufficient_sources
Lenovo,Lenovo IdeaPad Slim 3,15IRH8,IdeaPad,,Intel,Core i7 13th Gen 13620H,Core i7,13,,,,,,,,,,,,,16,LPDDR5,,,,,,512,,,,,15.6,,,,,,,,,,,,,,,,False,False,Windows 11 Home,True,,,,[],,,,False,False,False,,89900.0,109000.0,19100.0,89900.0,99450.0,109000.0,6,flipkart,https://www.flipkart.com/lenovo-ideapad-slim-3-intel-core-i7-13th-gen-13620h-16-gb-512-gb-ssd-windows-11-home-15irh8-thin-light-laptop/p/itme38b4c2cd4dfa,2026-09-28T11:03:14.867712+00:00,valid
Lenovo,Lenovo IdeaPad Slim 3,IdeaPad,IdeaPad,2024,AMD,Ryzen AI 5 Quad Core 330 -,Ryzen AI,,,,,,,,,,,,,,16,DDR5,,,,,,512,,,,,14.0,,,,,,,,,,,,,,,,False,False,Windows 11 Home,True,,,,[],,,,False,False,False,,106990.0,185290.0,78300.0,106990.0,146140.0,185290.0,6,flipkart,https://www.flipkart.com/lenovo-ideapad-slim-3-amd-ryzen-ai-5-quad-core-330-16-gb-512-gb-ssd-windows-11-home-14akp10-thin-light-laptop/p/itm421a543dbaa25,2026-09-28T11:03:14.870902+00:00,valid
Lenovo,Lenovo IdeaPad Slim 1,IdeaPad,IdeaPad,,AMD,Ryzen 3,Ryzen 3,,,,,,,,,,,,,,8,DDR4,,,,,,512,,,,,15.6,,,,,,,,,,,,,,,,False,False,Windows 11 Home,True,,,,[],,,,False,False,False,,54970.0,62990.0,8020.0,54970.0,58980.0,62990.0,6,flipkart,https://www.flipkart.com/lenovo-ideapad-slim-1-amd-ryzen-3-dual-core-3rd-gen-3250u-8-gb-512-gb-ssd-windows-11-home-15ada7-thin-light-laptop/p/itm09d699c84f79a,2026-09-28T11:03:14.874702+00:00,valid
Lenovo,Lenovo IdeaPad Slim 3,15IAH8,IdeaPad,,Intel,Core i5 12th Gen 12450H,Core i5,12,,,,,,,,,,,,,8,LPDDR5,,,,,,512,,,,,15.6,,,,,,,,,,,,,,,,False,False,Windows 11 Home,True,,,,[],,,,False,False,False,,67990.0,90000.0,22010.0,67990.0,78995.0,90000.0,4,flipkart,https://www.flipkart.com/lenovo-ideapad-slim-3-intel-core-i5-12th-gen-12450h-8-gb-512-gb-ssd-windows-11-home-15iah8-thin-light-laptop/p/itm76f0e5d975817,2026-09-28T11:03:14.878487+00:00,valid
Lenovo,Lenovo IdeaPad Slim 3,IdeaPad,IdeaPad,2024,AMD,Ryzen 7 Octa Core 5825U,Ryzen 7,5,,,,,,,,,,,,,16,DDR4,,,,,,512,,,,,15.6,,,,,,,,,,,,,,,,False,False,Windows 11 Home,True,,,,[],,,,False,False,False,,94990.0,158690.0,63700.0,94990.0,126840.0,158690.0,2,flipkart,https://www.flipkart.com/lenovo-ideapad-slim-3-amd-ryzen-7-octa-core-5825u-16-gb-512-gb-ssd-windows-11-home-15abr8-thin-light-laptop/p/itm30973a8b58927,2026-09-28T11:03:14.882922+00:00,valid
Lenovo,Lenovo IdeaPad Slim 3,15IAU7,IdeaPad,,Intel,Core i7 12th Gen 1255U,Core i7,,,,,,,,,,,,,,16,DDR4,,,,,,512,,,,,15.6,,,,,,,,,,,,,,,,False,False,Windows 11 Home,True,,,,[],,,,False,False,False,,62020.0,81990.0,19970.0,62020.0,72005.0,81990.0,4,flipkart,https://www.flipkart.com/lenovo-ideapad-slim-3-intel-core-i7-12th-gen-1255u-16-gb-512-gb-ssd-windows-11-home-15iau7-thin-light-laptop/p/itm58722d471ef90,2026-09-28T11:03:14.887224+00:00,valid
Lenovo,Lenovo IdeaPad Slim 3,15IRH8,IdeaPad,,Intel,Core i5 13th Gen 13420H,Core i5,13,,,,,,,,,,,,,16,LPDDR5,,,,,,512,,,,,15.6,,,,,,,,,,,,,,,,False,False,Windows 11 Home,True,,,,[],,,,False,False,False,,75990.0,95890.0,19900.0,75990.0,85940.0,95890.0,2,flipkart,https://www.flipkart.com/lenovo-ideapad-slim-3-intel-core-i5-13th-gen-13420h-16-gb-512-gb-ssd-windows-11-home-15irh8-thin-light-laptop/p/itm460c3a65056e4,2026-09-28T11:03:14.891000+00:00,valid
Lenovo,Lenovo IdeaPad Slim 5 WUXGA OLED Full Metal Body,,IdeaPad,2024,Intel,Core i5 13th Gen 13420H,Core i5,13,,,,,,,,,,,,,16,DDR5,,,,,,1024,,,,,14.0,,,,,OLED,,,,,,,,,,,False,False,Windows 11 Home,True,,,,[],,,,False,False,False,,,,,,,,0,flipkart,https://www.flipkart.com/lenovo-ideapad-slim-5-wuxga-oled-full-metal-body-intel-core-i5-13th-gen-13420h-16-gb-1-tb-ssd-windows-11-home-thin-light-laptop/p/itm1df1fe93dcbfd,2026-09-28T11:03:17.698961+00:00,insufficient_sources
Lenovo,Lenovo IdeaPad Slim 5,16IAH8,IdeaPad,,Intel,Core i5 12th Gen,Core i5,,,,,,,,,,,,,,16,LPDDR5,,,,,,512,,,,,16.0,,,,,,,,,,,,,,,,False,False,Windows 11 Home,True,,,,[],,,,False,False,False,,62991.0,89990.0,26999.0,62991.0,76490.5,89990.0,2,flipkart,https://www.flipkart.com/lenovo-ideapad-slim-5-intel-core-i5-12th-gen-16-gb-512-gb-ssd-windows-11-home-16iah8-laptop/p/itma68dba42368d2,2026-09-28T11:03:17.727914+00:00,valid
Lenovo,Lenovo IdeaPad Slim 5 WUXGA OLED,14IR,IdeaPad,,Intel,Core i5 13th Gen 13420H,Core i5,13,,,,,,,,,,,,,16,LPDDR5,,,,,,1024,,,,,14.0,,,,,OLED,,,,,,,,,,,False,False,Windows 11 Home,True,,,,[],,,,False,False,False,,108990.0,125000.0,16010.0,108990.0,116995.0,125000.0,6,flipkart,https://www.flipkart.com/lenovo-ideapad-slim-5-wuxga-oled-intel-core-i5-13th-gen-13420h-16-gb-1-tb-ssd-windows-11-home-14irl8-thin-light-laptop/p/itmf2dfeb9f35d07,2026-09-28T11:03:17.736451+00:00,valid
Lenovo,Lenovo IdeaPad Slim 5 WUXGA OLED Full metal with 1Yr ADP,,IdeaPad,2024,Intel,Core i7 13th Gen 13620H,Core i7,13,,,,,,,,,,,,,16,DDR5,,,,,,512,,,,,14.0,,,,,OLED,,,,,,,,,,,False,False,Windows 11 Home,True,,,,[],,,,False,False,False,,,,,,,,0,flipkart,https://www.flipkart.com/lenovo-ideapad-slim-5-wuxga-oled-full-metal-1yr-adp-intel-core-i7-13th-gen-13620h-16-gb-512-gb-ssd-windows-11-home-14irh10-thin-light-laptop/p/itm949c2ade2fc8e,2026-09-28T11:03:17.742713+00:00,insufficient_sources
Lenovo,Lenovo IdeaPad 5 2,Intel,IdeaPad,2021,Intel,Core 5 120U,,,,,,,,,,,,,,,16,LPDDR5X,,,,,,512,,,,,14.0,,,,,IPS,,,,,True,,,,,,False,False,Windows 11,True,,,,[],,,,False,False,False,,100000.0,125000.0,25000.0,100000.0,112500.0,125000.0,6,flipkart,https://www.flipkart.com/lenovo-ideapad-5-2-in-1-core-120u-wuxga-ips-i5-14th-gen-intel-16-gb-512-gb-ssd-windows-11-home-14iru9-2-1-laptop/p/itm0d1ffafece259,2026-09-28T11:03:17.758758+00:00,valid
Lenovo,Lenovo IdeaPad Slim 5i,,IdeaPad,,Intel,Core i5 11th Gen 1135G,Core i5,,,,,,,,,,,,,,16,DDR4,,,,,,512,,,,,15.6,,,,,,,,,,,,,,,,False,False,Windows 11 Home,True,,,,[],,,,False,False,False,1,62999.0,103233.0,40234.0,62999.0,83116.0,103233.0,8,flipkart,https://www.flipkart.com/lenovo-ideapad-slim-5i-intel-core-i5-11th-gen-1135g7-16-gb-512-gb-ssd-windows-11-home-2-graphics-15-itl-05-thin-light-laptop/p/itm53ff10cf99fa9,2026-09-28T11:03:17.764986+00:00,valid
Lenovo,Lenovo Ideapad Slim 5i,16IRL8,IdeaPad,,Intel,Core i7 13th Gen 13700H,Core i7,13,,,,,,,,,,,,,16,DDR4,,,,,,512,,,,,16.0,,,,,,,,,,,,,,,,False,False,Windows 11 Home,True,,,,[],,,,False,False,False,2,96990.0,110000.0,13010.0,96990.0,106995.0,115000.0,4,flipkart,https://www.flipkart.com/lenovo-ideapad-slim-5i-intel-core-i7-13th-gen-13700h-16-gb-512-gb-ssd-windows-11-home-16irl8-thin-light-laptop/p/itm5d93b3b13a9ac,2026-09-28T11:03:17.792702+00:00,valid
Lenovo,Lenovo,82R400BGIN,,,AMD,Ryzen 5 Processor,Ryzen 5,,,,,,,,,,,,,,8,DDR4,,,,,,512,,,,,15.6,,,,,,,,,,,,,,,,False,False,Windows 11 Home,True,,,,[],,,,False,False,False,,37990.0,55000.0,17010.0,37990.0,46495.0,55000.0,10,flipkart,https://www.flipkart.com/lenovo-amd-ryzen-5-8-gb-512-gb-ssd-windows-11-home-82r400bgin-thin-light-laptop/p/itm09d699c84f79a,2026-09-28T11:03:19.588009+00:00,valid
Lenovo,Lenovo IdeaPad Slim 5 13th Gen,,IdeaPad,,Intel,Core i5-13420H,Core i5,13,,,,,,,,,,,,,16,LPDDR5,,,,,,512,,,,,14.0,,,,,IPS,,,,,,,,,,,False,False,Windows 11,True,,,,[],,,,False,False,False,,88999.0,93999.0,5000.0,88999.0,91499.0,93999.0,2,flipkart,https://www.flipkart.com/lenovo-ideapad-slim-5-13th-gen-intel-core-i5-13420h-wuxga-ips-i5-16-gb-512-gb-ssd-windows-11-home-82xd003min-thin-light-laptop/p/itm95fa1ff34e75c,2026-09-28T11:03:19.628167+00:00,valid
Lenovo,Lenovo IdeaPad 3 Chromebook,ideapa,IdeaPad,,Intel,Celeron Dual Core N4020,,,,,,,,,,,,,,,4,LPDDR4,,,,,EMMC,,,,,,11.6,,,,,,,,,,,,,,,,False,False,Chrome OS,False,,,,[],,,,False,False,False,,22379.0,34678.0,12299.0,22379.0,28528.5,34678.0,8,flipkart,https://www.flipkart.com/lenovo-ideapad-3-chromebook-intel-celeron-dual-core-n4020-4-gb-64-gb-emmc-storage-chrome-os-cb-11igl05-2/p/itmd462d33eff5ef,2026-09-28T11:03:19.636779+00:00,valid
Lenovo,Lenovo THINKBOOK 16,21MWA0AJI,,,AMD,Ryzen 5 Hexa Core,Ryzen 5,,,,,,,,,,,,,,8,LPDDR5,,,,,,512,,,,,16.0,,,,,,,,,,,,,,,,False,False,Windows 11 Home,True,,,,[],,,,False,False,False,1,69999.0,80900.0,10901.0,69999.0,75449.5,80900.0,8,flipkart,https://www.flipkart.com/lenovo-thinkbook-16-amd-ryzen-5-hexa-core-7th-gen-7535hs-8-gb-512-gb-ssd-windows-11-home-21mwa0ajin-laptop/p/itmcbce731f301ec,2026-09-28T11:03:21.232878+00:00,valid
Lenovo,Lenovo,15ITL05,,,Intel,Core i3 11th Gen,Core i3,,,,,,,,,,,,,,8,DDR4,,,,,,512,,,,,15.6,,,,,,,,,,,,,,,,False,False,Windows 11 Home,True,,,,[],,,,False,False,False,,37890.0,67090.0,29200.0,37890.0,52490.0,67090.0,4,flipkart,https://www.flipkart.com/lenovo-intel-core-i3-11th-gen-8-gb-512-gb-ssd-windows-11-home-15itl05-thin-light-laptop/p/itmb0c26e7955864,2026-09-28T11:03:21.235502+00:00,valid
Lenovo,Lenovo IdeaCentre Tower 08IAS10,,,,Intel,Core Ultra 5 225,Core Ultra 5,1,,,,,Intel,Intel Graphics,Integrated,,,,,,16,DDR5,,,,,,,,,,,,,,,,,,,,,,,,,,,False,False,Windows 11 Home,True,,,,[],,,,False,False,False,1,99990.0,174490.0,74500.0,99990.0,137240.0,174490.0,2,flipkart,https://www.flipkart.com/lenovo-ideacentre-tower-08ias10-intel-core-ultra-5-225-16-gb-ram-integrated-graphics-graphics-512-ssd-capacity-windows-11-home-64-bit-mini/p/itm30424edc24211,2026-09-28T11:03:21.238522+00:00,valid
Lenovo,Lenovo IdeaPad Slim 5i,82XF003CIN,IdeaPad,,Intel,Core i5 13th Gen 13500H,Core i5,13,,,,,,,,,,,,,16,LPDDR5,,,,,,512,,,,,16.0,,,,,,,,,,,,,,,,False,False,Windows 11 Home,True,,,,[],,,,False,False,False,,72990.0,95000.0,22010.0,72990.0,83995.0,95000.0,6,flipkart,https://www.flipkart.com/lenovo-ideapad-slim-5i-intel-core-i5-13th-gen-13500h-16-gb-512-gb-ssd-windows-11-home-82xf003cin-thin-light-laptop/p/itma87912f92de1d,2026-09-28T11:03:21.241346+00:00,valid
Lenovo,Lenovo,83BF0043IN,,,Intel,Core i5 12th Gen 12450H,Core i5,12,,,,,,,,,,,,,16,LPDDR5,,,,,,1024,,,,,14.0,,,,,,,,,,,,,,,,False,False,Windows 11 Home,True,,,,[],,,,False,False,False,1,81599.0,99990.0,18391.0,81599.0,90794.5,99990.0,12,flipkart,https://www.flipkart.com/lenovo-intel-core-i5-12th-gen-12450h-16-gb-1-tb-ssd-windows-11-home-83bf0043in-thin-light-laptop/p/itmc63731ed924b8,2026-09-28T11:03:21.256060+00:00,valid
Lenovo,Lenovo IdeaPad Slim 1,15ALC7,IdeaPad,2021,AMD,Ryzen 5 Hexa Core 5500U,Ryzen 5,5,,,,,,,,,,,,,16,DDR4,,,,,,512,,,,,15.6,,,,,,,,,,,,,,,,False,False,Windows 11 Home,True,,,,[],,,,False,False,False,,,,,,,,0,flipkart,https://www.flipkart.com/lenovo-ideapad-slim-1-amd-ryzen-5-hexa-core-5500u-16-gb-512-gb-ssd-windows-11-home-15alc7-15alc6-thin-light-laptop/p/itm3680fb576eb7b,2026-09-28T11:03:21.342244+00:00,insufficient_sources
Lenovo,Lenovo THINKPAD E14 GEN 5,TP,ThinkPad,,AMD,Ryzen 5 Processor,Ryzen 5,,,,,,,,,,,,,,16,DDR4,,,,,,512,,,,,14.0,,,,,,,,,,,,,,,,False,False,Windows 11 Pro,True,,,,[],,,,False,False,False,,95606.0,100000.0,4394.0,95606.0,97803.0,100000.0,8,flipkart,https://www.flipkart.com/lenovo-thinkpad-e14-gen-5-amd-ryzen-7th-7430u-16-gb-512-gb-ssd-windows-11-pro-tp-ultra-slim-notebook-business-laptop/p/itm710669e44bbe2,2026-09-28T11:03:24.517532+00:00,valid
Lenovo,Lenovo THINKBOOK 16,,,,AMD,Ryzen 7 Octa Core,Ryzen 7,,,,,,,,,,,,,,16,LPDDR5,,,,,HDD,512,,,,,16.0,,,,,,,,,,,,,,,,False,False,Windows 11 Pro,True,,,,[],,,,False,False,False,,88999.0,99900.0,10901.0,88999.0,94449.5,99900.0,6,flipkart,https://www.flipkart.com/lenovo-thinkbook-16-amd-ryzen-7-octa-core-7th-gen-7735hs-16-gb-512-gb-hdd-512-ssd-windows-11-pro-thinbook-g7-arp-laptop/p/itmccd065cb21a4a,2026-09-28T11:24:44.084198+00:00,valid
Lenovo,Lenovo,ThinkBook,,,Intel,Core i5 13th Gen 1335U,Core i5,,,,,,,,,,,,,,16,DDR5,,,,,,512,,,,,16.0,,,,,,,,,,,,,,,,False,False,Windows 11 Home,True,,,,[],,,,False,False,False,,,,,,,,0,flipkart,https://www.flipkart.com/lenovo-intel-core-i5-13th-gen-1335u-16-gb-512-gb-ssd-windows-11-home-thinkbook-16-g6-thin-light-laptop/p/itm01aaa84e12847,2026-09-28T11:03:30.825433+00:00,insufficient_sources
Lenovo,Lenovo IdeaPad 3,14IAU7,IdeaPad,,Intel,Core i3 12th Gen 1215U,Core i3,,,,,,,,,,,,,,16,DDR4,,,,,,512,,,,,14.0,,,,,,,,,,,,,,,,False,False,Windows 11 Home,True,,,,[],,,,False,False,False,,,,,,,,0,flipkart,https://www.flipkart.com/lenovo-ideapad-3-intel-core-i3-12th-gen-1215u-16-gb-512-gb-ssd-windows-11-home-14iau7-thin-light-laptop/p/itm58722d471ef90,2026-09-28T11:03:30.838732+00:00,insufficient_sources
Lenovo,Lenovo Yoga 7 AI PC Metal Chasis with 1Yr ADP,,Yoga,,Intel,Core Ultra 5 125H,Core Ultra 5,1,,,,,,,,,,,,,16,LPDDR5X,,,,,,512,,,,,14.0,,,,,,,,,,True,,,,,,False,False,Windows 11,True,,,,[],,,,False,False,False,,122000.0,125000.0,3000.0,122000.0,123500.0,125000.0,4,flipkart,https://www.flipkart.com/lenovo-yoga-7-ai-pc-metal-chasis-1yr-adp-intel-core-ultra-5-125h-16-gb-512-gb-ssd-windows-11-home-14iml9-2-1-laptop/p/itm22ff5707b4da7,2026-09-28T11:03:38.463957+00:00,valid
Lenovo,Lenovo Yoga 7 OLED,14IRL8,Yoga,2021,Intel,Core i7 13th Gen 1360P,Core i7,,,,,,,,,,,,,,16,LPDDR5,,,,,,512,,,,,14.2,,,,,OLED,,,,,True,,,,,,False,False,Windows 11 Home,True,,,,[],,,,False,False,False,,121205.0,198999.0,77794.0,121205.0,160102.0,198999.0,6,flipkart,https://www.flipkart.com/lenovo-yoga-7-oled-intel-evo-core-i7-13th-gen-1360p-16-gb-512-gb-ssd-windows-11-home-14irl8-2-1-laptop/p/itm3cf756c3e7c1e,2026-09-28T11:03:38.484414+00:00,valid
Lenovo,Lenovo Yoga Slim 7 Ultra 7 155H WUXGA OLED,,Yoga,,Intel,Core Ultra 7 155H,Core Ultra 7,1,,,,,,,,,,,,,16,LPDDR5X,,,,,,1024,,,,,14.0,,,,,OLED,,,,,,,,,,,False,False,Windows 11 Home,True,,,,[],,,,False,False,False,,140000.0,185000.0,45000.0,140000.0,162500.0,185000.0,8,flipkart,https://www.flipkart.com/lenovo-yoga-slim-7-ultra-155h-wuxga-oled-intel-core-16-gb-1-tb-ssd-windows-11-home-14imh9-thin-light-laptop/p/itm77304edff3814,2026-09-28T11:03:38.487512+00:00,valid
Lenovo,Lenovo Yoga Slim 7 with 1Yr ADP,13IRP8,Yoga,,Intel,Core i7 13th Gen 1360P,Core i7,,,,,,,,,,,,,,16,LPDDR5,,,,,,1024,,,,,13.3,,,,,,,,,,True,,,,,,False,False,Windows 11 Home,True,,,,[],,,,False,False,False,,,,,,,,0,flipkart,https://www.flipkart.com/lenovo-yoga-slim-7-1yr-adp-intel-core-i7-13th-gen-1360p-16-gb-1-tb-ssd-windows-11-home-13irp8-thin-light-laptop/p/itm1117c330c932e,2026-09-28T11:03:38.490041+00:00,insufficient_sources
Lenovo,Lenovo Yoga 7 13th Gen 1340P WUXGA OLED,,Yoga,,Intel,Core i5 13th Gen 1340P,Core i5,,,,,,,,,,,,,,16,LPDDR5,,,,,,512,,,,,14.0,,,,,OLED,,,,,True,,,,,,False,False,Windows 11,True,,,,[],,,,False,False,False,,113049.0,121999.0,8950.0,113049.0,117524.0,121999.0,4,flipkart,https://www.flipkart.com/lenovo-yoga-7-13th-gen-1340p-wuxga-oled-intel-core-i5-16-gb-512-gb-ssd-windows-11-home-14irl8-2-1-laptop/p/itm3cf756c3e7c1e,2026-09-28T11:03:38.493047+00:00,valid
Lenovo,Lenovo Yoga 6 with 1Yr ADP,13ABR8,Yoga,,AMD,Ryzen 7 Octa Core 7730U,Ryzen 7,7,,,,,,,,,,,,,16,LPDDR4X,,,,,,1024,,,,,13.3,,,,,,,,,,True,,,,,,False,False,Windows 11 Home,True,,,,[],,,,False,False,False,,,,,,,,0,flipkart,https://www.flipkart.com/lenovo-yoga-6-1yr-adp-amd-ryzen-7-octa-core-7730u-16-gb-1-tb-ssd-windows-11-home-13abr8-2-1-laptop/p/itm0a5d2a15938e8,2026-09-28T11:03:38.499549+00:00,insufficient_sources
Lenovo,Lenovo Yoga Slim 6 with 1Yr ADP,14IRH,Yoga,,Intel,Core i7 13th Gen 13700H,Core i7,13,,,,,,,,,,,,,16,LPDDR5X,,,,,,1024,,,,,14.0,,,,,,,,,,,,,,,,False,False,Windows 11 Home,True,,,,[],,,,False,False,False,,109804.0,145999.0,36195.0,109804.0,127901.5,145999.0,10,flipkart,https://www.flipkart.com/lenovo-yoga-slim-6-1yr-adp-intel-core-i7-13th-gen-13700h-16-gb-1-tb-ssd-windows-11-home-14irh8-thin-light-laptop/p/itmae04103d75ff9,2026-09-28T11:03:38.506360+00:00,valid
Lenovo,Lenovo Yoga Slim 7 WUXGA OLED AI PC with 1Yr ADP,,Yoga,,Intel,Core Ultra 7 155H,Core Ultra 7,1,,,,,,,,,,,,,32,LPDDR5X,,,,,,1024,,,,,14.0,,,,,OLED,,,,,,,,,,,False,False,Windows 11,True,,,,[],,,,False,False,False,,,,,,,,0,flipkart,https://www.flipkart.com/lenovo-yoga-slim-7-wuxga-oled-ai-pc-1yr-adp-intel-core-ultra-155h-32-gb-1-tb-ssd-windows-11-home-14imh9-thin-light-laptop/p/itm77304edff3814,2026-09-28T11:03:38.512814+00:00,insufficient_sources
Lenovo,Lenovo Yoga Slim 7 Aura Edition OLED Display,,Yoga,2024,Intel,Core Ultra 5 226V,Core Ultra 5,2,,,,,,,,,,,,,16,LPDDR5X,,,,,,512,,,,,14.0,,,,,OLED,,,,,,,,,,,False,False,Windows 11 Home,True,,,,[],,,,False,False,False,,121990.0,124790.0,2800.0,121990.0,123390.0,124790.0,2,flipkart,https://www.flipkart.com/lenovo-yoga-slim-7-aura-oled-display-intel-core-ultra-5-226v-16-gb-512-gb-ssd-windows-11-home-14ill10-laptop/p/itm313c8ca892f4b,2026-09-28T11:03:38.519937+00:00,valid
Lenovo,Lenovo Yoga 7 WUXGA,,Yoga,,Intel,Core i7 13th Gen 1360P,Core i7,,,,,,,,,,,,,,16,LPDDR5,,,,,,1024,,,,,14.0,,,,,OLED,,,,,True,,,,,,False,False,Windows 11 Home,True,,,,[],,,,False,False,False,,,,,,,,0,flipkart,https://www.flipkart.com/lenovo-yoga-7-wuxga-oled-1yr-adp-intel-core-i7-13th-gen-1360p-16-gb-1-tb-ssd-windows-11-home-14irl8-2-1-laptop/p/itm3cf756c3e7c1e,2026-09-28T11:03:38.526368+00:00,insufficient_sources
Lenovo,Lenovo Yoga AI PC,13IMU9,Yoga,2021,Intel,Core Ultra 7 155U,Core Ultra 7,1,,,,,,,,,,,,,32,LPDDR5X,,,,,,1024,,,,,13.3,,,,,,,,,,True,,,,,,False,False,Windows 11 Home,True,,,,[],,,,False,False,False,,,,,,,,0,flipkart,https://www.flipkart.com/lenovo-yoga-ai-pc-intel-core-ultra-7-155u-32-gb-1-tb-ssd-windows-11-home-13imu9-2-1-laptop/p/itm924b2b121f9bd,2026-09-28T11:03:38.551251+00:00,insufficient_sources
Lenovo,Lenovo Yoga Slim 7 WUXGA OLED Copilot+PC Full Metal Body,,Yoga,2024,AMD,Ryzen AI 7 Octa Core AI 7 350 -,Ryzen AI,,,,,,,,,,,,,,32,LPDDR5X,,,,,,1024,,,,,14.0,,,,,OLED,,,,,,,,,,,False,False,Windows 11 Home,True,,,,[],,,,False,False,False,,174000.0,175990.0,1990.0,174000.0,174995.0,175990.0,4,flipkart,https://www.flipkart.com/lenovo-yoga-slim-7-wuxga-oled-copilot-pc-full-metal-body-amd-ryzen-ai-octa-core-350-32-gb-1-tb-ssd-windows-11-home-14akp10-thin-light-laptop/p/itm3ffdb3d8160dc,2026-09-28T11:03:38.555782+00:00,valid
Lenovo,Lenovo,83JX001MIN,,,Intel,MediaTek Core Ultra 7 13th Gen,Core Ultra 7,1,,,,,,,,,,,,,,,,,,,EMMC,1024,,,,,14.0,,,,,,,,,,True,,,,,,False,False,Windows 11 Home,True,,,,[],,,,False,False,False,,154890.0,218490.0,63600.0,154890.0,186690.0,218490.0,2,flipkart,https://www.flipkart.com/lenovo-mediatek-core-ultra-7-13th-gen-32-gb-1-tb-ssd-32-gb-emmc-storage-macos-ventura-83jx001min-laptop/p/itm04203645b2770,2026-09-28T11:03:38.558855+00:00,valid
Lenovo,Lenovo,15ILL9,,,,,,,,,,,,,,,,,,,32,LPDDR5,,,,,,1024,,,,,15.0,,,,,,,,,,,,,,,,False,False,Windows 11 Home,True,,,,[],,,,False,False,False,,149890.0,214500.0,64610.0,149890.0,182195.0,214500.0,4,flipkart,https://www.flipkart.com/lenovo-intel-core-ultra-7-14th-gen-32-gb-1-tb-ssd-windows-11-home-15ill9-laptop/p/itm7bcd4002d31c4,2026-09-28T11:03:38.565772+00:00,valid
Lenovo,Lenovo Yoga Slim 7x Next Gen AI PC 3K OLED Full Metal with 1Yr ADP,,Yoga,,Qualcomm,Snapdragon X Elite -,Snapdragon X,,,,,,,,,,,,,,32,LPDDR5X,,,,,,1024,,,,,14.5,,,,,OLED,,,,,True,,,,,,False,False,Windows 11,True,,,,[],,,,False,False,False,,180000.0,199999.0,19999.0,180000.0,189999.5,199999.0,2,flipkart,https://www.flipkart.com/lenovo-yoga-slim-7x-next-gen-ai-pc-3k-oled-full-metal-1yr-adp-snapdragon-x-elite-32-gb-1-tb-ssd-windows-11-home-14q8x9-thin-light-laptop/p/itm40b32c61775a9,2026-09-28T11:03:38.568853+00:00,valid
Lenovo,Lenovo,,,,AMD,Ryzen 7 Octa Core,Ryzen 7,,,,,,NVIDIA,NVIDIA GeForce RTX 3050,Discrete,,,,,,24,DDR5,,,,,,512,,,,,15.6,,,,,,,,,,,,,,,,False,False,Windows 11 Home,True,,,,[],,,,False,False,False,,118990.0,120990.0,2000.0,118990.0,119990.0,120990.0,10,flipkart,https://www.flipkart.com/lenovo-amd-ryzen-7-octa-core-24-gb-512-gb-ssd-windows-11-home-4-graphics-nvidia-geforce-rtx-3050a-loq-15arp9d2-gaming-laptop/p/itmf0d7200015d85,2026-09-28T11:03:38.571449+00:00,valid
Lenovo,Lenovo Yoga AI PC with 1Yr ADP,14IMH9,Yoga,2021,Intel,Core Ultra 7 155H,Core Ultra 7,1,,,,,,,,,,,,,32,LPDDR5X,,,,,,1024,,,,,14.0,,,,,,,,,,True,,,,,,False,False,Windows 11 Home,True,,,,[],,,,False,False,False,,,,,,,,0,flipkart,https://www.flipkart.com/lenovo-yoga-ai-pc-1yr-adp-intel-core-ultra-7-155h-32-gb-1-tb-ssd-windows-11-home-14imh9-2-1-laptop/p/itm71c2402890726,2026-09-28T11:03:38.573944+00:00,insufficient_sources
Lenovo,Lenovo Yoga Slim 6 WUXGA OLED with 1Yr ADP,,Yoga,,Intel,Core i5 13th Gen 13500H,Core i5,13,,,,,,,,,,,,,16,LPDDR5X,,,,,,512,,,,,14.0,,,,,OLED,,,,,,,,,,,False,False,Windows 11,True,,,,[],,,,False,False,False,,118906.0,138999.0,20093.0,118906.0,128952.5,138999.0,2,flipkart,https://www.flipkart.com/lenovo-yoga-slim-6-wuxga-oled-1yr-adp-intel-core-i5-13th-gen-13500h-16-gb-512-gb-ssd-windows-11-home-14irh8-thin-light-laptop/p/itmae04103d75ff9,2026-09-28T11:03:38.584393+00:00,valid
Lenovo,Lenovo LOQ,,LOQ,,Intel,Core i7 13th Gen,Core i7,,,,,,,,,,,,,,16,DDR5,,,,,,512,,,,,15.6,,,,,,,,,,,,,,,,False,False,Windows 11 Home,True,,,,[],,,,False,False,False,,170990.0,280690.0,109700.0,170990.0,225840.0,280690.0,18,flipkart,https://www.flipkart.com/lenovo-loq-intel-core-i7-13th-gen-i7-13650hx-16-gb-512-gb-ssd-windows-11-home-6-graphics-nvidia-geforce-rtx-4050-144-hz-15irx9-gaming-laptop/p/itm61da51077426d,2026-09-28T11:03:38.592398+00:00,valid
Lenovo,Lenovo,LOQ,,,AMD,Ryzen 7 Octa Core,Ryzen 7,,,,,,,,,,,,,,16,DDR5,,,,,,512,,,,,15.6,,,,,,,,,,,,,,,,False,False,Windows 11,True,,,,[],,,,False,False,False,,114990.0,144790.0,29800.0,114990.0,129890.0,144790.0,8,flipkart,https://www.flipkart.com/lenovo-amd-ryzen-7-octa-core-170-16-gb-512-gb-ssd-android-11-6-graphics-loq-essential-2-1-laptop/p/itmb71f5c6d511cf,2026-09-28T11:03:38.598214+00:00,valid
Lenovo,Lenovo Yoga Slim Series,83CV008LIN,Yoga,,Intel,Core Ultra 5 125H,Core Ultra 5,1,,,,,,,,,,,,,16,DDR5,,,,,,1024,,,,,14.0,,,,,,,,,,,,,,,,False,False,Windows 11 Home,True,,,,[],,,,False,False,False,1,119890.0,134900.0,15010.0,119890.0,127395.0,134900.0,6,flipkart,https://www.flipkart.com/lenovo-yoga-slim-series-intel-core-ultra-5-125h-16-gb-1-tb-ssd-windows-11-home-83cv008lin-thin-light-laptop/p/itm32c8af6b9eb10,2026-09-28T11:03:38.601421+00:00,valid
Lenovo,Lenovo LoQ Essential,,LOQ,2024,AMD,Ryzen 7 Octa Core,Ryzen 7,,,,,,,,,,,,,,16,DDR5,,,,,,512,,,,,15.6,,,,,,,,,,,,,,,,False,False,Windows 11 Home,True,,,,[],,,,False,False,False,,133890.0,144744.0,10854.0,133890.0,139317.0,144744.0,8,flipkart,https://www.flipkart.com/lenovo-loq-essential-amd-ryzen-7-octa-core-170-16-gb-512-gb-ssd-windows-11-home-6-graphics-nvidia-geforce-rtx-4050-15arp10e-gaming-laptop/p/itm2349045bb6ca1,2026-09-28T11:03:40.000163+00:00,valid
Lenovo,Lenovo Yoga with 1Yr ADP,Yoga,Yoga,,Intel,Core i7 10th Gen 1065G,Core i7,,,,,,,,,,,,,,16,LPDDR4X,,,,,,1024,,,,,14.0,,,,,,,,,,,,,,,,False,False,Windows 10,True,,,,[],,,,False,False,False,,,,,,,,0,flipkart,https://www.flipkart.com/lenovo-yoga-1yr-adp-intel-core-i7-10th-gen-1065g7-16-gb-1-tb-ssd-windows-10-home-s940-14iil-thin-light-laptop/p/itma320fbdc4b341,2026-09-28T11:03:40.014553+00:00,insufficient_sources
Lenovo,Lenovo Workstation P15v,,,,Intel,Core i7 12th Gen 12800H,Core i7,12,,,,,,,,,,,,,16,DDR5,,,,,,1024,,,,,15.6,,,,,,,,,,,,,,,,False,False,Windows 11 Pro,True,,,,[],,,,False,False,False,,,,,,,,0,flipkart,https://www.flipkart.com/lenovo-workstation-p15v-intel-core-i7-12th-gen-12800h-16-gb-1-tb-ssd-windows-11-pro-4-gb-graphics-tp-gen3-laptop/p/itm4db050f31d127,2026-09-28T11:03:40.017421+00:00,insufficient_sources
Lenovo,Lenovo Ideapad 720S,720S-13IKB,IdeaPad,,Intel,Core i7 8th Gen 8550U,Core i7,,,,,,,,,,,,,,8,DDR4,,,,,,512,,,,,13.3,,,,,,,,,,,,,,,,False,False,Windows 10,True,,,,[],,,,False,False,False,,,,,,,,0,flipkart,https://www.flipkart.com/lenovo-ideapad-720s-intel-core-i7-8th-gen-8550u-8-gb-512-gb-ssd-windows-10-home-720s-13ikb-thin-light-laptop/p/itme82f9ae696ed5,2026-09-28T11:03:40.020490+00:00,insufficient_sources
Lenovo,Lenovo,83D,,,Intel,Core i5 13th Gen,Core i5,,,,,,NVIDIA,RTX 3050,Discrete,,,,,,24,DDR5,,,,,,512,,,,,15.6,,,,,,,,,,,,,,,,False,False,Windows 11 Home,True,,,,[],,,,False,False,False,1,129990.0,140000.0,10010.0,129990.0,134995.0,140000.0,4,flipkart,https://www.flipkart.com/lenovo-intel-core-i5-13th-gen-24-gb-512-gb-ssd-windows-11-home-nvidia-geforce-rtx-3050-6gb-83dv00x6in-gaming-laptop/p/itmeecae88789330,2026-09-28T11:03:46.064744+00:00,valid
Lenovo,Lenovo LOQ 2025,,LOQ,2025,AMD,Ryzen 7 Octa Core,Ryzen 7,,,,,,,,,,,,,,16,DDR5,,,,,,512,,,,,15.6,,,,,,,,,,,,,,,,False,False,Windows 11 Home,True,,,,[],,,,False,False,False,,165490.0,291490.0,126000.0,165490.0,228490.0,291490.0,18,flipkart,https://www.flipkart.com/lenovo-loq-2025-amd-ryzen-7-octa-core-250-16-gb-512-gb-ssd-windows-11-home-8-graphics-nvidia-geforce-rtx-5050-15ahp10-gaming-laptop/p/itm4f1c5a47cce97,2026-09-28T11:03:47.817921+00:00,valid
Lenovo,Lenovo LOQ,,LOQ,,AMD,Ryzen 5 Quad Core 7235HS,Ryzen 5,7,,,,,,,,,,,,,12,DDR5,,,,,,512,,,,,15.6,,,,,,,,,,,,,,,,False,False,Windows 11 Home,True,,,,[],,,,False,False,False,,99990.0,110000.0,10010.0,99990.0,104995.0,110000.0,4,flipkart,https://www.flipkart.com/lenovo-loq-amd-ryzen-5-quad-core-7235hs-12-gb-512-gb-ssd-windows-11-home-6-graphics-nvidia-geforce-rtx-3050-144-hz-95-w-15arp9-gaming-laptop/p/itmd3fbbdced2d6b,2026-09-28T11:03:47.891710+00:00,valid
Lenovo,Lenovo,15IAH8,,,Intel,Core i5 12th Gen,Core i5,,,,,,,,,,,,,,16,LPDDR5,,,,,,512,,,,,15.6,,,,,,,,,,,,,,,,False,False,Windows 11 Home,True,,,,[],,,,False,False,False,,78990.0,79999.0,1009.0,78990.0,79494.5,79999.0,4,flipkart,https://www.flipkart.com/lenovo-intel-core-i5-12th-gen-16-gb-512-gb-ssd-windows-11-home-15iah8-thin-light-laptop/p/itmf07ffd39ea2fe,2026-09-28T11:03:47.896419+00:00,valid
Lenovo,Lenovo V15,V15,,,Intel,Core i5 13th Gen 1315U,Core i5,,,,,,,,,,,,,,8,DDR4,,,,,,512,,,,,15.6,,,,,,,,,,,,,,,,False,False,Windows 11 Home,True,,,,[],,,,False,False,False,,65841.0,72000.0,6159.0,65841.0,68920.5,72000.0,4,flipkart,https://www.flipkart.com/lenovo-v15-intel-core-i5-13th-gen-1315u-8-gb-512-gb-ssd-windows-11-home-g5-irl-thin-light-laptop/p/itmf34514fba8389,2026-09-28T11:03:47.937846+00:00,valid
Lenovo,Lenovo,,,,Intel,Core i5 11th Gen 11320H,Core i5,11,,,,,,,,,,,,,8,DDR4,,,,,,512,,,,,15.6,,,,,,,,,,,,,,,,False,False,Windows 11 Home,True,,,,[],,,,False,False,False,1,71795.0,79990.0,8195.0,71795.0,75892.5,79990.0,8,flipkart,https://www.flipkart.com/lenovo-intel-core-i5-11th-gen-11320h-8-gb-512-gb-ssd-windows-11-home-4-graphics-nvidia-geforce-rtx-nvidia-2050-82k101r9in-gaming-laptop/p/itm2db73402169ba,2026-09-28T11:03:49.771454+00:00,valid
Lenovo,Lenovo,,,,AMD,Ryzen AI 5 Hexa Core 7th Gen -,Ryzen AI,,,,,,,,,,,,,,12,LPDDR5,,,,,,512,,,,,15.6,,,,,,,,,,,,,,,,False,False,Windows 11 Home,True,,,,[],,,,False,False,False,,110200.0,121999.0,11799.0,110200.0,116099.5,121999.0,10,flipkart,https://www.flipkart.com/lenovo-amd-ryzen-ai-5-hexa-core-7th-gen-12-gb-512-gb-ssd-windows-11-home-6-graphics-nvidia-geforce-rtx-nvidia-3050-6gb-83jc00eein-gaming-laptop/p/itm65b83913e1d16,2026-09-28T11:03:49.827474+00:00,valid
Lenovo,Lenovo V14,V14,,,Intel,Core i5 12th Gen,Core i5,,,,,,,,,,,,,,8,DDR4,,,,,,512,,,,,14.0,,,,,,,,,,,,,,,,False,False,Windows 11 Home,True,,,,[],,,,False,False,False,,62990.0,69990.0,7000.0,62990.0,66490.0,69990.0,8,flipkart,https://www.flipkart.com/lenovo-v14-intel-core-i5-12th-gen-8-gb-512-gb-ssd-windows-11-home-business-laptop/p/itm26138c67d404e,2026-09-28T11:03:49.832966+00:00,valid
Lenovo,Lenovo IdeaPad Slim 3i,83K100CAIN,IdeaPad,2024,Intel,Core i5 13th Gen 13420H,Core i5,13,,,,,,,,,,,,,8,DDR5,,,,,,512,,,,,15.3,,,,,,,,,,,,,,,,False,False,Windows 11 Home,True,,,,[],,,,False,False,False,1,71990.0,85000.0,13010.0,71990.0,78495.0,85000.0,6,flipkart,https://www.flipkart.com/lenovo-ideapad-slim-3i-intel-core-i5-13th-gen-13420h-8-gb-512-gb-ssd-windows-11-home-83k100cain-thin-light-laptop/p/itmeed59711b3ff3,2026-09-28T11:03:49.852434+00:00,valid
Lenovo,Lenovo Legion 5 WQXGA OLED,WQXGA,Legion,2026,AMD,Ryzen 7 Octa Core,Ryzen 7,,,,,,,,,,,,,,16,DDR5,,,,,,512,,,,,15.3,,,,,OLED,,,,,,,,,,,False,False,Windows 11 Home,True,,,,[],,,,False,False,False,,239490.0,377890.0,138400.0,239490.0,308690.0,377890.0,20,flipkart,https://www.flipkart.com/lenovo-legion-5-2026-wqxga-oled-amd-ryzen-7-octa-core-250-16-gb-512-gb-ssd-windows-11-home-8-graphics-nvidia-geforce-rtx-5060-15ahp11-gaming-laptop/p/itm36608ea14a70c,2026-09-28T11:03:52.961253+00:00,valid
Lenovo,Lenovo V15,V15,,2021,AMD,Ryzen 5 Quad Core,Ryzen 5,,,,,,,,,,,,,,16,DDR5,,,,,,512,,,,,15.6,,,,,,,,,,,,,,,,False,False,Windows 11 Pro,True,,,,[],,,,False,False,False,,61745.0,62990.0,1245.0,61745.0,64342.8,69990.0,10,flipkart,https://www.flipkart.com/lenovo-v15-amd-ryzen-5-quad-core-16-gb-512-gb-ssd-windows-11-pro-thin-light-laptop/p/itmd7282dfaeb5de,2026-09-28T11:03:55.232181+00:00,valid
Lenovo,Lenovo Legion Pro 5 WQXGA OLED,,Legion,2024,AMD,Ryzen 9,Ryzen 9,,,,,,,,,,,,,,32,DDR5,,,,,,1024,,,,,16.0,,,,,OLED,,,,,,,,,,,False,False,Windows 11 Home,True,,,,[],,,,False,False,False,,266490.0,293890.0,27400.0,266490.0,280190.0,293890.0,10,flipkart,https://www.flipkart.com/lenovo-legion-pro-5-wqxga-oled-amd-ryzen-9-16-core-9955hx-32-gb-1-tb-ssd-windows-11-home-8-gb-graphics-nvidia-geforce-rtx-5070-16afr10-gaming-laptop/p/itm486199e140e02,2026-09-28T11:03:53.010155+00:00,valid
Lenovo,Lenovo Legion Pro 5 WQXGA OLED,,Legion,2024,Intel,Core Ultra 7 255,Core Ultra 7,1,,,,,,,,,,,,,32,DDR5,,,,,,1024,,,,,16.0,,,,,OLED,,,,,,,,,,,False,False,Windows 11 Home,True,,,,[],,,,False,False,False,,229990.0,265890.0,35900.0,229990.0,247940.0,265890.0,8,flipkart,https://www.flipkart.com/lenovo-legion-pro-5-wqxga-oled-intel-core-ultra-7-255-hx-32-gb-1-tb-ssd-windows-11-home-8-gb-graphics-nvidia-geforce-rtx-5060-165-hz-16iax10-gaming-laptop/p/itmf1e17d322f275,2026-09-28T11:03:53.032984+00:00,valid
Lenovo,Lenovo,15ACL6,,,AMD,Ryzen 5 Hexa Core,Ryzen 5,,,,,,,,,,,,,,8,DDR4,,,,,,512,,,,,15.6,,,,,,,,,,,,,,,,False,False,Windows 11 Home,True,,,,[],,,,False,False,False,,61980.0,65900.0,3920.0,61980.0,63940.0,65900.0,2,flipkart,https://www.flipkart.com/lenovo-amd-ryzen-5-hexa-core-8-gb-512-gb-ssd-windows-11-home-15acl6-15alc7-2-thin-light-laptop/p/itm23a376c7867c4,2026-09-28T11:03:55.006208+00:00,valid
Lenovo,Lenovo Legion 5,,Legion,2024,AMD,Ryzen 7 Octa Core,Ryzen 7,,,,,,,,,,,,,,16,DDR5,,,,,,1024,,,,,15.6,,,,,,,,,,,,,,,,False,False,Windows 11 Home,True,,,,[],,,,False,False,False,,182990.0,206390.0,23400.0,182990.0,194690.0,206390.0,8,flipkart,https://www.flipkart.com/lenovo-legion-5-amd-ryzen-7-octa-core-260-16-gb-1-tb-ssd-windows-11-home-8-gb-graphics-nvidia-geforce-rtx-5050-165-hz-15ahp10-gaming-laptop/p/itm23e745ed4d57a,2026-09-28T11:03:55.034625+00:00,valid
Lenovo,Lenovo,G4,,,AMD,Ryzen 3 Octa Core,Ryzen 3,,,,,,,,,,,,,,8,DDR4,,,,,,512,,,,,14.0,,,,,,,,,,,,,,,,False,False,Windows 11 Home,True,,,,[],,,,False,False,False,,53755.0,67990.0,14235.0,53755.0,60872.5,67990.0,10,flipkart,https://www.flipkart.com/lenovo-amd-ryzen-3-octa-core-8-gb-512-gb-ssd-windows-11-home-g4-82yta00xin-laptop/p/itm26138c67d404e,2026-09-28T11:03:55.074666+00:00,valid
Lenovo,Lenovo Legion 5 2025,,Legion,2025,AMD,Ryzen 7 Octa Core,Ryzen 7,,,,,,,,,,,,,,16,DDR5,,,,,,1024,,,,,15.3,,,,,,,,,,,,,,,,False,False,Windows 11 Home,True,,,,[],,,,False,False,False,,186490.0,206390.0,19900.0,186490.0,196440.0,206390.0,12,flipkart,https://www.flipkart.com/lenovo-legion-5-2025-amd-ryzen-7-octa-core-260-16-gb-1-tb-ssd-windows-11-home-8-gb-graphics-nvidia-geforce-rtx-5060-165-hz-15ahp10-gaming-laptop/p/itm07fa55fee8239,2026-09-28T11:03:55.085190+00:00,valid
Lenovo,Lenovo,15ADA7,,,AMD,Ryzen 5 Quad Core,Ryzen 5,,,,,,,,,,,,,,8,DDR4,,,,,,512,,,,,15.6,,,,,,,,,,,,,,,,False,False,Windows 11 Home,True,,,,[],,,,False,False,False,,61900.0,65999.0,4099.0,61900.0,63949.5,65999.0,4,flipkart,https://www.flipkart.com/lenovo-amd-ryzen-5-quad-core-8-gb-512-gb-ssd-windows-11-home-15ada7-thin-light-laptop/p/itmc3fae5f29cac8,2026-09-28T11:03:55.099526+00:00,valid
Lenovo,Lenovo IdeaPad 1 MSO'2024,,IdeaPad,2024,AMD,Ryzen 5 Hexa Core 5625U,Ryzen 5,5,,,,,,,,,,,,,16,DDR4,,,,,,512,,,,,15.6,,,,,,,,,,,,,,,,False,False,Windows 11,True,,,,[],,,,False,False,False,,,,,,,,0,flipkart,https://www.flipkart.com/lenovo-ideapad-1-mso-2024-amd-ryzen-5-hexa-core-5625u-16-gb-512-gb-ssd-windows-11-home-15alc7-thin-light-laptop/p/itm2497ecfab3999,2026-09-28T11:03:55.103724+00:00,insufficient_sources
Lenovo,Lenovo IdeaPad Slim 3,IdeaPad,IdeaPad,2024,AMD,Ryzen 5 Hexa Core 5625U,Ryzen 5,5,,,,,,,,,,,,,16,DDR4,,,,,,512,,,,,15.6,,,,,,,,,,,,,,,,False,False,Windows 11 Home,True,,,,[],,,,False,False,False,,62991.0,69990.0,6999.0,62991.0,66490.5,69990.0,4,flipkart,https://www.flipkart.com/lenovo-ideapad-slim-3-amd-ryzen-5-hexa-core-5625u-16-gb-512-gb-ssd-windows-11-home-15abr8-thin-light-laptop/p/itm9a4b6aa8446d2,2026-09-28T11:03:56.965102+00:00,valid
Lenovo,Lenovo,15AMN7,,,AMD,Ryzen 5 Quad Core,Ryzen 5,,,,,,,,,,,,,,8,LPDDR5,,,,,,512,,,,,15.6,,,,,,,,,,,,,,,,False,False,Windows 11 Home,True,,,,[],,,,False,False,False,,61900.0,69999.0,8099.0,61900.0,65949.5,69999.0,4,flipkart,https://www.flipkart.com/lenovo-amd-ryzen-5-quad-core-8-gb-512-gb-ssd-windows-11-home-15amn7-thin-light-laptop/p/itma9b7b4360705b,2026-09-28T11:03:56.982554+00:00,valid
Lenovo,Lenovo Legion 5 WQXGA OLED,,Legion,,Intel,Core Ultra 9 275HX,Core Ultra 9,1,,,,,,,,,,,,,32,DDR5,,,,,,1024,,,,,15.1,,,,,OLED,,,,,,,,,,,False,False,Windows 11 Home,True,,,,[],,,,False,False,False,,243490.0,269390.0,25900.0,243490.0,256440.0,269390.0,4,flipkart,https://www.flipkart.com/lenovo-legion-5-wqxga-oled-intel-core-ultra-9-275hx-32-gb-1-tb-ssd-windows-11-home-8-gb-graphics-nvidia-geforce-rtx-5070-15iax10-gaming-laptop/p/itm91bf7d46b06e9,2026-09-28T11:03:59.690251+00:00,valid
Lenovo,Lenovo Legion 5,,Legion,2024,Intel,Core i7 13650HX,Core i7,13,,,,,,,,,,,,,16,DDR5,,,,,,512,,,,,15.3,,,,,,,,,,,,,,,,False,False,Windows 11 Home,True,,,,[],,,,False,False,False,,169990.0,188890.0,18900.0,169990.0,179440.0,188890.0,12,flipkart,https://www.flipkart.com/lenovo-legion-5-intel-core-i7-13650hx-16-gb-512-gb-ssd-windows-11-home-8-graphics-nvidia-geforce-rtx-5050-15irx10-gaming-laptop/p/itm0e06b33205d2e,2026-09-28T11:03:59.708638+00:00,valid
Lenovo,Lenovo Legion Pro 5 WUXGA IPS,,Legion,2024,Intel,Core i9 14900HX,Core i9,14,,,,,,,,,,,,,32,DDR5,,,,,,1024,,,,,16.0,,,,,IPS,,,,,,,,,,,False,False,Windows 11 Home,True,,,,[],,,,False,False,False,,245490.0,331690.0,86200.0,245490.0,288590.0,331690.0,10,flipkart,https://www.flipkart.com/lenovo-legion-pro-5-wuxga-ips-intel-core-i9-14900hx-32-gb-1-tb-ssd-windows-11-home-8-gb-graphics-nvidia-geforce-rtx-5070-16irx10-gaming-laptop/p/itmd6cbbbf158391,2026-09-28T11:03:59.718075+00:00,valid
Lenovo,Lenovo Legion Pro 5 WQXGA OLED,,Legion,2024,Intel,Core Ultra 7 255HX,Core Ultra 7,1,,,,,,,,,,,,,32,DDR5,,,,,,1024,,,,,16.0,,,,,OLED,,,,,,,,,,,False,False,Windows 11 Home,True,,,,[],,,,False,False,False,,228490.0,309290.0,80800.0,228490.0,268890.0,309290.0,2,flipkart,https://www.flipkart.com/lenovo-legion-pro-5-wqxga-oled-intel-core-ultra-7-255hx-32-gb-1-tb-ssd-windows-11-home-8-gb-graphics-nvidia-geforce-rtx-5070-16iax10-gaming-laptop/p/itme0d58ddda3be2,2026-09-28T11:03:59.736041+00:00,valid
Lenovo,Lenovo Legion 7i,,Legion,,Intel,Core i7 10th Gen 10875H,Core i7,10,,,,,,,,,,,,,16,DDR4,,,,,,1024,,,,,15.6,,,,,,,,,,,,,,,,False,False,Windows 10,True,,,,[],,,,False,False,False,,,,,,,,0,flipkart,https://www.flipkart.com/lenovo-legion-7i-intel-core-i7-10th-gen-10875h-16-gb-1-tb-ssd-windows-10-home-8-gb-graphics-nvidia-geforce-rtx-2080-super-max-q-144-hz-15imhg05-gaming-laptop/p/itm48b72e2122ecd,2026-09-28T11:03:59.745421+00:00,insufficient_sources
Lenovo,Lenovo Lenovo Legion 9,,Legion,2021,Intel,Core i9 14th Gen 14900HX,Core i9,14,,,,,,,,,,,,,64,DDR5,,,,,,2048,,,,,16.0,,,,,,,,,,,,,,,,False,False,Windows 11 Home,True,,,,[],,,,False,False,False,,390999.0,599890.0,208891.0,390999.0,495444.5,599890.0,8,flipkart,https://www.flipkart.com/lenovo-legion-9-intel-core-i9-14th-gen-14900hx-64-gb-2-tb-ssd-windows-11-home-16-gb-graphics-nvidia-geforce-rtx-4090-16irx9-gaming-laptop/p/itm83a82923ad378,2026-09-28T11:04:01.636486+00:00,valid
Lenovo,Lenovo Legion Pro 7,,Legion,2024,,,,,,,,,,,,,,,,,32,DDR5,,,,,,1024,,,,,16.0,,,,,,,,,,,,,,,,False,False,Windows 11 Home,True,,,,[],,,,False,False,False,,483490.0,535390.0,51900.0,483490.0,509440.0,535390.0,12,flipkart,https://www.flipkart.com/lenovo-legion-pro-7-intel-core-ultra-9-9th-gen-275hx-32-gb-1-tb-ssd-windows-11-home-24-gb-graphics-nvidia-geforce-rtx-5090-16iax10h-gaming-laptop/p/itm9f4829566a322,2026-09-28T11:04:01.639807+00:00,valid
HP,HP 15s,15s-fr4001TU,,,Intel,Core i5 11th Gen 1155G,Core i5,,,,,,,,,,,,,,16,DDR4,,,,,,512,,,,,15.6,,,,,,,,,,,,,,,,False,False,Windows 11 Home,True,,,,[],,,,False,False,False,,72990.0,75327.0,2337.0,72990.0,74158.5,75327.0,10,flipkart,https://www.flipkart.com/hp-15s-intel-core-i5-11th-gen-1155g7-16-gb-512-gb-ssd-windows-11-home-15s-fr4001tu-thin-light-laptop/p/itm4f450720f23b3,2026-09-28T11:04:05.757756+00:00,valid
HP,HP 15s,15s-du3517TU,,,Intel,Core i5 11th Gen 1135G,Core i5,,,,,,,,,,,,,,8,DDR4,,,,,,512,,,,,15.6,,,,,,,,,,,,,,,,False,False,Windows 11 Home,True,,,,[],,,,False,False,False,,64312.0,72999.0,8687.0,64312.0,72348.17,75399.0,6,flipkart,https://www.flipkart.com/hp-15s-intel-core-i5-11th-gen-1135g7-8-gb-512-gb-ssd-windows-11-home-15s-du3517tu-thin-light-laptop/p/itm8a058adbb8764,2026-09-28T11:04:05.762197+00:00,valid
HP,HP 15s,15s-fy5002TU,,,Intel,Core i5 12th Gen 1235U,Core i5,,,,,,,,,,,,,,8,DDR4,,,,,,512,,,,,15.6,,,,,,,,,,,,,,,,False,False,Windows 11 Home,True,,,,[],,,,False,False,False,,,,,,,,0,flipkart,https://www.flipkart.com/hp-15s-intel-core-i5-12th-gen-1235u-8-gb-512-gb-ssd-windows-11-home-15s-fy5002tu-thin-light-laptop/p/itm9046eaf5a4af9,2026-09-28T11:04:05.776758+00:00,insufficient_sources
HP,HP 15s,15s-fq5330TU,,,Intel,Core i5 12th Gen 1235U,Core i5,,,,,,,,,,,,,,16,DDR4,,,,,,512,,,,,15.6,,,,,,,,,,,,,,,,False,False,Windows 11 Home,True,,,,[],,,,False,False,False,,,,,,,,0,flipkart,https://www.flipkart.com/hp-15s-intel-core-i5-12th-gen-1235u-16-gb-512-gb-ssd-windows-11-home-15s-fq5330tu-15-fd0111tu-thin-light-laptop/p/itm5b5f94f7b044c,2026-09-28T11:04:05.782904+00:00,insufficient_sources
HP,HP 15s,fy5008TU,,,Intel,Core i5 12th Gen 1235U,Core i5,,,,,,,,,,,,,,8,DDR4,,,,,,512,,,,,15.6,,,,,,,,,,,,,,,,False,False,Windows 11 Home,True,,,,[],,,,False,False,False,,,,,,,,0,flipkart,https://www.flipkart.com/hp-15s-intel-core-i5-12th-gen-1235u-8-gb-512-gb-ssd-windows-11-home-fy5008tu-thin-light-laptop/p/itm8d69b349edfda,2026-09-28T11:04:05.786169+00:00,insufficient_sources
HP,HP 15s,15-fd0011TU,,,Intel,Core i5 13th Gen 1335U,Core i5,,,,,,,,,,,,,,8,DDR4,,,,,,512,,,,,15.6,,,,,,,,,,,,,,,,False,False,Windows 11 Home,True,,,,[],,,,False,False,False,,72990.0,85990.0,13000.0,72990.0,79490.0,85990.0,2,flipkart,https://www.flipkart.com/hp-15s-intel-core-i5-13th-gen-1335u-8-gb-512-gb-ssd-windows-11-home-15-fd0011tu-thin-light-laptop/p/itme3568fa69de98,2026-09-28T11:04:05.789437+00:00,valid
HP,HP 15s,15S-FQ5202TU,,,Intel,Core i5 12th Gen,Core i5,,,,,,,,,,,,,,8,DDR4,,,,,,512,,,,,15.6,,,,,,,,,,,,,,,,False,False,Windows 11 Home,True,,,,[],,,,False,False,False,,72990.0,75990.0,3000.0,72990.0,74490.0,75990.0,2,flipkart,https://www.flipkart.com/hp-15s-intel-core-i5-12th-gen-8-gb-512-gb-ssd-windows-11-home-15s-fq5202tu-thin-light-laptop/p/itma5bc84556fdc9,2026-09-28T11:04:05.792543+00:00,valid
HP,HP 15s,15s-fq5111TU,,,Intel,Core i5 12th Gen 1235U,Core i5,,,,,,,,,,,,,,8,DDR4,,,,,,512,,,,,15.6,,,,,,,,,,,,,,,,False,False,Windows 11 Home,True,,,,[],,,,False,False,False,,72990.0,75899.0,2909.0,72990.0,74444.5,75899.0,2,flipkart,https://www.flipkart.com/hp-15s-intel-core-i5-12th-gen-1235u-8-gb-512-gb-ssd-windows-11-home-15s-fq5111tu-thin-light-laptop/p/itm24a6aa9829cd2,2026-09-28T11:04:05.797309+00:00,valid
HP,HP 15s,15-fd0022TU,,,Intel,Core i5 13th Gen 1335U,Core i5,,,,,,,,,,,,,,8,DDR4,,,,,,512,,,,,15.6,,,,,,,,,,,,,,,,False,False,Windows 11 Home,True,,,,[],,,,False,False,False,,72990.0,82790.0,9800.0,72990.0,79940.0,89990.0,4,flipkart,https://www.flipkart.com/hp-15s-intel-core-i5-13th-gen-1335u-8-gb-512-gb-ssd-windows-11-home-15-fd0022tu-thin-light-laptop/p/itm502d7b3d6e226,2026-09-28T11:04:05.800404+00:00,valid
HP,HP 15s,15s-FQ2075TU,,,Intel,Core i3 11th Gen 1115G,Core i3,,,,,,,,,,,,,,8,DDR4,,,,,,256,,,,,15.6,,,,,,,,,,,,,,,,False,False,Windows 11 Home,True,,,,[],,,,False,False,False,,57990.0,59000.0,1010.0,57990.0,58694.8,59999.0,10,flipkart,https://www.flipkart.com/hp-15s-intel-core-i3-11th-gen-1115g4-8-gb-256-gb-ssd-windows-11-home-15s-fq2075tu-thin-light-laptop/p/itmdce6afa2e1b0d,2026-09-28T11:04:05.826212+00:00,valid
HP,HP 15s,15-fd0013TU,,,Intel,Core i5 13th Gen 1334U,Core i5,,,,,,,,,,,,,,16,DDR4,,,,,,512,,,,,15.6,,,,,,,,,,,,,,,,False,False,Windows 11 Home,True,,,,[],,,,False,False,False,,79990.0,86100.0,6110.0,79990.0,83045.0,86100.0,2,flipkart,https://www.flipkart.com/hp-15s-intel-core-i5-13th-gen-1334u-16-gb-512-gb-ssd-windows-11-home-15-fd0013tu-thin-light-laptop/p/itm884f106d6502a,2026-09-28T11:04:08.258760+00:00,valid
Lenovo,Lenovo Chromebook,14M868,,,MediaTek,Kompanio 520,Kompanio,,,,,,,,,,,,,,4,LPDDR4X,,,,,EMMC,,,,,,14.0,,,,,,,,,,,,,,,,False,False,Chrome OS,False,,,,[],,,,False,False,False,,26990.0,57390.0,30400.0,26990.0,42190.0,57390.0,32,flipkart,https://www.flipkart.com/lenovo-chromebook-mediatek-kompanio-520-4-gb-128-gb-emmc-storage-chrome-os-14m868/p/itm4dc67999fe3de,2026-09-28T11:04:08.233705+00:00,valid
HP,HP 15s,15s-FQ2535TU,,,Intel,Core i5 11th Gen 1135G,Core i5,,,,,,,,,,,,,,8,DDR4,,,,,,512,,,,,15.6,,,,,,,,,,,,,,,,False,False,Windows 10,True,,,,[],,,,False,False,False,,61659.0,69688.0,8029.0,61659.0,69984.0,75699.0,4,flipkart,https://www.flipkart.com/hp-15s-intel-core-i5-11th-gen-1135g7-8-gb-512-gb-ssd-windows-10-home-15s-fq2535tu-thin-light-laptop/p/itm129db83c32a71,2026-09-28T11:04:08.242216+00:00,valid
HP,HP 15s,15s-dy3501TU,,,Intel,Core i3 11th Gen 1125G,Core i3,,,,,,,,,,,,,,8,DDR4,,,,,,512,,,,,15.6,,,,,,,,,,,,,,,,False,False,Windows 11 Home,True,,,,[],,,,False,False,False,,54990.0,68990.0,14000.0,54990.0,60442.25,68990.0,4,flipkart,https://www.flipkart.com/hp-15s-intel-core-i3-11th-gen-1125g4-8-gb-512-gb-ssd-windows-11-home-15s-dy3501tu-thin-light-laptop/p/itm8a058adbb8764,2026-09-28T11:04:08.267682+00:00,valid
HP,HP 15s,15-fd0012TU,,,Intel,Core i5 13th Gen 1335U,Core i5,,,,,,,,,,,,,,8,DDR4,,,,,,1024,,,,,15.6,,,,,,,,,,,,,,,,False,False,Windows 11 Home,True,,,,[],,,,False,False,False,,79990.0,89990.0,10000.0,79990.0,85740.0,89990.0,8,flipkart,https://www.flipkart.com/hp-15s-intel-core-i5-13th-gen-1335u-8-gb-1-tb-ssd-windows-11-home-15-fd0012tu-thin-light-laptop/p/itmd78475e92c7d9,2026-09-28T11:04:08.288116+00:00,valid
HP,HP 15s,15s-fq5112TU,,,Intel,Core i5 12th Gen 1235U,Core i5,,,,,,,,,,,,,,16,DDR4,,,,,,512,,,,,15.6,,,,,,,,,,,,,,,,False,False,Windows 11 Home,True,,,,[],,,,False,False,False,,,,,,,,0,flipkart,https://www.flipkart.com/hp-15s-intel-core-i5-12th-gen-1235u-16-gb-512-gb-ssd-windows-11-home-15s-fq5112tu-thin-light-laptop/p/itmafa17a199da31,2026-09-28T11:04:08.338864+00:00,insufficient_sources
HP,HP HP 15s Series,15s-fy5004TU,,,Intel,Core i3 12th Gen 1215U,Core i3,,,,,,,,,,,,,,16,DDR4,,,,,,512,,,,,15.6,,,,,,,,,,,,,,,,False,False,Windows 11 Home,True,,,,[],,,,False,False,False,,,,,,,,0,flipkart,https://www.flipkart.com/hp-15s-series-intel-core-i3-12th-gen-1215u-16-gb-512-gb-ssd-windows-11-home-15s-fy5004tu-thin-light-laptop/p/itm2977a9ca00317,2026-09-28T11:04:10.321306+00:00,insufficient_sources
HP,HP 15s,15s-du3614TU,,,Intel,Core i3 11th Gen 1115G,Core i3,,,,,,,,,,,,,,8,DDR4,,,,,,256,,,,,15.6,,,,,,,,,,,,,,,,False,False,Windows 11 Home,True,,,,[],,,,False,False,False,,49999.0,52112.0,2113.0,49999.0,51055.5,52112.0,2,flipkart,https://www.flipkart.com/hp-15s-intel-core-i3-11th-gen-1115g4-8-gb-1-tb-hdd-256-gb-ssd-windows-11-home-15s-du3614tu-thin-light-laptop/p/itm618e00eca4b48,2026-09-28T11:04:10.341630+00:00,valid
HP,HP 15s,15s,,,AMD,Ryzen 3,Ryzen 3,,,,,,,,,,,,,,8,DDR4,,,,,,512,,,,,15.6,,,,,,,,,,,,,,,,False,False,Windows 11 Home,True,,,,[],,,,False,False,False,,52991.0,55995.0,3004.0,52991.0,54493.0,55995.0,4,flipkart,https://www.flipkart.com/hp-15s-amd-ryzen-3-dual-core-3250u-8-gb-512-gb-ssd-windows-11-home-15s-eq1580au-thin-light-laptop/p/itm286c2761c52f0,2026-09-28T11:04:13.338140+00:00,valid
HP,HP 15s,15s-ey1004AU,,,AMD,Ryzen 5 Hexa Core 4500U,Ryzen 5,4,,,,,,,,,,,,,8,DDR4,,,,,,256,,,,,15.6,,,,,,,,,,,,,,,,False,False,Windows 10,True,,,,[],,,,False,False,False,,58790.0,59900.0,1110.0,58790.0,59367.5,59990.0,4,flipkart,https://www.flipkart.com/hp-15s-amd-ryzen-5-hexa-core-4500u-8-gb-256-gb-ssd-windows-10-home-15s-ey1004au-thin-light-laptop/p/itmd6f033a4d0056,2026-09-28T11:04:13.341734+00:00,valid
HP,HP 15s,15s-ey1508AU,,2021,AMD,Ryzen 3,Ryzen 3,,,,,,,,,,,,,,8,DDR4,,,,,,256,,,,,15.6,,,,,,,,,,,,,,,,False,False,Windows 11 Home,True,,,,[],,,,False,False,False,,52990.0,53900.0,910.0,52990.0,53445.0,53900.0,6,flipkart,https://www.flipkart.com/hp-15s-amd-ryzen-3-dual-core-3250u-8-gb-256-gb-ssd-windows-11-home-15s-ey1508au-thin-light-laptop/p/itm6f077da117c55,2026-09-28T11:04:13.353725+00:00,valid
HP,HP 15s,15s-GR0012AU,,,AMD,Ryzen 3,Ryzen 3,,,,,,,,,,,,,,8,DDR4,,,,,,256,,,,,15.6,,,,,,,,,,,,,,,,False,False,Windows 10,True,,,,[],,,,False,False,False,,53892.0,61999.0,8107.0,53892.0,57945.5,61999.0,2,flipkart,https://www.flipkart.com/hp-15s-amd-ryzen-3-dual-core-3250u-8-gb-1-tb-hdd-256-gb-ssd-windows-10-home-15s-gr0012au-laptop/p/itma3ecca3dba795,2026-09-28T11:04:13.370222+00:00,valid
HP,HP 15s,15s-gr0500AU,,,AMD,Ryzen 5 Quad Core 3500U,Ryzen 5,3,,,,,,,,,,,,,8,DDR4,,,,,,512,,,,,15.6,,,,,,,,,,,,,,,,False,False,Windows 10,True,,,,[],,,,False,False,False,,59990.0,68000.0,8010.0,59990.0,63995.0,68000.0,2,flipkart,https://www.flipkart.com/hp-15s-amd-ryzen-5-quad-core-3500u-8-gb-512-gb-ssd-windows-10-home-15s-gr0500au-thin-light-laptop/p/itma3ecca3dba795,2026-09-28T11:04:13.373317+00:00,valid
HP,HP 15s,15s-eq0132AU,,,AMD,Ryzen 7 Quad Core 3700U,Ryzen 7,3,,,,,,,,,,,,,8,DDR4,,,,,,512,,,,,15.6,,,,,,,,,,,,,,,,False,False,Windows 10,True,,,,[],,,,False,False,False,,85890.0,89990.0,4100.0,85890.0,87940.0,89990.0,2,flipkart,https://www.flipkart.com/hp-15s-amd-ryzen-7-quad-core-3700u-8-gb-512-gb-ssd-windows-10-home-15s-eq0132au-thin-light-laptop/p/itmb6e73a2ed6749,2026-09-28T11:04:13.380760+00:00,valid
HP,HP 15s,15-fc0030AU,,,AMD,Ryzen 5 Quad Core 7520U,Ryzen 5,7,,,,,,,,,,,,,16,LPDDR5,,,,,,512,,,,,15.6,,,,,,,,,,,,,,,,False,False,Windows 11 Home,True,,,,[],,,,False,False,False,,68998.0,72990.0,3992.0,68998.0,70994.0,72990.0,4,flipkart,https://www.flipkart.com/hp-15s-amd-ryzen-5-quad-core-7520u-16-gb-512-gb-ssd-windows-11-home-15-fc0030au-15-fc0690au-thin-light-laptop/p/itm6b3c6289aa470,2026-09-28T11:04:14.909250+00:00,valid
HP,HP 15s,15s,,,AMD,Ryzen 5 Hexa Core 5500U,Ryzen 5,5,,,,,,,,,,,,,8,DDR4,,,,,,512,,,,,15.6,,,,,,,,,,,,,,,,False,False,Windows 11 Home,True,,,,[],,,,False,False,False,,57980.0,59999.0,2019.0,57980.0,58989.5,59999.0,6,flipkart,https://www.flipkart.com/hp-15s-amd-ryzen-5-hexa-core-5500u-8-gb-512-gb-ssd-windows-11-home-15s-eq2144au-thin-light-laptop/p/itmd57b41ed8750a,2026-09-28T11:04:13.422876+00:00,valid
HP,HP 15s,15s-GY0501AU,,,AMD,Ryzen 3,Ryzen 3,,,,,,,,,,,,,,8,DDR4,,,,,,256,,,,,15.6,,,,,,,,,,,,,,,,False,False,Windows 11 Home,True,,,,[],,,,False,False,False,,52790.0,53999.0,1209.0,52790.0,55458.5,62055.0,4,flipkart,https://www.flipkart.com/hp-15s-amd-ryzen-3-dual-core-3250u-8-gb-256-gb-ssd-windows-11-home-15s-gy0501au-thin-light-laptop/p/itm9274005e8f64e,2026-09-28T11:04:14.865335+00:00,valid
HP,HP 15s,15-fc0031AU,,,AMD,Ryzen 5 Quad Core 7520U,Ryzen 5,7,,,,,,,,,,,,,16,LPDDR5,,,,,,512,,,,,15.6,,,,,,,,,,,,,,,,False,False,Windows 11 Home,True,,,,[],,,,False,False,False,,69990.0,78537.0,8547.0,69990.0,74263.5,78537.0,4,flipkart,https://www.flipkart.com/hp-15s-amd-ryzen-5-quad-core-7520u-16-gb-512-gb-ssd-windows-11-home-15-fc0031au-thin-light-laptop/p/itm7d9cf71e72294,2026-09-28T11:04:14.891871+00:00,valid
HP,HP Victus AI,,Victus,2024,AMD,Ryzen 7 Octa Core,Ryzen 7,,,,,,,,,,,,,,24,DDR5,,,,,,1024,,,,,15.6,,,,,,,,,,,,,,,,False,False,Windows 11 Home,True,,,,[],,,,False,False,False,,,,,,,,0,flipkart,https://www.flipkart.com/hp-victus-ai-amd-ryzen-7-octa-core-260-24-gb-1-tb-ssd-windows-11-home-8-gb-graphics-nvidia-geforce-rtx-5050-15-fb3185ax-gaming-laptop/p/itm08bbf58218363,2026-09-28T11:04:14.932229+00:00,insufficient_sources
HP,HP 255 G10,255,,,AMD,Ryzen 3 Octa Core,Ryzen 3,,,,,,,,,,,,,,8,LPDDR4,,,,,,512,,,,,15.6,,,,,,,,,,,,,,,,False,False,Windows 11 Pro,True,,,,[],,,,False,False,False,,49990.0,53980.0,3990.0,49990.0,51985.0,53980.0,8,flipkart,https://www.flipkart.com/hp-255-g10-amd-ryzen-3-octa-core-13th-gen-7320u-8-gb-512-gb-ssd-windows-11-pro-business-laptop/p/itm500aee02a6f84,2026-09-28T11:04:18.735920+00:00,valid
HP,HP G9,7B1L8PA,,,AMD,Ryzen 5 Hexa Core,Ryzen 5,,,,,,,,,,,,,,16,DDR4,,,,,,512,,,,,15.6,,,,,,,,,,,,,,,,False,False,Windows 11 Home,True,,,,[],,,,False,False,False,,64312.0,67999.0,3687.0,64312.0,66155.5,67999.0,12,flipkart,https://www.flipkart.com/hp-g9-amd-ryzen-5-hexa-core-5th-gen-5625u-16-gb-512-gb-ssd-windows-11-home-7b1l8pa-notebook/p/itma488dac338fb5,2026-09-28T11:04:18.754958+00:00,valid
HP,HP 15,AMD,,2025,AMD,Ryzen 5 Quad Core 7520U,Ryzen 5,7,,,,,,,,,,,,,8,DDR4,,,,,,512,,,,,15.6,,,,,,,,,,,,,,,,False,False,Windows 11 Home,True,,,,[],,,,False,False,False,,57131.0,74250.0,17119.0,56919.0,62645.07,74250.0,14,flipkart,https://www.flipkart.com/hp-15-2025-amd-ryzen-5-quad-core-7520u-8-gb-512-gb-ssd-windows-11-home-g10-thin-light-laptop/p/itm9ceca5ab96069,2026-09-28T11:04:18.759046+00:00,valid
HP,"HP HP 15,",fc1038AU,,,AMD,Ryzen 7 Processor,Ryzen 7,,,,,,,,,,,,,,16,DDR5,,,,,,512,,,,,15.6,,,,,,,,,,,,,,,,False,False,Windows 11 Home,True,,,,[],,,,False,False,False,,78990.0,85990.0,7000.0,78990.0,82490.0,85990.0,6,flipkart,https://www.flipkart.com/hp-15-amd-ryzen-7-7th-gen-7735hs-16-gb-512-gb-ssd-windows-11-home-fc1038au-laptop/p/itm5f63d83f95698,2026-09-28T11:04:18.784650+00:00,valid
HP,HP 255R G10 Professional DDR5 5600Mhz,Professional,,2026,AMD,Ryzen 5 Hexa Core,Ryzen 5,,,,,,,,,,,,,,8,DDR5,5600,5600,,,,512,,,,,15.6,,,,,,,,,,,,,,,,False,False,Windows 11 Pro,True,,,,[],,,,False,False,False,,56446.0,65000.0,8554.0,56446.0,61182.57,69990.0,14,flipkart,https://www.flipkart.com/hp-255r-g10-2026-professional-ddr5-5600mhz-amd-ryzen-5-hexa-core-8-gb-512-gb-ssd-windows-11-pro-thin-light-laptop/p/itmf384f3e0e52b8,2026-09-28T11:04:18.802162+00:00,valid
HP,HP 15,Intel,,,Intel,Core 3 13th Gen 1315U,,,,,,,,,,,,,,,8,DDR4,,,,,,512,,,,,15.6,,,,,,,,,,,,,,,,False,False,Windows 11 Home,True,,,,[],,,,False,False,False,,54980.0,67990.0,13010.0,54980.0,61485.0,67990.0,2,flipkart,https://www.flipkart.com/hp-15-i3-14th-gen-intel-core-3-13th-gen-1315u-8-gb-512-gb-ssd-windows-11-home-15-fd0186tu-thin-light-laptop/p/itm4fc6159aa1303,2026-09-28T11:04:22.033872+00:00,valid
HP,HP Pavilion Plus MSO 2024,14-ew0107T,Pavilion,2024,Intel,Core i5 13th Gen 1335U,Core i5,,,,,,,,,,,,,,16,LPDDR5X,,,,,,512,,,,,14.0,,,,,,,,,,,,,,,,False,False,Windows 11 Home,True,,,,[],,,,False,False,False,,78990.0,92746.0,13756.0,78990.0,85868.0,92746.0,10,flipkart,https://www.flipkart.com/hp-pavilion-plus-mso-2024-intel-core-i5-13th-gen-1335u-16-gb-512-gb-ssd-windows-11-home-14-ew0107tu-thin-light-laptop/p/itmdeb02fb3f429e,2026-09-28T11:04:22.055528+00:00,valid
HP,HP 250R G10,Intel,,2025,Intel,Core 3 14th Gen 100U,,,,,,,,,,,,,,,16,DDR4,,,,,,512,,,,,15.6,,,,,,,,,,,,,,,,False,False,Windows 11 Pro,True,,,,[],,,,False,False,False,,64108.0,80000.0,15892.0,64108.0,72054.0,80000.0,4,flipkart,https://www.flipkart.com/hp-250r-g10-2025-i3-14th-gen-intel-core-3-gen-100u-16-gb-512-gb-ssd-windows-11-pro-thin-light-laptop/p/itm8a5bda045beed,2026-09-28T11:04:22.059381+00:00,valid
HP,HP Laptop,14-gr0000TU,,2021,Intel,Core i3 13th Gen 1315U,Core i3,,,,,,,,,,,,,,8,DDR4,,,,,,512,,,,,14.0,,,,,,,,,,,,,,,,False,False,Windows 11 Home,True,,,,[],,,,False,False,False,,58947.0,59990.0,1043.0,58947.0,59468.5,59990.0,2,flipkart,https://www.flipkart.com/hp-laptop-intel-core-i3-13th-gen-1315u-8-gb-512-gb-ssd-windows-11-home-14-gr0000tu-thin-light/p/itm033a2153736a2,2026-09-28T11:04:22.068613+00:00,valid
HP,HP Pavilion Plus Metal Body,14-EW010,Pavilion,,Intel,Core i5 13th Gen 1335U,Core i5,,,,,,,,,,,,,,16,DDR5,,,,,,512,,,,,14.0,,,,,,,,,,,,,,,,False,False,Windows 11 Home,True,,,,[],,,,False,False,False,1,,,,,,,0,flipkart,https://www.flipkart.com/hp-pavilion-plus-metal-body-intel-core-i5-13th-gen-1335u-16-gb-512-gb-ssd-windows-11-home-14-ew0107tu-thin-light-laptop/p/itmdeb02fb3f429e,2026-09-28T11:04:22.073263+00:00,insufficient_sources
HP,HP Essentials,fd0572TU,,,Intel,Core i3 13th Gen 1315U,Core i3,,,,,,,,,,,,,,8,DDR4,,,,,,512,,,,,15.0,,,,,,,,,,,,,,,,False,False,Windows 11 Home,True,,,,[],,,,False,False,False,,65623.0,69990.0,4367.0,65623.0,67806.5,69990.0,2,flipkart,https://www.flipkart.com/hp-essentials-intel-core-i3-13th-gen-1315u-8-gb-512-gb-ssd-windows-11-home-fd0572tu-thin-light-laptop/p/itmfc1192ad88123,2026-09-28T11:04:22.077620+00:00,valid
HP,HP 14R,Intel,,2025,Intel,Core i3 13th Gen 1315U,Core i3,,,,,,,,,,,,,,8,DDR4,,,,,,512,,,,,14.0,,,,,,,,,,,,,,,,False,False,Windows 11 Pro,True,,,,[],,,,False,False,False,,57990.0,65999.0,8009.0,57990.0,61994.5,65999.0,2,flipkart,https://www.flipkart.com/hp-14r-2025-intel-core-i3-13th-gen-1315u-8-gb-512-gb-ssd-windows-11-pro-g9-thin-light-laptop/p/itm7133104ff24cf,2026-09-28T11:04:22.081133+00:00,valid
HP,HP 245G9,245,,,AMD,Ryzen 3,Ryzen 3,,,,,,,,,,,,,,8,DDR4,,,,,,512,,,,,14.0,,,,,,,,,,,,,,,,False,False,Windows 11 Home,True,,,,[],,,,False,False,False,,52291.0,54990.0,2699.0,52291.0,54950.75,59532.0,4,flipkart,https://www.flipkart.com/hp-245g9-amd-ryzen-3-dual-core-3250u-8-gb-512-gb-ssd-windows-11-home-245-g8-business-laptop/p/itm57da185bf9c3c,2026-09-28T11:04:22.087154+00:00,valid
HP,HP Pavilion 14 X360,14-ek1148TU,Pavilion,2024,Intel,Core i5 13th Gen 1335U,Core i5,,,,,,,,,,,,,,16,DDR4,,,,,,512,,,,,14.0,,,,,,,,,,True,,,,,,False,False,Windows 11 Home,True,,,,[],,,,False,False,False,,101158.0,104500.0,3342.0,101158.0,102829.0,104500.0,4,flipkart,https://www.flipkart.com/hp-pavilion-14-x360-intel-core-i5-13th-gen-1335u-16-gb-512-gb-ssd-windows-11-home-14-ek1148tu-2-1-laptop/p/itm1560b170cb029,2026-09-28T11:04:23.680342+00:00,valid
HP,HP Pavilion 14 X360,14-ek1152TU,Pavilion,2024,Intel,Core i7 13th Gen 1355U,Core i7,,,,,,,,,,,,,,16,DDR4,,,,,,512,,,,,14.0,,,,,,,,,,True,,,,,,False,False,Windows 11 Home,True,,,,[],,,,False,False,False,,,,,,,,0,flipkart,https://www.flipkart.com/hp-pavilion-14-x360-intel-core-i7-13th-gen-1355u-16-gb-512-gb-ssd-windows-11-home-14-ek1152tu-2-1-laptop/p/itm379c22b7307cb,2026-09-28T11:04:23.691116+00:00,insufficient_sources
HP,HP Pavilion Plus,14-eh1022TU,Pavilion,,Intel,Core i5 13th Gen 1340P,Core i5,,,,,,,,,,,,,,16,LPDDR5,,,,,,512,,,,,14.0,,,,,,,,,,,,,,,,False,False,Windows 11 Home,True,,,,[],,,,False,False,False,,82990.0,94729.0,11739.0,82990.0,88859.5,94729.0,6,flipkart,https://www.flipkart.com/hp-pavilion-plus-intel-core-i5-13th-gen-1340p-16-gb-512-gb-ssd-windows-11-home-14-eh1022tu-thin-light-laptop/p/itm934e478c407d0,2026-09-28T11:04:23.694672+00:00,valid
HP,HP 240 G8,4K5D5PA,,,Intel,Core i3 11th Gen,Core i3,,,,,,,,,,,,,,8,DDR4,,,,,,512,,,,,14.0,,,,,,,,,,,,,,,,False,False,DOS,False,,,,[],,,,False,False,False,,51737.0,59999.0,8262.0,47732.0,54199.0,59999.0,6,flipkart,https://www.flipkart.com/hp-240-g8-intel-core-i3-11th-gen-8-gb-512-gb-ssd-dos-4k5d5pa-laptop/p/itm4d834a3a2691f,2026-09-28T11:04:23.705216+00:00,valid
HP,HP 240 G10 Professional,Professional,,2025,Intel,Core i3 13th Gen 1315U,Core i3,,,,,,,,,,,,,,16,DDR4,,,,,,512,,,,,14.0,,,,,,,,,,,,,,,,False,False,Windows 11 Home,True,,,,[],,,,False,False,False,1,62990.0,71990.0,9000.0,62990.0,67490.0,71990.0,4,flipkart,https://www.flipkart.com/hp-240-g10-2025-professional-intel-core-i3-13th-gen-1315u-16-gb-512-gb-ssd-windows-11-home-thin-light-laptop/p/itmf14077f9829f4,2026-09-28T11:04:23.713295+00:00,valid
HP,HP 250 G9,7M657PA,,,Intel,Core i3 12th Gen 1215U,Core i3,,,,,,,,,,,,,,8,DDR4,,,,,,512,,,,,15.6,,,,,,,,,,,,,,,,False,False,Windows 11 Home,True,,,,[],,,,False,False,False,,53462.0,69999.0,16537.0,53462.0,61730.5,69999.0,4,flipkart,https://www.flipkart.com/hp-250-g9-intel-core-i3-12th-gen-1215u-8-gb-512-gb-ssd-windows-11-home-7m657pa-thin-light-laptop/p/itmaeab3e70c465d,2026-09-28T11:04:23.716603+00:00,valid
HP,HP 14s,14s,,,Intel,Core i3 11th Gen 1125G,Core i3,,,,,,,,,,,,,,8,DDR4,,,,,,256,,,,,14.0,,,,,,,,,,,,,,,,False,False,Windows 11 Home,True,,,,[],,,,False,False,False,,57499.0,66999.0,9500.0,57499.0,60571.75,66999.0,8,flipkart,https://www.flipkart.com/hp-14s-intel-core-i3-11th-gen-1125g4-8-gb-256-gb-ssd-windows-11-home-14s-dy2506tu-thin-light-laptop/p/itm2881998a7e9de,2026-09-28T11:04:23.721141+00:00,valid
HP,HP 15,Intel,,,Intel,Core 5 120U,,,,,,,,,,,,,,,8,DDR4,,,,,,512,,,,,15.6,,,,,,,,,,,,,,,,False,False,Windows 11 Home,True,,,,[],,,,False,False,False,,72899.0,79990.0,7091.0,72899.0,76444.5,79990.0,2,flipkart,https://www.flipkart.com/hp-15-i5-14th-gen-intel-core-5-120u-8-gb-512-gb-ssd-windows-11-home-15-fd1096tu-thin-light-laptop/p/itm7cc4e19a57c02,2026-09-28T11:04:23.726734+00:00,valid
HP,HP 14s Backlit,14s-dq2649tu,,,Intel,Core i3 11th Gen 1115G,Core i3,,,,,,,,,,,,,,8,DDR4,,,,,,512,,,,,14.0,,,,,,,,,,,,,,,,False,False,Windows 11 Home,True,,,,[],,,,False,False,False,,58990.0,59990.0,1000.0,58990.0,59490.0,59990.0,4,flipkart,https://www.flipkart.com/hp-14s-backlit-intel-core-i3-11th-gen-1115g4-8-gb-512-gb-ssd-windows-11-home-14s-dq2649tu-thin-light-laptop/p/itm6664edbe195a9,2026-09-28T11:04:23.738749+00:00,valid
HP,HP 240R G9,Intel,,2025,Intel,Core 5 14th Gen 120U,,,,,,,,,,,,,,,16,DDR4,,,,,,512,,,,,14.0,,,,,,,,,,,,,,,,False,False,Windows 11 Pro,True,,,,[],,,,False,False,False,,81553.0,82990.0,1437.0,81553.0,82271.5,82990.0,2,flipkart,https://www.flipkart.com/hp-240r-g9-2025-i5-14th-gen-intel-core-5-gen-120u-16-gb-512-gb-ssd-windows-11-pro-thin-light-laptop/p/itm83fcb983a4663,2026-09-28T11:04:23.741942+00:00,valid
HP,HP ENVY,14-fa0038AU,Envy,,AMD,Ryzen 5 Hexa Core 8640HS,Ryzen 5,8,,,,,,,,,,,,,16,LPDDR5,,,,,,512,,,,,14.0,,,,,,,,,,True,,,,,,False,False,Windows 11 Home,True,,,,[],,,,False,False,False,,97460.0,118999.0,21539.0,97460.0,108229.5,118999.0,2,flipkart,https://www.flipkart.com/hp-envy-amd-ryzen-5-hexa-core-8640hs-16-gb-512-gb-ssd-windows-11-home-14-fa0038au-thin-light-laptop/p/itm2e233fa96fd90,2026-09-28T11:04:23.747057+00:00,valid
HP,HP 240 G8,240,,,Intel,Core i3 11th Gen,Core i3,,,,,,,,,,,,,,8,DDR4,,,,,,512,,,,,14.0,,,,,,,,,,,,,,,,False,False,Windows 11 Pro,True,,,,[],,,,False,False,False,,57890.0,58990.0,1100.0,57890.0,58440.0,58990.0,2,flipkart,https://www.flipkart.com/hp-240-g8-intel-core-i3-11th-gen-8-gb-512-gb-ssd-windows-11-pro-notebook/p/itmf26e540163a4c,2026-09-28T11:04:23.750403+00:00,valid
HP,HP Pavilion,14-ew0153TU,Pavilion,,Intel,Core i7 13th Gen 1355U,Core i7,,,,,,,,,,,,,,16,LPDDR5X,,,,,,1024,,,,,14.0,,,,,,,,,,,,,,,,False,False,Windows 11 Home,True,,,,[],,,,False,False,False,,,,,,,,0,flipkart,https://www.flipkart.com/hp-pavilion-intel-core-i7-13th-gen-1355u-16-gb-1-tb-ssd-windows-11-home-14-ew0153tu-thin-light-laptop/p/itm9887603cd323b,2026-09-28T11:04:23.756279+00:00,insufficient_sources
HP,HP Omnibook 3 with MS Office 2024,14-hy00,,2024,AMD,Ryzen 3 Quad Core,Ryzen 3,,,,,,,,,,,,,,8,LPDDR5,,,,,,512,,,,,14.0,,,,,,,,,,,,,,,,False,False,Windows 11 Home,True,,,,[],,,,False,False,False,,61990.0,85501.0,23511.0,61990.0,73745.5,85501.0,4,flipkart,https://www.flipkart.com/hp-omnibook-3-ms-office-2024-amd-ryzen-quad-core-30-8-gb-512-gb-ssd-windows-11-home-14-hy0030au-laptop/p/itm5181e9120ddde,2026-09-28T11:04:25.729985+00:00,valid
HP,HP 14 G9,AMD,,2025,AMD,Ryzen 3,Ryzen 3,,,,,,,,,,,,,,8,DDR4,,,,,,512,,,,,14.0,,,,,,,,,,,,,,,,False,False,Windows 11 Pro,True,,,,[],,,,False,False,False,,52990.0,53990.0,1000.0,52990.0,53490.0,53990.0,2,flipkart,https://www.flipkart.com/hp-14-g9-2025-amd-ryzen-3-dual-core-3250u-8-gb-512-gb-ssd-windows-11-pro-thin-light-laptop/p/itm3e824e99a63f3,2026-09-28T11:04:25.733358+00:00,valid
HP,HP Envy x360,15-fe0028TU,Envy,,Intel,Core i5 13th Gen 1335U,Core i5,,,,,,,,,,,,,,16,LPDDR5,,,,,,512,,,,,15.6,,,,,,,,,,True,,,,,,False,False,Windows 11 Home,True,,,,[],,,,False,False,False,,97144.0,111999.0,14855.0,97144.0,104571.5,111999.0,4,flipkart,https://www.flipkart.com/hp-envy-x360-intel-core-i5-13th-gen-1335u-16-gb-512-gb-ssd-windows-11-home-15-fe0028tu-laptop/p/itm31dac27f786c9,2026-09-28T11:04:25.739213+00:00,valid
HP,HP 14s,14s-dy2500TU,,,Intel,Core i3 11th Gen,Core i3,,,,,,,,,,,,,,8,DDR4,,,,,,256,,,,,14.0,,,,,,,,,,,,,,,,False,False,Windows 11 Home,True,,,,[],,,,False,False,False,,57890.0,59595.0,1705.0,57290.0,58193.5,59595.0,4,flipkart,https://www.flipkart.com/hp-14s-intel-core-i3-11th-gen-8-gb-256-gb-ssd-windows-11-home-14s-dy2500tu-thin-light-laptop/p/itmd402bd7a16929,2026-09-28T11:04:25.745107+00:00,valid
HP,HP 14s,14s,,,Intel,Core i3 11th Gen 1115G,Core i3,,,,,,,,,,,,,,8,DDR4,,,,,,256,,,,,14.0,,,,,,,,,,,,,,,,False,False,Windows 11 Home,True,,,,[],,,,False,False,False,,57990.0,59278.0,1288.0,57890.0,58609.25,59279.0,8,flipkart,https://www.flipkart.com/hp-14s-intel-core-i3-11th-gen-1115g4-8-gb-256-gb-ssd-windows-11-home-dy2507tu-thin-light-laptop/p/itm3c618978e7a4d,2026-09-28T11:04:25.754350+00:00,valid
HP,HP 240R G10 Professional,Professional,,2026,Intel,Core 3 14th Gen 100U,,,,,,,,,,,,,,,16,DDR4,,,,,,512,,,,,14.0,,,,,,,,,,,,,,,,False,False,Windows 11 Home,True,,,,[],,,,False,False,False,,69990.0,79900.0,9910.0,69990.0,74945.0,79900.0,4,flipkart,https://www.flipkart.com/hp-240r-g10-2026-professional-i3-14th-gen-intel-core-3-gen-100u-16-gb-512-gb-ssd-windows-11-home-thin-light-laptop/p/itm64b141f7351b4,2026-09-28T11:04:25.757723+00:00,valid
HP,HP 14s,14s-fr0012AU,,,AMD,Ryzen 5 Quad Core 3450U,Ryzen 5,3,,,,,,,,,,,,,8,DDR4,,,,,,512,,,,,14.0,,,,,,,,,,,,,,,,False,False,Windows 10,True,,,,[],,,,False,False,False,,57990.0,63900.0,5910.0,57990.0,60945.0,63900.0,2,flipkart,https://www.flipkart.com/hp-14s-amd-ryzen-5-quad-core-3450u-8-gb-512-gb-ssd-windows-10-home-14s-fr0012au-thin-light-laptop/p/itm9760b8956b2bd,2026-09-28T11:18:34.779142+00:00,valid
HP,HP 14s,14s,,,Intel,Core i3 11th Gen,Core i3,,,,,,,,,,,,,,8,DDR4,,,,,,512,,,,,14.0,,,,,,,,,,,,,,,,False,False,Windows 11 Home,True,,,,[],,,,False,False,False,,57790.0,59490.0,1700.0,57790.0,58703.6,59500.0,10,flipkart,https://www.flipkart.com/hp-14s-intel-core-i3-11th-gen-8-gb-512-gb-ssd-windows-11-home-14s-dr2015tu-thin-light-laptop/p/itmbf4f56a908dc5,2026-09-28T11:04:25.775857+00:00,valid
HP,HP 240 G9,B10MRATU,,,Intel,Core i3 12th Gen 1215,Core i3,,,,,,,,,,,,,,8,DDR4,,,,,,512,,,,,14.0,,,,,,,,,,,,,,,,False,False,Windows 11 Home,True,,,,[],,,,False,False,False,,57938.0,58999.0,1061.0,57938.0,58468.5,58999.0,4,flipkart,https://www.flipkart.com/hp-240-g9-intel-core-i3-12th-gen-1215-8-gb-512-gb-ssd-windows-11-home-b10mratu-laptop/p/itm805f9f97ba429,2026-09-28T11:04:25.791827+00:00,valid
HP,HP OmniBook X Flip,Intel,,,Intel,Core Ultra 7 258V,Core Ultra 7,2,,,,,,,,,,,,,32,LPDDR5X,,,,,,1024,,,,,14.0,,,,,,,,,,True,,,,,,False,False,Windows 11 Home,True,,,,[],,,,False,False,False,,,,,,,,0,flipkart,https://www.flipkart.com/hp-omnibook-x-flip-previously-envy-intel-core-ultra-7-258v-32-gb-1-tb-ssd-windows-11-home-16-gb-graphics-14-fm0029tu-2-1-laptop/p/itm1f5c3df864957,2026-09-28T11:04:25.797800+00:00,insufficient_sources
HP,HP 14s,14s-ef1002tu,,,Intel,Core i3 11th Gen 1115G,Core i3,,,,,,,,,,,,,,8,DDR4,,,,,,512,,,,,14.0,,,,,,,,,,,,,,,,False,False,Windows 11 Home,True,,,,[],,,,False,False,False,,57990.0,59999.0,2009.0,57990.0,58994.5,59999.0,4,flipkart,https://www.flipkart.com/hp-14s-intel-core-i3-11th-gen-1115g4-8-gb-512-gb-ssd-windows-11-home-14s-ef1002tu-thin-light-laptop-inbuilt-4g-lte/p/itm29119aa21500c,2026-09-28T11:04:25.823902+00:00,valid
HP,HP Pavilion,15-eh1137AU,Pavilion,,AMD,Ryzen 5,Ryzen 5,,,,,,,,,,,,,,8,DDR4,,,,,,512,,,,,15.6,,,,,,,,,,,,,,,,False,False,Windows 11 Home,True,,,,[],,,,False,False,False,,65990.0,69889.0,3899.0,65990.0,67939.5,69889.0,4,flipkart,https://www.flipkart.com/hp-pavilion-amd-ryzen-5-dual-core-5500u-8-gb-512-gb-ssd-windows-11-home-15-eh1137au-thin-light-laptop/p/itme2327928ac401,2026-09-28T11:04:29.576767+00:00,valid
HP,HP Pavilion,15-eh2047AU,Pavilion,,AMD,Ryzen 5 Hexa Core 5625U,Ryzen 5,5,,,,,,,,,,,,,16,DDR4,,,,,,512,,,,,15.6,,,,,,,,,,,,,,,,False,False,Windows 11 Home,True,,,,[],,,,False,False,False,,73706.0,89990.0,16284.0,73706.0,81848.0,89990.0,4,flipkart,https://www.flipkart.com/hp-pavilion-amd-ryzen-5-hexa-core-5625u-16-gb-512-gb-ssd-windows-11-home-15-eh2047au-thin-light-laptop/p/itmd03cc8dd8cb0e,2026-09-28T11:04:29.580532+00:00,valid
HP,HP Pavilion Eyesafe,15-EG2039TU,Pavilion,2021,Intel,Core i7 12th Gen 1260P,Core i7,,,,,,,,,,,,,,16,DDR4,,,,,,1024,,,,,15.6,,,,,,,,,,,,,,,,False,False,Windows 11 Home,True,,,,[],,,,False,False,False,,98991.0,106000.0,7009.0,98991.0,102495.5,106000.0,6,flipkart,https://www.flipkart.com/hp-pavilion-eyesafe-intel-core-i7-12th-gen-1260p-16-gb-1-tb-ssd-windows-11-home-15-eg2039tu-thin-light-laptop/p/itm4e0696917b69a,2026-09-28T11:04:29.583972+00:00,valid
HP,HP Pavilion,15-EG2009TU,Pavilion,2021,Intel,Core i5 12th Gen 1240P,Core i5,,,,,,,,,,,,,,8,DDR4,,,,,,512,,,,,15.6,,,,,,,,,,,,,,,,False,False,Windows 11 Home,True,,,,[],,,,False,False,False,,,,,,,,0,flipkart,https://www.flipkart.com/hp-pavilion-intel-core-i5-12th-gen-1240p-8-gb-512-gb-ssd-windows-11-home-15-eg2009tu-thin-light-laptop/p/itm98d9b13d5532f,2026-09-28T11:04:29.587863+00:00,insufficient_sources
HP,HP Pavilion,15-eh1101AU,Pavilion,,AMD,Ryzen 5 Hexa Core 5500U,Ryzen 5,5,,,,,,,,,,,,,8,DDR4,,,,,,512,,,,,15.6,,,,,,,,,,,,,,,,False,False,Windows 11 Home,True,,,,[],,,,False,False,False,,85990.0,90419.0,4429.0,85990.0,88204.5,90419.0,4,flipkart,https://www.flipkart.com/hp-pavilion-amd-ryzen-5-hexa-core-5500u-8-gb-512-gb-ssd-windows-11-home-15-eh1101au-thin-light-laptop/p/itmd7166635392d6,2026-09-28T11:04:29.591688+00:00,valid
HP,HP Pavilion,15-eg3079TU,Pavilion,,Intel,Core i5 13th Gen 1340P,Core i5,,,,,,,,,,,,,,16,DDR4,,,,,,512,,,,,15.6,,,,,,,,,,,,,,,,False,False,Windows 11 Home,True,,,,[],,,,False,False,False,,85097.0,89900.0,4803.0,85097.0,87498.5,89900.0,6,flipkart,https://www.flipkart.com/hp-pavilion-intel-core-i5-13th-gen-1340p-16-gb-512-gb-ssd-windows-11-home-15-eg3079tu-thin-light-laptop/p/itm4ae6958287d36,2026-09-28T11:04:29.604749+00:00,valid
HP,HP Pavilion,14-ec0035AU,Pavilion,,AMD,Ryzen 5 Hexa Core 5500U,Ryzen 5,5,,,,,,,,,,,,,8,DDR4,,,,,,512,,,,,14.0,,,,,,,,,,,,,,,,False,False,Windows 10,True,,,,[],,,,False,False,False,,,,,,,,0,flipkart,https://www.flipkart.com/hp-pavilion-amd-ryzen-5-hexa-core-5500u-8-gb-512-gb-ssd-windows-10-home-14-ec0035au-thin-light-laptop/p/itme62d35e1c6515,2026-09-28T11:04:29.625603+00:00,insufficient_sources
HP,HP Pavilion 15,15-eg2017TU,Pavilion,,Intel,Core i3 12th Gen 1215U,Core i3,,,,,,,,,,,,,,8,DDR4,,,,,,512,,,,,15.6,,,,,,,,,,,,,,,,False,False,Windows 11 Home,True,,,,[],,,,False,False,False,,68212.0,71999.0,3787.0,68212.0,70105.5,71999.0,4,flipkart,https://www.flipkart.com/hp-pavilion-15-intel-core-i3-12th-gen-1215u-8-gb-512-gb-ssd-windows-11-home-15-eg2017tu-thin-light-laptop/p/itm4da3151dea189,2026-09-28T11:04:29.637358+00:00,valid
HP,HP Pavilion,15-eg3036TU,Pavilion,,Intel,Core i7 13th Gen 1360P,Core i7,,,,,,,,,,,,,,16,DDR4,,,,,,1024,,,,,15.6,,,,,,,,,,,,,,,,False,False,Windows 11 Home,True,,,,[],,,,False,False,False,,111111.0,120008.0,8897.0,111111.0,115559.5,120008.0,4,flipkart,https://www.flipkart.com/hp-pavilion-intel-core-i7-13th-gen-1360p-16-gb-1-tb-ssd-windows-11-home-15-eg3036tu-thin-light-laptop/p/itmd82b110aa3999,2026-09-28T11:04:29.642022+00:00,valid
HP,HP Pavilion,15-eg3018TU,Pavilion,,Intel,Core i5 13th Gen 1335U,Core i5,,,,,,,,,,,,,,16,DDR4,,,,,,1024,,,,,15.6,,,,,,,,,,,,,,,,False,False,Windows 11 Home,True,,,,[],,,,False,False,False,,90055.0,99900.0,9845.0,90055.0,94977.5,99900.0,12,flipkart,https://www.flipkart.com/hp-pavilion-intel-core-i5-13th-gen-1335u-16-gb-1-tb-ssd-windows-11-home-15-eg3018tu-thin-light-laptop/p/itma2cd39eea5796,2026-09-28T11:04:29.657577+00:00,valid
HP,HP Pavilion,15-eg2091TU,Pavilion,,Intel,Core i5 12th Gen 1240P,Core i5,,,,,,,,,,,,,,16,DDR4,,,,,,512,,,,,15.6,,,,,,,,,,,,,,,,False,False,Windows 11 Home,True,,,,[],,,,False,False,False,,80803.0,98999.0,18196.0,80803.0,94695.5,99990.0,12,flipkart,https://www.flipkart.com/hp-pavilion-intel-core-i5-12th-gen-1240p-16-gb-512-gb-ssd-windows-11-home-15-eg2091tu-thin-light-laptop/p/itm89d9a22d4f6fa,2026-09-28T11:04:29.665836+00:00,valid
HP,HP Pavilion,15-eg3026TU,Pavilion,,Intel,Core i5 13th Gen 1340P,Core i5,,,,,,,,,,,,,,16,DDR4,,,,,,512,,,,,15.6,,,,,,,,,,,,,,,,False,False,Windows 11 Home,True,,,,[],,,,False,False,False,,75941.0,94990.0,19049.0,75941.0,85465.5,94990.0,2,flipkart,https://www.flipkart.com/hp-pavilion-intel-core-i5-13th-gen-1340p-16-gb-512-gb-ssd-windows-11-home-15-eg3026tu-thin-light-laptop/p/itmea28b3cf69d8b,2026-09-28T11:04:29.671012+00:00,valid
HP,HP Pavilion,14-dv2153TU,Pavilion,,Intel,Core i5 12th Gen 1235U,Core i5,,,,,,,,,,,,,,16,DDR4,,,,,,1024,,,,,14.0,,,,,,,,,,,,,,,,False,False,Windows 11 Home,True,,,,[],,,,False,False,False,,98990.0,99990.0,1000.0,98990.0,99490.0,99990.0,10,flipkart,https://www.flipkart.com/hp-pavilion-intel-core-i5-12th-gen-1235u-16-gb-1-tb-ssd-windows-11-home-14-dv2153tu-thin-light-laptop/p/itm9236b466db2d7,2026-09-28T11:04:29.674441+00:00,valid
HP,HP Pavilion MSO 2021,16-ag0019AU,Pavilion,2021,AMD,Ryzen 5 Hexa Core 8540U,Ryzen 5,8,,,,,,,,,,,,,16,LPDDR5,,,,,,512,,,,,16.0,,,,,,,,,,,,,,,,False,False,Windows 11 Home,True,,,,[],,,,False,False,False,,85652.0,86900.0,1248.0,85652.0,86276.0,86900.0,6,flipkart,https://www.flipkart.com/hp-pavilion-mso-2021-amd-ryzen-5-hexa-core-8540u-16-gb-512-gb-ssd-windows-11-home-16-ag0019au-thin-light-laptop/p/itmd14c7a58f1b78,2026-09-28T11:04:29.681227+00:00,valid
HP,HP Pavilion,15-eg3032TU,Pavilion,,Intel,Core i7 13th Gen 1360P,Core i7,,,,,,,,,,,,,,16,DDR4,,,,,,512,,,,,15.6,,,,,,,,,,,,,,,,False,False,Windows 11 Home,True,,,,[],,,,False,False,False,1,104068.0,109999.0,5931.0,104068.0,107033.5,109999.0,2,flipkart,https://www.flipkart.com/hp-pavilion-intel-core-i7-13th-gen-1360p-16-gb-512-gb-ssd-windows-11-home-15-eg3032tu-thin-light-laptop/p/itm992aa6d6b72c3,2026-09-28T11:04:33.177394+00:00,valid
HP,HP Pavilion,15-eg3027TU,Pavilion,,Intel,Core i5 13th Gen 1340p,Core i5,,,,,,,,,,,,,,16,DDR4,,,,,,512,,,,,15.6,,,,,,,,,,,,,,,,False,False,Windows 11 Home,True,,,,[],,,,False,False,False,,80100.0,84900.0,4800.0,80100.0,82500.0,84900.0,2,flipkart,https://www.flipkart.com/hp-pavilion-intel-core-i5-13th-gen-1340p-16-gb-512-gb-ssd-windows-11-home-15-eg3027tu-thin-light-laptop/p/itmd03cc8dd8cb0e,2026-09-28T11:04:33.186119+00:00,valid
HP,HP Pavilion Plus Creator OLED Eyesafe H,,Pavilion,,Intel,Core i5 12th Gen 12500H,Core i5,12,,,,,,,,,,,,,16,DDR4,,,,,,512,,,,,14.0,,,,,OLED,,,,,,,,,,,False,False,Windows 11,True,,,,[],,,,False,False,False,,86722.0,96990.0,10268.0,86722.0,91856.0,96990.0,6,flipkart,https://www.flipkart.com/hp-pavilion-plus-creator-oled-eyesafe-h-series-intel-core-i5-12th-gen-12500h-16-gb-512-gb-ssd-windows-11-home-14-eh0037tu-thin-light-laptop/p/itm197f74e41bb6f,2026-09-28T11:04:33.202855+00:00,valid
HP,HP Pavilion Plus AI PC,14-ew1082TU,Pavilion,,Intel,Core Ultra 5 125H,Core Ultra 5,1,,,,,,,,,,,,,16,LPDDR5X,,,,,,512,,,,,14.0,,,,,,,,,,,,,,,,False,False,Windows 11 Home,True,,,,[],,,,False,False,False,,89538.0,108888.0,19350.0,89538.0,99213.0,108888.0,4,flipkart,https://www.flipkart.com/hp-pavilion-plus-ai-pc-intel-core-ultra-5-125h-16-gb-512-gb-ssd-windows-11-home-14-ew1082tu-thin-light-laptop/p/itmbbcd0311d0a00,2026-09-28T11:04:35.434669+00:00,valid
HP,HP Pavilion Plus,14-ey0789AU,Pavilion,,AMD,Ryzen 7 Processor,Ryzen 7,,,,,,,,,,,,,,16,LPDDR5X,,,,,,1024,,,,,14.0,,,,,,,,,,,,,,,,False,False,Windows 11 Home,True,,,,[],,,,False,False,False,,92319.0,98990.0,6671.0,92319.0,95654.5,98990.0,4,flipkart,https://www.flipkart.com/hp-pavilion-plus-amd-ryzen-7-7th-gen-7000-16-gb-1-tb-ssd-windows-11-home-14-ey0789au-thin-light-laptop/p/itmaddf6e4bcfe75,2026-09-28T11:04:35.441367+00:00,valid
HP,HP Pavilion Plus,14-ew0116TU,Pavilion,,Intel,Core i5 13th Gen 1335U,Core i5,,,,,,,,,,,,,,16,LPDDR5X,,,,,,512,,,,,14.0,,,,,,,,,,,,,,,,False,False,Windows 11 Home,True,,,,[],,,,False,False,False,,82320.0,85900.0,3580.0,82320.0,84110.0,85900.0,4,flipkart,https://www.flipkart.com/hp-pavilion-plus-intel-core-i5-13th-gen-1335u-16-gb-512-gb-ssd-windows-11-home-14-ew0116tu-thin-light-laptop/p/itm565ffefa3cf12,2026-09-28T11:05:00.198835+00:00,valid
HP,HP Pavilion x360,14-ek1010TU,Pavilion,,Intel,Core i5 13th Gen 1335U,Core i5,,,,,,,,,,,,,,16,DDR4,,,,,,1024,,,,,14.0,,,,,,,,,,True,,,,,,False,False,Windows 11 Home,True,,,,[],,,,False,False,False,,103420.0,105000.0,1580.0,103420.0,104210.0,105000.0,6,flipkart,https://www.flipkart.com/hp-pavilion-x360-intel-core-i5-13th-gen-1335u-16-gb-1-tb-ssd-windows-11-home-14-ek1010tu-2-1-laptop/p/itm21fc353b17eed,2026-09-28T11:04:35.501533+00:00,valid
HP,HP Pavilion,14-ek0084TU,Pavilion,2021,Intel,Core i5 12th Gen 1235U,Core i5,,,,,,,,,,,,,,8,DDR4,,,,,,512,,,,,14.0,,,,,,,,,,,,,,,,False,False,Windows 11 Home,True,,,,[],,,,False,False,False,,84391.0,115990.0,31599.0,84391.0,100190.5,115990.0,4,flipkart,https://www.flipkart.com/hp-pavilion-intel-core-i5-12th-gen-1235u-8-gb-512-gb-ssd-windows-11-home-14-ek0084tu-thin-light-laptop/p/itm2d992a923c3e5,2026-09-28T11:04:37.457540+00:00,valid
HP,HP Pavilion 14 Touchscreen,Pavilion,Pavilion,2021,Intel,Core i5 12th Gen 1235U,Core i5,,,,,,,,,,,,,,16,DDR4,,,,,,512,,,,,14.0,,,,,,,,,,True,,,,,,False,False,Windows 11 Home,True,,,,[],,,,False,False,False,,95399.0,99000.0,3601.0,95399.0,97199.5,99000.0,4,flipkart,https://www.flipkart.com/hp-pavilion-14-touchscreen-intel-core-i5-12th-gen-1235u-16-gb-512-gb-ssd-windows-11-home-14-dv2041tu-laptop/p/itm5b68c71d614ff,2026-09-28T11:04:37.462167+00:00,valid
HP,HP Pavilion,14-dv2053TU,Pavilion,2021,Intel,Core i5 12th Gen 1235U,Core i5,,,,,,,,,,,,,,8,DDR4,,,,,,512,,,,,14.0,,,,,,,,,,,,,,,,False,False,Windows 11 Home,True,,,,[],,,,False,False,False,,77016.0,79990.0,2974.0,77016.0,78503.0,79990.0,4,flipkart,https://www.flipkart.com/hp-pavilion-intel-core-i5-12th-gen-1235u-8-gb-512-gb-ssd-windows-11-home-14-dv2053tu-thin-light-laptop/p/itm90796c0f2f8f1,2026-09-28T11:04:37.488341+00:00,valid
HP,HP Pavilion,14-dy0207TU,Pavilion,,Intel,Core i3 11th Gen 1125G,Core i3,,,,,,,,,,,,,,8,DDR4,,,,,,512,,,,,14.0,,,,,,,,,,True,,,,,,False,False,Windows 11 Home,True,,,,[],,,,False,False,False,,76990.0,79490.0,2500.0,76990.0,78240.0,79490.0,4,flipkart,https://www.flipkart.com/hp-pavilion-intel-core-i3-11th-gen-1125g4-8-gb-512-gb-ssd-windows-11-home-14-dy0207tu-thin-light-laptop/p/itm737eccec68799,2026-09-28T11:04:37.500732+00:00,valid
HP,HP Victus,Intel,Victus,,Intel,Core 5 13th Gen,,,,,,,,,,,,,,,16,DDR4,,,,,,512,,,,,15.6,,,,,,,,,,,,,,,,False,False,Windows 11 Home,True,,,,[],,,,False,False,False,,114990.0,130000.0,15010.0,114990.0,122495.0,130000.0,8,flipkart,https://www.flipkart.com/hp-victus-i5-14th-gen-intel-core-5-13th-gen-16-gb-512-gb-ssd-windows-11-home-6-graphics-nvidia-geforce-rtx-nvidia-rtx-4050-15-fa1278tx-gaming-laptop/p/itm9687851e16cba,2026-09-28T11:04:45.262810+00:00,valid
HP,HP Victus AI,,Victus,2024,AMD,Ryzen 7 Octa Core,Ryzen 7,,,,,,,,,,,,,,16,DDR5,,,,,,1024,,,,,15.6,,,,,,,,,,,,,,,,False,False,Windows 11 Home,True,,,,[],,,,False,False,False,,157990.0,164309.0,6319.0,157990.0,161149.5,164309.0,12,flipkart,https://www.flipkart.com/hp-victus-ai-amd-ryzen-7-octa-core-260-16-gb-1-tb-ssd-windows-11-home-8-gb-graphics-nvidia-geforce-rtx-5050-15-fb3102ax-gaming-laptop/p/itmd64b9cb8692f8,2026-09-28T11:04:45.335205+00:00,valid
HP,HP Essentials,Intel,,,Intel,Core 5 13th Gen 120U,,,,,,,,,,,,,,,8,DDR4,,,,,,1024,,,,,15.6,,,,,,,,,,,,,,,,False,False,Windows 11 Home,True,,,,[],,,,False,False,False,1,79991.0,89053.0,9062.0,79991.0,84522.0,89053.0,4,flipkart,https://www.flipkart.com/hp-essentials-i5-14th-gen-intel-core-5-13th-gen-120u-8-gb-1-tb-ssd-windows-11-home-15-fd0549tu-thin-light-laptop/p/itm426d2307326b2,2026-09-28T11:04:47.636631+00:00,valid
HP,HP OmniBook 7,Intel,,,Intel,Core 5 210H,,,,,,,,,,,,,,,16,LPDDR5,,,,,,512,,,,,14.0,,,,,,,,,,,,,,,,False,False,Windows 11 Home,True,,,,[],,,,False,False,False,,85299.0,87609.0,2310.0,85299.0,86454.0,87609.0,6,flipkart,https://www.flipkart.com/hp-omnibook-7-i5-14th-gen-intel-core-5-210h-16-gb-512-gb-ssd-windows-11-home-fs0789tu-laptop/p/itm1806920f88545,2026-09-28T11:04:47.643468+00:00,valid
HP,HP 250 G10 Backlit Professional,Professional,,2025,Intel,Core i5 13th Gen 1334U,Core i5,,,,,,,,,,,,,,16,DDR4,,,,,,512,,,,,15.6,,,,,,,,,,,,,,,,False,False,Windows 11 Home,True,,,,[],,,,False,False,False,1,82067.0,90000.0,7933.0,82067.0,86033.5,90000.0,2,flipkart,https://www.flipkart.com/hp-250-g10-backlit-2025-professional-intel-core-i5-13th-gen-1334u-16-gb-512-gb-ssd-windows-11-home-thin-light-laptop/p/itm231cd821923ec,2026-09-28T11:04:47.677110+00:00,valid
HP,HP 15 {2026},FD0651TU,,2026,Intel,Core i5 14th Gen 120U,Core i5,,,,,,,,,,,,,,8,DDR4,,,,,,512,,,,,15.6,,,,,,,,,,,,,,,,False,False,Windows 11 Home,True,,,,[],,,,False,False,False,,75499.0,78990.0,3491.0,75499.0,77244.5,78990.0,2,flipkart,https://www.flipkart.com/hp-15-2026-intel-core-i5-14th-gen-120u-8-gb-512-gb-ssd-windows-11-home-fd0651tu-thin-light-laptop/p/itmd8afd5cc2660c,2026-09-28T11:04:47.721694+00:00,valid
HP,HP Envy,15-ew0021TX,Envy,,Intel,Core i5 12th Gen 1235U,Core i5,,,,,,,,,,,,,,16,DDR4,,,,,,512,,,,,15.6,,,,,,,,,,True,,,,,,False,False,Windows 11 Home,True,,,,[],,,,False,False,False,,,,,,,,0,flipkart,https://www.flipkart.com/hp-envy-intel-core-i5-12th-gen-1235u-16-gb-512-gb-ssd-windows-11-home-4-graphics-15-ew0021tx-2-1-laptop/p/itme53aea7c902d0,2026-09-28T11:04:47.750385+00:00,insufficient_sources
Gigabyte,GIGABYTE GAMING A16,,,,AMD,Ryzen 7 Processor,Ryzen 7,,,,,,,,,,,,,,16,DDR5,,,,,,512,,,,,16.0,,,,,,,,,,,,,,,,False,False,Windows 11 Home,True,,,,[],,,,False,False,False,,139990.0,207000.0,67010.0,139990.0,173495.0,207000.0,16,flipkart,https://www.flipkart.com/gigabyte-gaming-a16-amd-ryzen-7-260-16-gb-512-gb-ssd-windows-11-home-8-graphics-nvidia-geforce-rtx-5060-3vhk3in893sh-laptop/p/itme0ecd838c7545,2026-09-28T11:04:52.447465+00:00,valid
HP,HP 15 G9,AMD,,2025,AMD,Ryzen 3,Ryzen 3,,,,,,,,,,,,,,8,DDR4,,,,,,512,,,,,15.6,,,,,,,,,,,,,,,,False,False,Windows 11 Home,True,,,,[],,,,False,False,False,,51990.0,53990.0,2000.0,51990.0,52990.0,53990.0,4,flipkart,https://www.flipkart.com/hp-15-g9-2025-amd-ryzen-3-dual-core-3250u-8-gb-512-gb-ssd-windows-11-home-thin-light-laptop/p/itm67ca48e4b84d6,2026-09-28T11:04:52.504642+00:00,valid
HP,HP 245 G9 Silver,245,,,AMD,Ryzen 5 Hexa Core 5625U,Ryzen 5,5,,,,,,,,,,,,,8,DDR4,,,,,,512,,,,,14.1,,,,,,,,,,,,,,,,False,False,Windows 11 Home,True,,,,[],,,,False,False,False,,54690.0,59999.0,5309.0,54690.0,57344.5,59999.0,6,flipkart,https://www.flipkart.com/hp-245-g9-silver-amd-ryzen-5-hexa-core-5625u-8-gb-512-gb-ssd-windows-11-home-laptop/p/itma488dac338fb5,2026-09-28T11:04:54.533187+00:00,valid
HP,Chromebook 3,15a-nb0002TU,,,Intel,Core i3,Core i3,,,,,,,,,,,,,,8,LPDDR5,,,,,,,,,,,15.6,,,,,,,,,,,,,,,,False,False,Chrome OS,False,,,,[],,,,False,False,False,,,,,,,,0,flipkart,https://www.flipkart.com/hp-intel-core-i3-n305-8-gb-chrome-os-15a-nb0002tu-chromebook/p/itm49c5d20208887,2026-09-28T11:04:54.589473+00:00,insufficient_sources
HP,HP 15 with Backlit Keyboard & Office 2024,,,2024,AMD,Ryzen 7 Octa Core 5825U,Ryzen 7,5,,,,,,,,,,,,,16,DDR4,,,,,,512,,,,,15.6,,,,,,,,,,,,,,,,False,False,Windows 11 Home,True,,,,[],Backlit Keyboard,,,False,False,False,,83432.0,85900.0,2468.0,83432.0,84666.0,85900.0,4,flipkart,https://www.flipkart.com/hp-15-backlit-keyboard-office-2024-amd-ryzen-7-octa-core-5825u-16-gb-512-gb-ssd-windows-11-home-15-fc0476au-15-fc0533au-thin-light-laptop/p/itm573d0be23b79c,2026-09-28T11:04:54.593060+00:00,valid
HP,HP OMEN 16,,Omen,,Intel,Core Ultra 7 255,Core Ultra 7,1,,,,,,,,,,,,,24,DDR5,,,,,,1024,,,,,16.0,,,,,,,,,,,,,,,,False,False,Windows 11 Home,True,,,,[],,,,False,False,False,,149990.0,168617.0,18627.0,149990.0,159303.5,168617.0,18,flipkart,https://www.flipkart.com/hp-omen-16-intel-core-ultra-7-255-h-24-gb-1-tb-ssd-windows-11-home-8-gb-graphics-nvidia-geforce-rtx-5050-16-am0240tx-gaming-laptop/p/itma78eb4b7b4454,2026-09-28T11:04:58.266260+00:00,valid
HP,HP HyperX Omen 16,AMD,Omen,2024,AMD,Ryzen 7 Octa Core 8745HX,Ryzen 7,8,,,,,,,,,,,,,16,DDR5,,,,,,1024,,,,,16.0,,,,,,,,,,,,,,,,False,False,Windows 11 Home,True,,,,[],,,,False,False,False,,227990.0,357244.0,129254.0,227990.0,292617.0,357244.0,2,flipkart,https://www.flipkart.com/hp-hyperx-omen-16-valorant-edition-amd-ryzen-7-octa-core-8745hx-16-gb-1-tb-ssd-windows-11-home-8-gb-graphics-nvidia-geforce-rtx-5060-16-ap1010ax-gaming-laptop/p/itm687016d39af8a,2026-09-28T11:04:58.279455+00:00,valid
HP,HP OMEN Slim,,Omen,,Intel,Core Ultra 7 255H,Core Ultra 7,2,,,,,,,,,,,,,24,DDR5,,,,,,1024,,,,,16.0,,,,,,,,,,,,,,,,False,False,Windows 11 Home,True,,,,[],,,,False,False,False,,184899.0,222000.0,37101.0,184899.0,203449.5,222000.0,4,flipkart,https://www.flipkart.com/hp-omen-slim-intel-core-ultra-7-255h-24-gb-1-tb-ssd-windows-11-home-8-gb-graphics-nvidia-geforce-rtx-5060-16-an0015tx-gaming-laptop/p/itmabdfb2dd5fa1e,2026-09-28T11:04:58.305448+00:00,valid
HP,HP OMEN,,Omen,,Intel,Core i7 14th Gen 14700HX,Core i7,14,,,,,,,,,,,,,16,DDR5,,,,,,1024,,,,,16.1,,,,,,,,,,,,,,,,False,False,Windows 11 Home,True,,,,[],,,,False,False,False,,189599.0,197507.0,7908.0,142990.0,180365.33,197507.0,6,flipkart,https://www.flipkart.com/hp-omen-intel-core-i7-14th-gen-14700hx-16-gb-1-tb-ssd-windows-11-home-8-gb-graphics-nvidia-geforce-rtx-4070-140-w-16-wf1026tx-gaming-laptop/p/itm4545e3c1ba1b6,2026-09-28T11:04:58.309169+00:00,valid
HP,HP OMEN,,Omen,2021,Intel,Core i7 12th Gen 12700H,Core i7,12,,,,,,,,,,,,,16,DDR5,,,,,,1024,,,,,16.1,,,,,,,,,,,,,,,,False,False,Windows 11 Home,True,,,,[],,,,False,False,False,,181599.0,189900.0,8301.0,181599.0,185749.5,189900.0,4,flipkart,https://www.flipkart.com/hp-omen-intel-core-i7-12th-gen-12700h-16-gb-1-tb-ssd-windows-11-home-8-gb-graphics-nvidia-geforce-rtx-3070-16-b1370tx-gaming-laptop/p/itm5b316c4d48921,2026-09-28T11:04:58.327190+00:00,valid
HP,HP Omnibook 3 with Backlit Keyboard,15-fn0,,2024,AMD,Ryzen AI 5 Quad Core -,Ryzen AI,,,,,,,,,,,,,,24,DDR5,,,,,,1024,,,,,15.6,,,,,,,,,,,,,,,,False,False,Windows 11 Home,True,,,,[],Backlit Keyboard,,,False,False,False,,97900.0,99900.0,2000.0,97900.0,98900.0,99900.0,2,flipkart,https://www.flipkart.com/hp-omnibook-3-backlit-keyboard-amd-ryzen-ai-5-quad-core-24-gb-1-tb-ssd-windows-11-home-15-fn0074au-thin-light-laptop/p/itmd94bf8129a01f,2026-09-28T11:04:58.352246+00:00,valid
HP,HP Omnibook 5 Flip,Intel,,,Intel,Core 7,,,,,,,,,,,,,,,16,LPDDR5,,,,,,1024,,,,,14.0,,,,,,,,,,True,,,,,,False,False,Windows 11 Home,True,,,,[],,,,False,False,False,,134393.0,139990.0,5597.0,134393.0,137191.5,139990.0,6,flipkart,https://www.flipkart.com/hp-omnibook-5-flip-i7-14th-gen-intel-core-7-16-gb-1-tb-ssd-windows-11-home-14-fp0690tu-2-1-laptop/p/itm7b8974263bc19,2026-09-28T11:05:00.120930+00:00,valid
HP,HP OMEN 35L Gaming Desktop GT16,,Omen,,Intel,Core Ultra 5 225F,Core Ultra 5,1,,,,,NVIDIA,NVIDIA GeForce RTX 5060,Discrete,,,,,,16,DDR5,,,,,,1024,,,,,16.0,,,,,,,,,,,,,,,,False,False,Windows 11 Home,True,,,,[],,,,False,False,False,3,,,,,,,0,flipkart,https://www.flipkart.com/hp-omen-35l-gaming-desktop-gt16-0017in-intel-core-ultra-5-225f-16-gb-ram-nvidia-geforce-rtx-5060-graphics-1-tb-hard-disk-1-ssd-capacity-windows-11-home-64-bit-8-graphics-memory-tower/p/itm455bbded56db4,2026-09-28T11:05:00.123451+00:00,insufficient_sources
HP,HP OMEN 16L Gaming Desktop TG03,,Omen,,Intel,Core i7-14700F,Core i7,14,,,,,NVIDIA,NVIDIA GeForce RTX 5060,Discrete,,,,,,32,DDR5,,,,,,2048,,,,,,,,,,,,,,,,,,,,,False,False,Windows 11 Home,True,,,,[],,,,False,False,False,3,,,,,,,0,flipkart,https://www.flipkart.com/hp-omen-16l-gaming-desktop-tg03-0012in-intel-core-i7-14700f-32-gb-ram-nvidia-geforce-rtx-5060-graphics-2-tb-hard-disk-2-ssd-capacity-windows-11-home-64-bit-8-graphics-memory-tower/p/itm1354b4e388eea,2026-09-28T11:05:00.147576+00:00,insufficient_sources
HP,HP Omnibook 3,14-hs0052TU,,2024,,,,,,,,,,,,,,,,,16,DDR5,,,,,,512,,,,,14.0,,,,,,,,,,,,,,,,False,False,Windows 11 Home,True,,,,[],,,,False,False,False,,119990.0,176018.0,56028.0,119990.0,148004.0,176018.0,2,flipkart,https://www.flipkart.com/hp-omnibook-3-intel-core-ultra-5-series-322-16-gb-512-gb-ssd-windows-11-home-14-hs0052tu-laptop/p/itmbaa4b72e765c2,2026-09-28T11:05:00.161705+00:00,valid
HP,"HP OmniBook 5 Flip with Touchscreen, Backlit Keyboard & MSO'2024,",,,2024,Intel,Core i5 13th Gen 1334U,Core i5,,,,,,,,,,,,,,16,LPDDR5,,,,,,512,,,,,14.0,,,,,,,,,,True,,,,,,False,False,Windows 11 Home,True,,,,[],Backlit Keyboard,,,False,False,False,,105000.0,124900.0,19900.0,105000.0,114950.0,124900.0,2,flipkart,https://www.flipkart.com/hp-omnibook-5-flip-touchscreen-backlit-keyboard-mso-2024-intel-core-i5-13th-gen-1334u-16-gb-512-gb-ssd-windows-11-home-14-fp0789tu-thin-light-laptop/p/itmf665cef7ac5df,2026-09-28T11:05:00.168074+00:00,valid
HP,HP 255 G10 Backlit + FingerPrint,AMD,,2025,AMD,Ryzen 5 Quad Core 7520U,Ryzen 5,7,,,,,,,,,,,,,16,LPDDR5,,,,,,512,,,,,15.6,,,,,,,,,,,,,,,,False,False,Windows 11 Home,True,,,,[],,,,False,False,False,,68806.0,69999.0,1193.0,68806.0,69402.5,69999.0,2,flipkart,https://www.flipkart.com/hp-255-g10-backlit-fingerprint-2025-amd-ryzen-5-quad-core-7520u-16-gb-512-gb-ssd-windows-11-home-thin-light-laptop/p/itm1b466281d98b6,2026-09-28T11:05:00.171208+00:00,valid
HP,HP MS Office 2024,15-fc1038AU,,2024,AMD,Ryzen 7 Octa Core,Ryzen 7,,,,,,,,,,,,,,16,DDR5,,,,,,512,,,,,15.6,,,,,,,,,,,,,,,,False,False,Windows 11 Home,True,,,,[],,,,False,False,False,1,75991.0,99889.0,23898.0,75991.0,87940.0,99889.0,10,flipkart,https://www.flipkart.com/hp-ms-office-2024-amd-ryzen-7-octa-core-16-gb-512-gb-ssd-windows-11-home-15-fc1038au-thin-light-laptop/p/itmb85cccdf90f6f,2026-09-28T11:05:00.174113+00:00,valid
HP,HP 15 G9,AMD,,2025,AMD,Ryzen 5 Hexa Core 5625U,Ryzen 5,5,,,,,,,,,,,,,16,DDR4,,,,,,512,,,,,15.6,,,,,,,,,,,,,,,,False,False,Windows 11 Pro,True,,,,[],,,,False,False,False,,68002.0,69990.0,1988.0,68002.0,68996.0,69990.0,2,flipkart,https://www.flipkart.com/hp-15-g9-2025-amd-ryzen-5-hexa-core-5625u-16-gb-512-gb-ssd-windows-11-pro-thin-light-laptop/p/itme6fd8a1c31200,2026-09-28T11:05:00.180534+00:00,valid
HP,HP HP Smartchoice OmniBook 5,ag1048au,,,AMD,Ryzen 7 Processor,Ryzen 7,,,,,,,,,,,,,,16,DDR5,,,,,,512,,,,,16.0,,,,,,,,,,,,,,,,False,False,Windows 11 Home,True,,,,[],,,,False,False,False,,117856.0,131990.0,14134.0,117856.0,124923.0,131990.0,2,flipkart,https://www.flipkart.com/hp-smartchoice-omnibook-5-amd-ryzen-7-ryzen-ai-350-16-gb-512-gb-ssd-windows-11-home-ag1048au-thin-light-laptop/p/itmb7e7af30acc89,2026-09-28T11:05:00.190013+00:00,valid
HP,HP OmniBook X AI PC,14-fe0121QU,,,Qualcomm,Snapdragon X Elite -,Snapdragon X,,,,,,,,,,,,,,16,LPDDR5X,,,,,,1024,,,,,14.0,,,,,,,,,,True,,,,,,False,False,Windows 11 Home,True,,,,[],,,,False,False,False,,,,,,,,0,flipkart,https://www.flipkart.com/hp-omnibook-x-ai-pc-snapdragon-elite-16-gb-1-tb-ssd-windows-11-home-14-fe0121qu-thin-light-laptop/p/itm4f0ec97e25d36,2026-09-28T11:05:00.201823+00:00,insufficient_sources
HP,HP MSO 2024,15-fc0389AU,,2024,AMD,Ryzen 5 Hexa Core 7430U,Ryzen 5,7,,,,,,,,,,,,,16,DDR4,,,,,,512,,,,,15.6,,,,,,,,,,,,,,,,False,False,Windows 11 Home,True,,,,[],,,,False,False,False,,68440.0,75900.0,7460.0,68440.0,72170.0,75900.0,2,flipkart,https://www.flipkart.com/hp-mso-2024-amd-ryzen-5-hexa-core-7430u-16-gb-512-gb-ssd-windows-11-home-15-fc0389au-thin-light-laptop/p/itmd1de3bf78d327,2026-09-28T11:05:01.914478+00:00,valid
HP,HP Omnibook 5 2K OLED,Omnibook,,,Qualcomm,Snapdragon X -,Snapdragon X,,,,,,,,,,,,,,16,LPDDR5X,,,,,,1024,,,,,14.0,,,,,OLED,,,,,,,,,,,False,False,Windows 11 Home,True,,,,[],,,,False,False,False,,94500.0,154900.0,60400.0,94500.0,124700.0,154900.0,2,flipkart,https://www.flipkart.com/hp-omnibook-5-2k-oled-snapdragon-x-16-gb-1-tb-ssd-windows-11-home-14-he0015qu-thin-light-laptop/p/itm836f3f9be55cf,2026-09-28T11:05:01.921027+00:00,valid
HP,HP OmniBook,14-fe1011QU,,2021,Qualcomm,Snapdragon X Plus -,Snapdragon X,,,,,,,,,,,,,,16,LPDDR5X,,,,,,512,,,,,14.0,,,,,,,,,,True,,,,,,False,False,Windows 11 Home,True,,,,[],,,,False,False,False,,,,,,,,0,flipkart,https://www.flipkart.com/hp-omnibook-snapdragon-x-plus-16-gb-512-gb-ssd-windows-11-home-14-fe1011qu-thin-light-laptop/p/itm409810c4c4227,2026-09-28T11:05:01.923854+00:00,insufficient_sources
HP,"HP OmniBook 5 Backlit Keyboard & MSO'2024,",,,2024,Intel,Core i5 13th Gen 1334U,Core i5,,,,,,,,,,,,,,16,LPDDR5X,,,,,,512,,,,,16.0,,,,,,,,,,,,,,,,False,False,Windows 11,True,,,,[],Backlit Keyboard,,,False,False,False,,97563.0,99900.0,2337.0,97563.0,98731.5,99900.0,2,flipkart,https://www.flipkart.com/hp-omnibook-5-backlit-keyboard-mso-2024-intel-core-i5-13th-gen-1334u-16-gb-512-gb-ssd-windows-11-home-16-ba1008tu-thin-light-laptop/p/itmb0751d07827ec,2026-09-28T11:05:01.943669+00:00,valid
Acer,"Acer Aspire Lite Metal , Backlit Keyboard",,Aspire,2026,AMD,Ryzen 3 7330U,Ryzen 3,7,,,,,,,,,,,,,8,DDR4,,,,,,256,,,,,15.6,,,,,,,,,,,,,,,,False,False,Windows 11 Home,True,,,,[],Backlit Keyboard,,,False,False,False,,39990.0,54990.0,15000.0,39990.0,47490.0,54990.0,8,flipkart,https://www.flipkart.com/acer-aspire-lite-metal-2026-backlit-keyboard-amd-ryzen-3-7330u-8-gb-256-gb-ssd-windows-11-home-al15-42-notebook/p/itm7c9587abd46b9,2026-09-28T11:05:04.927192+00:00,valid
Acer,Acer Acer Aspire Lite AL15,AL15-53,Aspire,,Intel,Core i3 13th Gen,Core i3,,,,,,,,,,,,,,8,DDR4,,,,,,512,,,,,15.6,,,,,,,,,,,,,,,,False,False,Windows 11 Home,True,,,,[],,,,False,False,False,,53323.0,59990.0,6667.0,53323.0,56656.5,59990.0,6,flipkart,https://www.flipkart.com/acer-aspire-lite-al15-53-intel-core-i3-13th-gen-8-gb-512-gb-ssd-windows-11-home-notebook/p/itma0128e7d1fb8d,2026-09-28T11:05:04.933610+00:00,valid
Acer,Acer Aspire Lite,AL15-52,Aspire,,Intel,Core i5 12th Gen 1235U,Core i5,,,,,,,,,,,,,,16,DDR4,,,,,,512,,,,,15.6,,,,,,,,,,,,,,,,False,False,Windows 11 Home,True,,,,[],,,,False,False,False,,68005.0,69990.0,1985.0,68005.0,68997.5,69990.0,12,flipkart,https://www.flipkart.com/acer-aspire-lite-intel-core-i5-12th-gen-1235u-16-gb-512-gb-ssd-windows-11-home-al15-52-thin-light-laptop/p/itm1bc0bcb4598e7,2026-09-28T11:05:04.936658+00:00,valid
Acer,Acer Aspire Lite,AL15-52H,Aspire,,Intel,Core i7 12th Gen 12650H,Core i7,12,,,,,,,,,,,,,16,LPDDR5,,,,,,512,,,,,15.6,,,,,,,,,,,,,,,,False,False,Windows 11 Home,True,,,,[],,,,False,False,False,1,74990.0,79990.0,5000.0,74990.0,77490.0,79990.0,12,flipkart,https://www.flipkart.com/acer-aspire-lite-intel-core-i7-12th-gen-12650h-16-gb-512-gb-ssd-windows-11-home-al15-52h-thin-light-laptop/p/itmac43cf2d5d952,2026-09-28T11:05:04.940841+00:00,valid
Acer,Acer,,,,AMD,Ryzen 3 5300U,Ryzen 3,5,,,,,,,,,,,,,8,DDR4,,,,,,512,,,,,15.6,,,,,,,,,,,,,,,,False,False,Windows 11 Home,True,,,,[],,,,False,False,False,,45990.0,49990.0,4000.0,45990.0,47990.0,49990.0,4,flipkart,https://www.flipkart.com/acer-amd-ryzen-3-5300u-processor-quad-core-5th-gen-8-gb-512-gb-ssd-windows-11-home-un-31zsi-06w-laptop/p/itm57da23ee51b6d,2026-09-28T11:05:04.945004+00:00,valid
Acer,Acer,AL15-41,,,AMD,Ryzen 3 Quad Core,Ryzen 3,,,,,,,,,,,,,,8,DDR4,,,,,,512,,,,,15.6,,,,,,,,,,,,,,,,False,False,Windows 11 Home,True,,,,[],,,,False,False,False,1,45990.0,49990.0,4000.0,45990.0,47990.0,49990.0,4,flipkart,https://www.flipkart.com/acer-amd-ryzen-3-quad-core-5th-gen-5300u-8-gb-512-gb-ssd-windows-11-home-al15-41-laptop/p/itm5101dc7b33b19,2026-09-28T11:05:04.948099+00:00,valid
Acer,Acer Aspire Lite,AL15-41,Aspire,,AMD,Ryzen 3 Quad Core,Ryzen 3,,,,,,,,,,,,,,16,DDR4,,,,,,512,,,,,15.6,,,,,,,,,,,,,,,,False,False,Windows 11 Home,True,,,,[],,,,False,False,False,,57471.0,59990.0,2519.0,57471.0,58730.5,59990.0,4,flipkart,https://www.flipkart.com/acer-aspire-lite-amd-ryzen-3-quad-core-16-gb-512-gb-ssd-windows-11-home-al15-41-thin-light-laptop/p/itmd17642d6b73a3,2026-09-28T11:05:04.950770+00:00,valid
Acer,Acer Aspire Lite,AL15-51,Aspire,,Intel,Core i3 11th Gen 1115G,Core i3,,,,,,,,,,,,,,16,DDR4,,,,,,512,,,,,15.6,,,,,,,,,,,,,,,,False,False,Windows 11 Home,True,,,,[],,,,False,False,False,,58441.0,60090.0,1649.0,58441.0,59265.5,60090.0,2,flipkart,https://www.flipkart.com/acer-aspire-lite-intel-core-i3-11th-gen-1115g4-16-gb-512-gb-ssd-windows-11-home-al15-51-thin-light-laptop/p/itm1bc0bcb4598e7,2026-09-28T11:05:04.953761+00:00,valid
Acer,"Acer Aspire Lite with Backlit Keyboard,",,Aspire,,Intel,Core i7 12th Gen 1255U,Core i7,,,,,,,,,,,,,,16,DDR4,,,,,,512,,,,,15.6,,,,,,,,,,,,,,,,False,False,Windows 11,True,,,,[],Backlit Keyboard,,,False,False,False,,53999.0,74999.0,21000.0,53999.0,64499.0,74999.0,4,flipkart,https://www.flipkart.com/acer-aspire-lite-backlit-keyboard-intel-core-i7-12th-gen-1255u-16-gb-512-gb-ssd-windows-11-home-al15-52-thin-light-laptop/p/itm1bc0bcb4598e7,2026-09-28T11:05:06.885391+00:00,valid
Acer,Acer Aspire Lite,AL15-52,Aspire,,Intel,Core i3 12th Gen 1215U,Core i3,,,,,,,,,,,,,,8,DDR4,,,,,,512,,,,,15.6,,,,,,,,,,,,,,,,False,False,Windows 11 Home,True,,,,[],,,,False,False,False,,52398.0,59990.0,7592.0,52398.0,56194.0,59990.0,6,flipkart,https://www.flipkart.com/acer-aspire-lite-intel-core-i3-12th-gen-1215u-8-gb-512-gb-ssd-windows-11-home-al15-52-thin-light-laptop/p/itm2f1be04e21a00,2026-09-28T11:05:06.899278+00:00,valid
Acer,Acer Aspire Lite,AL14-71P,Aspire,,Intel,Core i5 13th Gen,Core i5,,,,,,,,,,,,,,16,DDR5,,,,,,512,,,,,14.0,,,,,,,,,,,,,,,,False,False,Windows 11 Home,True,,,,[],,,,False,False,False,,69990.0,109990.0,40000.0,69990.0,89990.0,109990.0,4,flipkart,https://www.flipkart.com/acer-aspire-lite-intel-core-i5-13th-gen-i5-13500h-16-gb-512-gb-ssd-windows-11-home-al14-71p-thin-light-laptop/p/itmc875821376770,2026-09-28T11:05:06.914571+00:00,valid
Acer,Acer Aspire Lite,AL15-52H,Aspire,,Intel,Core i7 13th Gen 13620H,Core i7,13,,,,,,,,,,,,,16,LPDDR5,,,,,,512,,,,,15.6,,,,,,,,,,,,,,,,False,False,Windows 11 Home,True,,,,[],,,,False,False,False,1,81990.0,99990.0,18000.0,81990.0,90990.0,99990.0,4,flipkart,https://www.flipkart.com/acer-aspire-lite-intel-core-i7-13th-gen-13620h-16-gb-512-gb-ssd-windows-11-home-al15-52h-thin-light-laptop/p/itmca7fe5d3a4b0e,2026-09-28T11:05:06.917355+00:00,valid
Acer,Acer Aspire,AL15-52H,Aspire,,Intel,Core i5 12th Gen,Core i5,,,,,,,,,,,,,,16,LPDDR5,,,,,,512,,,,,15.6,,,,,,,,,,,,,,,,False,False,Windows 11 Home,True,,,,[],,,,False,False,False,,69990.0,75990.0,6000.0,69990.0,72990.0,75990.0,6,flipkart,https://www.flipkart.com/acer-aspire-intel-core-i5-12th-gen-16-gb-512-gb-ssd-windows-11-home-al15-52h-thin-light-laptop/p/itmeac253f0587d8,2026-09-28T11:05:06.920237+00:00,valid
Acer,Acer 3 Years Warranty Aspire Lite Backlit,Intel,Aspire,2026,Intel,Core i5 13th Gen,Core i5,,,,,,,,,,,,,,16,DDR4,,,,,,512,,,,,15.6,,,,,,,,,,,,,,,,False,False,Windows 11 Home,True,,,,[],,,,False,False,False,,78990.0,90900.0,11910.0,78990.0,84945.0,90900.0,4,flipkart,https://www.flipkart.com/acer-3-years-warranty-aspire-lite-backlit-2026-intel-core-i5-13th-gen-16-gb-512-gb-ssd-windows-11-home-al15-53-thin-light-laptop/p/itmcce791ec56d70,2026-09-28T11:05:06.923195+00:00,valid
Acer,Acer,UN,,,Intel,Core i5 13th Gen,Core i5,,,,,,,,,,,,,,16,LPDDR4,,,,,,512,,,,,15.6,,,,,,,,,,,,,,,,False,False,Windows 11 Home,True,,,,[],,,,False,False,False,1,69000.0,85900.0,16900.0,69000.0,77450.0,85900.0,2,flipkart,https://www.flipkart.com/acer-intel-core-i5-13th-gen-16-gb-512-gb-ssd-windows-11-home-un-34esi-00k-laptop/p/itm440b56b07cd6c,2026-09-28T11:05:06.931424+00:00,valid
Acer,Acer Aspire,AL15-52H,Aspire,,Intel,Core i5 12th Gen,Core i5,,,,,,,,,,,,,,12,LPDDR5,,,,,,512,,,,,15.6,,,,,,,,,,,,,,,,False,False,Windows 11 Home,True,,,,[],,,,False,False,False,,66949.0,72990.0,6041.0,66949.0,69969.5,72990.0,4,flipkart,https://www.flipkart.com/acer-aspire-intel-core-i5-12th-gen-12-gb-512-gb-ssd-windows-11-home-al15-52h-thin-light-laptop/p/itmb4257c1cda497,2026-09-28T11:05:06.934620+00:00,valid
Acer,Acer Aspire,AL15-52H,Aspire,,Intel,Core i5 13th Gen,Core i5,,,,,,,,,,,,,,16,LPDDR5,,,,,,512,,,,,15.6,,,,,,,,,,,,,,,,False,False,Windows 11 Home,True,,,,[],,,,False,False,False,,68702.0,80990.0,12288.0,68702.0,74846.0,80990.0,6,flipkart,https://www.flipkart.com/acer-aspire-intel-core-i5-13th-gen-16-gb-512-gb-ssd-windows-11-home-al15-52h-thin-light-laptop/p/itm7d8c274d68fef,2026-09-28T11:05:06.954316+00:00,valid
Acer,Acer Aspire 3,A315-58,Aspire,,Intel,Core i5 11th Gen 1135G,Core i5,,,,,,,,,,,,,,8,DDR4,,,,,,512,,,,,15.6,,,,,,,,,,,,,,,,False,False,Windows 11 Home,True,,,,[],,,,False,False,False,,,,,,,,0,flipkart,https://www.flipkart.com/acer-aspire-3-intel-core-i5-11th-gen-1135g7-8-gb-512-gb-ssd-windows-11-home-a315-58-thin-light-laptop/p/itm80b045ba82859,2026-09-28T11:05:06.957870+00:00,insufficient_sources
Acer,Acer Aspire 7,,Aspire,,Intel,Core i5 12th Gen 1240P,Core i5,,,,,,,,,,,,,,8,DDR4,,,,,,512,,,,,15.6,,,,,,,,,,,,,,,,False,False,Windows 11 Home,True,,,,[],,,,False,False,False,,,,,,,,0,flipkart,https://www.flipkart.com/acer-aspire-7-intel-core-i5-12th-gen-1240p-8-gb-512-gb-ssd-windows-11-home-4-graphics-nvidia-geforce-gtx-1650-a715-51g-a715-51g-527c-gaming-laptop/p/itmd57f25c89d62e,2026-09-28T11:05:06.961792+00:00,insufficient_sources
Acer,Acer,Aspire,,,Intel,Core i3 13th Gen,Core i3,,,,,,,,,,,,,,8,DDR4,,,,,,512,,,,,15.6,,,,,,,,,,,,,,,,False,False,Windows 11 Home,True,,,,[],,,,False,False,False,1,48807.0,59990.0,11183.0,48807.0,54398.5,59990.0,10,flipkart,https://www.flipkart.com/acer-intel-core-i3-13th-gen-8-gb-512-gb-ssd-windows-11-home-aspire-3-laptop/p/itm36ec2de96cda7,2026-09-28T11:05:09.355290+00:00,valid
Acer,Acer Aspire 3 Backlit,A324-51,Aspire,,Intel,Core i3 12th Gen 1215U,Core i3,,,,,,,,,,,,,,8,DDR4,,,,,,512,,,,,14.0,,,,,,,,,,,,,,,,False,False,Windows 11 Home,True,,,,[],,,,False,False,False,,51939.0,65990.0,14051.0,51939.0,58028.93,65990.0,14,flipkart,https://www.flipkart.com/acer-aspire-3-backlit-intel-core-i3-12th-gen-1215u-8-gb-512-gb-ssd-windows-11-home-a324-51-thin-light-laptop/p/itm7dda0a4d1d62a,2026-09-28T11:05:09.432548+00:00,valid
Acer,Acer Aspire 3,A315-59,Aspire,,Intel,Core i5 12th Gen,Core i5,,,,,,,,,,,,,,8,DDR4,,,,,,512,,,,,15.6,,,,,,,,,,,,,,,,False,False,Windows 11 Home,True,,,,[],,,,False,False,False,,56990.0,69990.0,13000.0,56990.0,63490.0,69990.0,14,flipkart,https://www.flipkart.com/acer-aspire-3-intel-core-i5-12th-gen-8-gb-512-gb-ssd-windows-11-home-a315-59-50cp-thin-light-laptop/p/itmb8e9fbe22f575,2026-09-28T11:05:09.381431+00:00,valid
Acer,Acer Aspire 3,A315-24P,Aspire,,AMD,Ryzen 3 Quad Core 7320U,Ryzen 3,7,,,,,,,,,,,,,8,LPDDR5,,,,,,512,,,,,15.6,,,,,,,,,,,,,,,,False,False,Windows 11 Home,True,,,,[],,,,False,False,False,,46990.0,49990.0,3000.0,46990.0,48490.0,49990.0,12,flipkart,https://www.flipkart.com/acer-aspire-3-amd-ryzen-quad-core-7320u-8-gb-512-gb-ssd-windows-11-home-a315-24p-thin-light-laptop/p/itmf420b92cf4584,2026-09-28T11:05:09.384583+00:00,valid
Acer,Acer Aspire 3,Intel,Aspire,2025,Intel,Core i3 13th Gen 1305U,Core i3,,,,,,,,,,,,,,8,DDR4,,,,,,512,,,,,15.6,,,,,,,,,,,,,,,,False,False,Windows 11 Home,True,,,,[],,,,False,False,False,,48949.0,56990.0,8041.0,48949.0,52969.5,56990.0,8,flipkart,https://www.flipkart.com/acer-aspire-3-2025-intel-core-i3-13th-gen-1305u-8-gb-512-gb-ssd-windows-11-home-a325-53-thin-light-laptop/p/itmb056b2ef8b465,2026-09-28T11:05:09.393938+00:00,valid
Acer,Acer Aspire 3,A315-23,Aspire,,AMD,Ryzen 3,Ryzen 3,,,,,,,,,,,,,,8,DDR4,,,,,,512,,,,,15.6,,,,,,,,,,,,,,,,False,False,Windows 11 Home,True,,,,[],,,,False,False,False,,46141.0,59990.0,13849.0,46141.0,53065.5,59990.0,14,flipkart,https://www.flipkart.com/acer-aspire-3-amd-ryzen-dual-core-3250u-8-gb-512-gb-ssd-windows-11-home-a315-23-laptop/p/itmd7cafc026f253,2026-09-28T11:05:09.400666+00:00,valid
Acer,Acer Aspire 5 Gaming,,Aspire,,Intel,Core i5 12th Gen 1240P,Core i5,,,,,,,,,,,,,,16,DDR4,,,,,,512,,,,,15.6,,,,,,,,,,,,,,,,False,False,Windows 11 Home,True,,,,[],,,,False,False,False,,79500.0,89999.0,10499.0,79500.0,84749.5,89999.0,22,flipkart,https://www.flipkart.com/acer-aspire-5-gaming-intel-core-i5-12th-gen-1240p-16-gb-512-gb-ssd-windows-11-home-4-graphics-nvidia-geforce-rtx-2050-a515-57g-laptop/p/itmc94e7cd480aba,2026-09-28T11:05:09.405677+00:00,valid
Acer,Acer Aspire 3,Intel,Aspire,2025,Intel,Core i3 13th Gen 1305U,Core i3,,,,,,,,,,,,,,16,DDR4,,,,,,512,,,,,15.6,,,,,,,,,,,,,,,,False,False,Windows 11 Home,True,,,,[],,,,False,False,False,,52990.0,78990.0,26000.0,52990.0,65990.0,78990.0,6,flipkart,https://www.flipkart.com/acer-aspire-3-2025-intel-core-i3-13th-gen-1305u-16-gb-512-gb-ssd-windows-11-home-a325-53-thin-light-laptop/p/itm07bdcd1870dd6,2026-09-28T11:05:09.414039+00:00,valid
Acer,Acer Aspire 3,A315-59,Aspire,,Intel,Core i5 12th Gen 1235U,Core i5,,,,,,,,,,,,,,8,DDR4,,,,,,512,,,,,15.6,,,,,,,,,,,,,,,,False,False,Windows 11 Home,True,,,,[],,,,False,False,False,,56990.0,59990.0,3000.0,56990.0,58490.0,59990.0,8,flipkart,https://www.flipkart.com/acer-aspire-3-intel-core-i5-12th-gen-1235u-8-gb-512-gb-ssd-windows-11-home-a315-59-50cp-thin-light-laptop/p/itm9722f660b9fc6,2026-09-28T11:05:09.418754+00:00,valid
Acer,Acer Aspire 3,AS15-42,Aspire,2024,AMD,Ryzen 3,Ryzen 3,,,,,,,,,,,,,,,,,,,,,512,,,,,15.6,,,,,,,,,,,,,,,,False,False,Windows 11 Home,True,,,,[],,,,False,False,False,,51897.0,57999.0,6102.0,51897.0,54948.0,57999.0,8,flipkart,https://www.flipkart.com/acer-aspire-3-amd-ryzen-dual-core-5th-gen-8-gb-512-gb-ssd-windows-11-home-as15-42-laptop/p/itmd50b727da3e75,2026-09-28T11:05:09.426071+00:00,valid
Acer,Acer Aspire 3,A315-59,Aspire,,Intel,Core i5 12th Gen 1235U,Core i5,,,,,,,,,,,,,,16,DDR4,,,,,,512,,,,,15.6,,,,,,,,,,,,,,,,False,False,Windows 11 Home,True,,,,[],,,,False,False,False,,71292.0,79999.0,8707.0,71292.0,75645.5,79999.0,6,flipkart,https://www.flipkart.com/acer-aspire-3-intel-core-i5-12th-gen-1235u-16-gb-512-gb-ssd-windows-11-home-a315-59-thin-light-laptop/p/itm9722f660b9fc6,2026-09-28T11:05:09.440508+00:00,valid
Acer,Acer Aspire 5,,Aspire,,Intel,Core i5 13th Gen,Core i5,,,,,,,,,,,,,,8,DDR4,,,,,,512,,,,,15.6,,,,,,,,,,,,,,,,False,False,Windows 11 Home,True,,,,[],,,,False,False,False,1,67691.0,68900.0,1209.0,67691.0,68295.5,68900.0,14,flipkart,https://www.flipkart.com/acer-aspire-5-intel-core-i5-13th-gen-8-gb-512-gb-ssd-windows-11-home-4-graphics-nvidia-geforce-rtx-rtx-2050-gaming-laptop/p/itm2e43cbf50d0ac,2026-09-28T11:05:12.266434+00:00,valid
Acer,Acer Aspire 5 15,A515-58M,Aspire,,Intel,Core i5 13th Gen 1335U,Core i5,,,,,,,,,,,,,,8,LPDDR5,,,,,,512,,,,,15.6,,,,,,,,,,,,,,,,False,False,Windows 11 Home,True,,,,[],,,,False,False,False,,70045.0,79990.0,9945.0,70045.0,75017.5,79990.0,2,flipkart,https://www.flipkart.com/acer-aspire-5-15-intel-core-i5-13th-gen-1335u-8-gb-512-gb-ssd-windows-11-home-a515-58m-thin-light-laptop/p/itm4285f066ed3a8,2026-09-28T11:05:12.289018+00:00,valid
Acer,Acer Aspire 5,,Aspire,,Intel,Core i5 8th Gen 8265U,Core i5,,,,,,,,,,,,,,8,DDR4,,,,,,,,,,,15.6,,,,,,,,,,,,,,,,False,False,Windows 10,True,,,,[],,,,False,False,False,,,,,,,,0,flipkart,https://www.flipkart.com/acer-aspire-5-intel-core-i5-8th-gen-8265u-8-gb-16-optane-1-tb-hdd-windows-10-home-2-graphics-a515-52g-580q-thin-light-laptop/p/itm293f58481f43a,2026-09-28T11:05:12.299294+00:00,insufficient_sources
Acer,Acer Aspire 5 15,A515-58M,Aspire,,Intel,Core i3 13th Gen 1305U,Core i3,,,,,,,,,,,,,,8,LPDDR5,,,,,,512,,,,,15.6,,,,,,,,,,,,,,,,False,False,Windows 11 Home,True,,,,[],,,,False,False,False,,52999.0,65000.0,12001.0,52999.0,58999.5,65000.0,8,flipkart,https://www.flipkart.com/acer-aspire-5-15-intel-core-i3-13th-gen-1305u-8-gb-512-gb-ssd-windows-11-home-a515-58m-thin-light-laptop/p/itm4285f066ed3a8,2026-09-28T11:05:12.346624+00:00,valid
Acer,Acer Aspire 7,,Aspire,,Intel,Core i5 10th Gen 10300H,Core i5,10,,,,,,,,,,,,,8,DDR4,,,,,,512,,,,,15.6,,,,,,,,,,,,,,,,False,False,Windows 11 Home,True,,,,[],,,,False,False,False,,,,,,,,0,flipkart,https://www.flipkart.com/acer-aspire-7-intel-core-i5-10th-gen-10300h-8-gb-512-gb-ssd-windows-11-home-4-graphics-nvidia-geforce-gtx-1650-a715-75g-50ta-a715-75g-41g-a715-75g-52aa-gaming-laptop/p/itm46034d1af5b73,2026-09-28T11:05:13.727048+00:00,insufficient_sources
Acer,Acer ConceptD 5,CN515-51,,,Intel,Core i5 8th Gen 8305G,Core i5,,,,,,,,,,,,,,8,DDR4,,,,,,512,,,,,15.6,,,,,,,,,,,,,,,,False,False,Windows 10,True,,,,[],,,,False,False,False,,,,,,,,0,flipkart,https://www.flipkart.com/acer-conceptd-5-intel-core-i5-8th-gen-8305g-8-gb-512-gb-ssd-windows-10-home-4-graphics-cn515-51-thin-light-laptop/p/itm432e0b111ceb2,2026-09-28T11:05:13.731723+00:00,insufficient_sources
Acer,Acer Aspire 7,,Aspire,,Intel,Core i5 13th Gen 13420H,Core i5,13,,,,,,,,,,,,,16,DDR4,,,,,,512,,,,,15.6,,,,,,,,,,,,,,,,False,False,Windows 11 Home,True,,,,[],,,,False,False,False,,,,,,,,0,flipkart,https://www.flipkart.com/acer-aspire-7-intel-core-i5-13th-gen-13420h-16-gb-512-gb-ssd-windows-11-home-4-graphics-nvidia-geforce-rtx-2050-144-hz-75-w-a715-79g-gaming-laptop/p/itm8208102c97f99,2026-09-28T11:05:17.424555+00:00,insufficient_sources
Acer,Acer Aspire 14 Office 2024 + M365 Basic,,Aspire,2024,Intel,Core i7 13th Gen 13620H,Core i7,13,,,,,,,,,,,,,16,LPDDR5,,,,,,512,,,,,14.0,,,,,,,,,,,,,,,,False,False,Windows 11 Home,True,,,,[],,,,False,False,False,1,,,,,,,0,flipkart,https://www.flipkart.com/acer-aspire-14-office-2024-m365-basic-intel-core-i7-13th-gen-13620h-16-gb-512-gb-ssd-windows-11-home-as14h-53-thin-light-laptop/p/itm15451b45334fc,2026-09-28T11:05:19.771225+00:00,insufficient_sources
Acer,Acer Aspire 3,AS15-42,Aspire,,AMD,Ryzen 3 Quad Core 7330U,Ryzen 3,7,,,,,,,,,,,,,8,DDR4,,,,,,256,,,,,15.6,,,,,,,,,,,,,,,,False,False,Windows 11 Home,True,,,,[],,,,False,False,False,,51031.0,59900.0,8869.0,51031.0,55465.5,59900.0,14,flipkart,https://www.flipkart.com/acer-aspire-3-amd-ryzen-quad-core-7330u-8-gb-256-gb-ssd-windows-11-home-as15-42-thin-light-laptop/p/itmdaf15e01a1d1a,2026-09-28T11:05:19.776656+00:00,valid
Acer,Acer Aspire 7,,Aspire,,Intel,Core i5 13th Gen,Core i5,,,,,,,,,,,,,,16,DDR4,,,,,,512,,,,,15.6,,,,,,,,,,,,,,,,False,False,Windows 11 Home,True,,,,[],,,,False,False,False,,86755.0,89999.0,3244.0,86755.0,88377.0,89999.0,6,flipkart,https://www.flipkart.com/acer-aspire-7-intel-core-i5-13th-gen-16-gb-512-gb-ssd-windows-11-home-4-graphics-nvidia-geforce-rtx-2050-a715-79g-gaming-laptop/p/itm8208102c97f99,2026-09-28T11:05:19.787645+00:00,valid
Acer,Acer Aspire 7,,Aspire,,Intel,Core i5 13th Gen 13420H,Core i5,13,,,,,,,,,,,,,8,DDR4,,,,,,512,,,,,15.6,,,,,,,,,,,,,,,,False,False,Windows 11 Home,True,,,,[],,,,False,False,False,,,,,,,,0,flipkart,https://www.flipkart.com/acer-aspire-7-intel-core-i5-13th-gen-13420h-8-gb-512-gb-ssd-windows-11-home-4-graphics-nvidia-geforce-rtx-2050-144-hz-a715-79g-gaming-laptop/p/itm8208102c97f99,2026-09-28T11:05:19.802370+00:00,insufficient_sources
Acer,Acer Aspire 7,,Aspire,,Intel,Core i5 12th Gen 12450H,Core i5,12,,,,,,,,,,,,,16,DDR4,,,,,,512,,,,,15.6,,,,,,,,,,,,,,,,False,False,Windows 11 Home,True,,,,[],,,,False,False,False,,,,,,,,0,flipkart,https://www.flipkart.com/acer-aspire-7-intel-core-i5-12th-gen-12450h-16-gb-16-optane-512-ssd-windows-11-home-4-graphics-nvidia-geforce-rtx-2050-144-hz-50-w-a715-76g-52h4-a715-76g-gaming-laptop/p/itm45fad0c290245,2026-09-28T11:05:21.450383+00:00,insufficient_sources
Acer,Acer Aspire 3,AS15,Aspire,,AMD,Ryzen 3 Quad Core,Ryzen 3,,,,,,,,,,,,,,8,DDR4,,,,,,512,,,,,15.6,,,,,,,,,,,,,,,,False,False,Windows 11 Home,True,,,,[],,,,False,False,False,,46990.0,54999.0,8009.0,46990.0,50994.5,54999.0,6,flipkart,https://www.flipkart.com/acer-aspire-3-amd-ryzen-quad-core-8-gb-512-gb-ssd-windows-11-home-as15-42-a325-thin-light-laptop/p/itm97044caf54938,2026-09-28T11:05:21.454750+00:00,valid
Acer,Acer Aspire 7,,Aspire,,Intel,Core i5 9th Gen 9300H,Core i5,,,,,,,,,,,,,,8,DDR4,,,,,,512,,,,,15.6,,,,,,,,,,,,,,,,False,False,Windows 11 Home,True,,,,[],,,,False,False,False,,,,,,,,0,flipkart,https://www.flipkart.com/acer-aspire-7-intel-core-i5-9th-gen-9300h-8-gb-512-gb-ssd-windows-11-home-4-graphics-nvidia-geforce-gtx-1650-60-hz-a715-75g-50sa-gaming-laptop/p/itm46034d1af5b73,2026-09-28T11:05:21.484680+00:00,insufficient_sources
Acer,Acer Aspire 3,Aspire,Aspire,,AMD,Ryzen 3 Quad Core,Ryzen 3,,,,,,,,,,,,,,8,DDR4,,,,,,512,,,,,15.6,,,,,,,,,,,,,,,,False,False,Windows 11 Home,True,,,,[],,,,False,False,False,,51898.0,57999.0,6101.0,51898.0,54948.5,57999.0,6,flipkart,https://www.flipkart.com/acer-aspire-3-amd-ryzen-quad-core-8-gb-512-gb-ssd-windows-11-home-thin-light-laptop/p/itmd78ac7df9d0b7,2026-09-28T11:05:21.509209+00:00,valid
Acer,Acer Nitro V,,Nitro,,AMD,Ryzen 5 Hexa Core 7535HS,Ryzen 5,7,,,,,,,,,,,,,16,DDR5,,,,,,512,,,,,15.6,,,,,,,,,,,,,,,,False,False,Windows 11 Home,True,,,,[],,,,False,False,False,,,,,,,,0,flipkart,https://www.flipkart.com/acer-nitro-v-amd-ryzen-5-hexa-core-7535hs-16-gb-512-gb-ssd-windows-11-home-6-graphics-nvidia-geforce-rtx-3050-144-hz-anv15-41-gaming-laptop/p/itm6491e522f1157,2026-09-28T11:05:24.598274+00:00,insufficient_sources
Acer,Acer Nitro V,,Nitro,,Intel,Core i5 13th Gen 13420H,Core i5,13,,,,,,,,,,,,,16,DDR5,,,,,,512,,,,,15.6,,,,,,,,,,,,,,,,False,False,Windows 11 Home,True,,,,[],,,,False,False,False,,88391.0,98990.0,10599.0,88391.0,94375.17,98990.0,12,flipkart,https://www.flipkart.com/acer-nitro-v-intel-core-i5-13th-gen-13420h-16-gb-512-gb-ssd-windows-11-home-4-graphics-nvidia-geforce-rtx-2050-anv15-51-549b-gaming-laptop/p/itm771bcbdbde25c,2026-09-28T11:05:24.602030+00:00,valid
Acer,Acer Nitro V,,Nitro,,AMD,Ryzen 7 Octa Core 7735HS,Ryzen 7,7,,,,,,,,,,,,,16,DDR5,,,,,,512,,,,,15.6,,,,,,,,,,,,,,,,False,False,Windows 11 Home,True,,,,[],,,,False,False,False,,107712.0,125990.0,18278.0,107712.0,116851.0,125990.0,6,flipkart,https://www.flipkart.com/acer-nitro-v-amd-ryzen-7-octa-core-7735hs-16-gb-512-gb-ssd-windows-11-home-6-graphics-nvidia-geforce-rtx-3050-144-hz-anv15-41-gaming-laptop/p/itm6491e522f1157,2026-09-28T11:05:24.606120+00:00,valid
Acer,Acer NITRO V15,,Nitro,,Intel,Core i7 13th Gen,Core i7,,,,,,,,,,,,,,16,DDR4,,,,,,512,,,,,15.6,,,,,,,,,,,,,,,,False,False,Windows 11 Home,True,,,,[],,,,False,False,False,1,145220.0,159900.0,14680.0,145220.0,152560.0,159900.0,12,flipkart,https://www.flipkart.com/acer-nitro-v15-intel-core-i7-13th-gen-16-gb-512-gb-ssd-windows-11-home-8-graphics-nvidia-geforce-rtx-nvidia-5060-anv15-52-gaming-laptop/p/itm7a0a51d1095d9,2026-09-28T11:05:24.621736+00:00,valid
Acer,Acer Nitro 5,,Nitro,,AMD,Ryzen 5 Hexa Core 4600H,Ryzen 5,4,,,,,,,,,,,,,8,DDR4,,,,,,256,,,,,15.6,,,,,,,,,,,,,,,,False,False,Windows 11,True,,,,[],,,,False,False,False,,101564.0,114990.0,13426.0,101564.0,108277.0,114990.0,10,flipkart,https://www.flipkart.com/acer-nitro-5-amd-ryzen-hexa-core-4600h-8-gb-1-tb-hdd-256-gb-ssd-windows-10-home-4-graphics-nvidia-geforce-gtx-1650-an515-44-an515-44-r9qa-an515-44-r8vs-gaming-laptop/p/itm440e8175840e1,2026-09-28T11:05:24.654269+00:00,valid
Acer,Acer Aspire 14 Office 2024 + M365 Basic,,Aspire,2024,Intel,Core i5 13th Gen 13500H,Core i5,13,,,,,,,,,,,,,16,LPDDR5,,,,,,512,,,,,14.0,,,,,,,,,,,,,,,,False,False,Windows 11 Home,True,,,,[],,,,False,False,False,1,64500.0,74999.0,10499.0,64500.0,69749.5,74999.0,8,flipkart,https://www.flipkart.com/acer-aspire-14-office-2024-m365-basic-intel-core-i5-13th-gen-13500h-16-gb-512-gb-ssd-windows-11-home-as14h-53-thin-light-laptop/p/itm6d9e21bde5a56,2026-09-28T11:05:34.644252+00:00,valid
Acer,Acer Swift Go 14,SFG14-71,Swift,,Intel,Core i5 13th Gen 13500H,Core i5,13,,,,,,,,,,,,,16,LPDDR5,,,,,,512,,,,,14.0,,,,,,,,,,,,,,,,False,False,Windows 11 Home,True,,,,[],,,,False,False,False,,,,,,,,0,flipkart,https://www.flipkart.com/acer-swift-go-14-intel-core-i5-13th-gen-13500h-16-gb-512-gb-ssd-windows-11-home-sfg14-71-58ub-thin-light-laptop/p/itm0a080194d6dd1,2026-09-28T11:05:34.661223+00:00,insufficient_sources
Acer,"Acer Professional 14,",TL14-52M,,,Intel,Core i7 13th Gen 1355U,Core i7,,,,,,,,,,,,,,16,DDR4,,,,,,1024,,,,,14.0,,,,,,,,,,,,,,,,False,False,Windows 11 Pro,True,,,,[],,,,False,False,False,,92320.0,99900.0,7580.0,92320.0,96110.0,99900.0,8,flipkart,https://www.flipkart.com/acer-professional-14-intel-core-i7-13th-gen-1355u-16-gb-1-tb-ssd-windows-11-pro-tl14-52m-thin-light-laptop/p/itm6c17d71ff6ad4,2026-09-28T11:05:34.679763+00:00,valid
Acer,"Acer Aspire 14 with Backlit Keyboard,",AS14,Aspire,,Intel,Core i5 13th Gen,Core i5,,,,,,,,,,,,,,16,LPDDR5,,,,,,512,,,,,14.0,,,,,,,,,,,,,,,,False,False,Windows 11 Home,True,,,,[],Backlit Keyboard,,,False,False,False,1,,,,,,,0,flipkart,https://www.flipkart.com/acer-aspire-14-backlit-keyboard-intel-core-i5-13th-gen-16-gb-512-gb-ssd-windows-11-home-as14h-53-thin-light-laptop/p/itm6d9e21bde5a56,2026-09-28T11:05:34.685978+00:00,insufficient_sources
Acer,Acer Swift Go 14 OLED EVO,SFG14-71,Swift,,Intel,Core i7 13th Gen 13700H,Core i7,13,,,,,,,,,,,,,16,LPDDR5,,,,,,1024,,,,,14.0,,,,,OLED,,,,,,,,,,,False,False,Windows 11 Home,True,,,,[],,,,False,False,False,1,,,,,,,0,flipkart,https://www.flipkart.com/acer-swift-go-14-oled-evo-intel-core-i7-13th-gen-13700h-16-gb-1-tb-ssd-windows-11-home-sfg14-71-70bg-thin-light-laptop/p/itma3d69bbbac84c,2026-09-28T11:05:34.703013+00:00,insufficient_sources
Acer,Acer Swift 14 AI Office 2024 + M365 Basic,SF14-5,Swift,2024,,,,,,,,,,,,,,,,,16,LPDDR5X,,,,,,1024,,,,,14.0,,,,,,,,,,,,,,,,False,False,Windows 11 Home,True,,,,[],,,,False,False,False,,,,,,,,0,flipkart,https://www.flipkart.com/acer-swift-14-ai-office-2024-m365-basic-intel-core-ultra-7-16-gb-1-tb-ssd-windows-11-home-sf14-51-thin-light-laptop/p/itm9114b2f8323b6,2026-09-28T11:05:34.716056+00:00,insufficient_sources
Acer,Acer Swift Go 14 TouchScreen AI PC,SFG14-73,Swift,,Intel,Core Ultra 7 155H,Core Ultra 7,1,,,,,,,,,,,,,16,LPDDR5X,,,,,,1024,,,,,14.0,,,,,,,,,,True,,,,,,False,False,Windows 11 Home,True,,,,[],,,,False,False,False,,117781.0,130590.0,12809.0,117781.0,124185.5,130590.0,6,flipkart,https://www.flipkart.com/acer-swift-go-14-touchscreen-ai-pc-intel-core-ultra-7-155h-16-gb-1-tb-ssd-windows-11-home-sfg14-73t-70n9-thin-light-laptop/p/itm174fc1bfd505f,2026-09-28T11:05:37.336870+00:00,valid
Acer,Acer One14,Z2-493,,,AMD,Ryzen 3,Ryzen 3,,,,,,,,,,,,,,8,DDR4,,,,,,,,,,,14.0,,,,,,,,,,,,,,,,False,False,Windows 11 Home,True,,,,[],,,,False,False,False,,46048.0,51990.0,5942.0,46048.0,49019.0,51990.0,10,flipkart,https://www.flipkart.com/acer-one14-amd-ryzen-3-dual-core-13th-gen-3250u-8-gb-windows-11-home-z2-493-thin-light-laptop/p/itm0178ff325b6f1,2026-09-28T11:05:37.357238+00:00,valid
Acer,Acer Swift Go 14 AI Office 2024 + M365 Basic,SF,Swift,2024,Qualcomm,Snapdragon X Plus -,Snapdragon X,,,,,,,,,,,,,,16,LPDDR5X,,,,,,512,,,,,14.5,,,,,,,,,,,,,,,,False,False,Windows 11 Home,True,,,,[],,,,False,False,False,,,,,,,,0,flipkart,https://www.flipkart.com/acer-swift-go-14-ai-office-2024-m365-basic-snapdragon-x-plus-16-gb-512-gb-ssd-windows-11-home-sfg14-01-x9c8-thin-light-laptop/p/itmd59652b059190,2026-09-28T11:05:37.372065+00:00,insufficient_sources
Acer,Acer One 14,Z2-493,,,AMD,Ryzen 3,Ryzen 3,,,,,,,,,,,,,,8,DDR4,,,,,,512,,,,,14.0,,,,,,,,,,,,,,,,False,False,Windows 11 Home,True,,,,[],,,,False,False,False,,41300.0,49990.0,8690.0,41300.0,45645.0,49990.0,10,flipkart,https://www.flipkart.com/acer-one-14-amd-ryzen-3-dual-core-3250u-8-gb-512-gb-ssd-windows-11-home-z2-493-thin-light-laptop/p/itm283f44123aab0,2026-09-28T11:05:37.383083+00:00,valid
Acer,Acer One 14 Pro Thin & Light Laptop,,,2026,AMD,Ryzen 3 Quad Core,Ryzen 3,,,,,,,,,,,,,,8,DDR5,,,,,,512,,,,,14.0,,,,,,,,,,,,,,,,False,False,Windows 11,True,,,,[],,,,False,False,False,,46990.0,62000.0,15010.0,46990.0,54495.0,62000.0,12,flipkart,https://www.flipkart.com/acer-one-14-pro-2026-thin-light-laptop-amd-ryzen-3-quad-core-14th-gen-7320u-8-gb-512-gb-ssd-windows-11-home-z1455m-business/p/itmca9c51ecb948d,2026-09-28T11:05:37.407525+00:00,valid
Acer,Acer Professional 14,TL14-42M,,,AMD,Ryzen 7 Octa Core,Ryzen 7,,,,,,,,,,,,,,32,DDR4,,,,,,1024,,,,,14.0,,,,,,,,,,,,,,,,False,False,Windows 11 Pro,True,,,,[],,,,False,False,False,,93559.0,105999.0,12440.0,93559.0,99779.0,105999.0,8,flipkart,https://www.flipkart.com/acer-professional-14-amd-ryzen-7-octa-core-7th-gen-7730u-32-gb-1-tb-ssd-windows-11-pro-tl14-42m-notebook/p/itm8bbe2feb65a2c,2026-09-28T11:05:40.010683+00:00,valid
Acer,Acer One 14,Z2-493,,,AMD,Ryzen 3,Ryzen 3,,,,,,,,,,,,,,8,DDR4,,,,,,256,,,,,14.0,,,,,,,,,,,,,,,,False,False,Windows 11 Home,True,,,,[],,,,False,False,False,,44043.0,59990.0,15947.0,44043.0,52016.5,59990.0,6,flipkart,https://www.flipkart.com/acer-one-14-amd-ryzen-3-dual-core-8-gb-256-gb-ssd-windows-11-home-z2-493-thin-light-laptop/p/itmd0230d30d6e53,2026-09-28T11:05:40.029870+00:00,valid
Acer,Acer,TL04-51M,,,Intel,Core i5,Core i5,,,,,,,,,,,,,,8,DDR4,,,,,,512,,,,,14.0,,,,,,,,,,,,,,,,False,False,Windows 11 Home,True,,,,[],,,,False,False,False,,,,,,,,0,flipkart,https://www.flipkart.com/acer-intel-core-i5-8-gb-512-gb-ssd-windows-11-home-tl04-51m-laptop/p/itm5195940ec1f6d,2026-09-28T11:05:40.070563+00:00,insufficient_sources
Acer,Acer Swift 3,SF314-55G,Swift,,Intel,Core i5 8th Gen 8265U,Core i5,,,,,,,,,,,,,,8,DDR4,,,,,,512,,,,,14.0,,,,,,,,,,,,,,,,False,False,Windows 10,True,,,,[],,,,False,False,False,,,,,,,,0,flipkart,https://www.flipkart.com/acer-swift-3-intel-core-i5-8th-gen-8265u-8-gb-512-gb-ssd-windows-10-home-2-graphics-sf314-55g-thin-light-laptop/p/itmd9c6e6bcf845e,2026-09-28T11:05:40.181469+00:00,insufficient_sources
Acer,Acer,A324-51,,,Intel,Core i3 12th Gen 1215U,Core i3,,,,,,,,,,,,,,16,DDR4,,,,,,512,,,,,14.0,,,,,,,,,,,,,,,,False,False,Windows 11 Home,True,,,,[],,,,False,False,False,,66650.0,67990.0,1340.0,66650.0,67320.0,67990.0,2,flipkart,https://www.flipkart.com/acer-intel-core-i3-12th-gen-1215u-16-gb-512-gb-ssd-windows-11-home-a324-51-thin-light-laptop/p/itm7dda0a4d1d62a,2026-09-28T11:05:41.897073+00:00,valid
Acer,Acer Swift X,SFX16-51,Swift,,Intel,Core i5 11th Gen 11320H,Core i5,11,,,,,,,,,,,,,16,LPDDR4X,,,,,,512,,,,,16.1,,,,,,,,,,,,,,,,False,False,Windows 11 Home,True,,,,[],,,,False,False,False,,,,,,,,0,flipkart,https://www.flipkart.com/acer-swift-x-intel-core-i5-11th-gen-11320h-16-gb-512-gb-ssd-windows-11-home-4-graphics-sfx16-51g-laptop/p/itmb0bd905d211b8,2026-09-28T11:05:41.902960+00:00,insufficient_sources
Acer,Acer Swift 3,,Swift,,Intel,Core i5 8th Gen 8250U,Core i5,,,,,,,,,,,,,,8,DDR4,,,,,,,,,,,15.6,,,,,,,,,,,,,,,,False,False,Windows 10,True,,,,[],,,,False,False,False,,,,,,,,0,flipkart,https://www.flipkart.com/acer-swift-3-intel-core-i5-8th-gen-8250u-8-gb-16-optane-1-tb-hdd-windows-10-home-2-graphics-sf315-52g-laptop/p/itmecdda6036870a,2026-09-28T11:05:41.920426+00:00,insufficient_sources
Acer,Acer Swift X,,Swift,,Intel,Core i7 11th Gen 11390H,Core i7,11,,,,,,,,,,,,,16,LPDDR4X,,,,,,1024,,,,,16.1,,,,,,,,,,,,,,,,False,False,Windows 11 Home,True,,,,[],,,,False,False,False,,,,,,,,0,flipkart,https://www.flipkart.com/acer-swift-x-intel-core-i7-11th-gen-11390h-16-gb-1-tb-ssd-windows-11-home-4-gb-graphics-nvidia-geforce-rtx-3050ti-sfx16-51g-76dm-gaming-laptop/p/itm7852d25179d11,2026-09-28T11:05:41.924157+00:00,insufficient_sources
Acer,Acer One14,Z2-493,,,AMD,Ryzen 5 3500U,Ryzen 5,3,,,,,,,,,,,,,8,DDR4,,,,,,256,,,,,14.0,,,,,,,,,,,,,,,,False,False,Windows 11 Home,True,,,,[],,,,False,False,False,,46500.0,59900.0,13400.0,46500.0,53200.0,59900.0,2,flipkart,https://www.flipkart.com/acer-one14-amd-ryzen-5-3500u-8-gb-256-gb-ssd-windows-11-home-z2-493-thin-light-laptop/p/itm0178ff325b6f1,2026-09-28T11:05:41.932108+00:00,valid
Acer,Acer Professional,TL14-42M,,,AMD,Ryzen 3 Quad Core,Ryzen 3,,,,,,,,,,,,,,16,DDR4,,,,,,512,,,,,14.0,,,,,,,,,,,,,,,,False,False,Windows 11 Pro,True,,,,[],,,,False,False,False,,,,,,,,0,flipkart,https://www.flipkart.com/acer-professional-amd-ryzen-3-quad-core-7th-gen-7330u-16-gb-512-gb-ssd-windows-11-pro-tl14-42m-notebook/p/itmd2091f361681f,2026-09-28T11:05:41.936714+00:00,insufficient_sources
Dell,"DELL Inspiron 15 3520 with Backlit Keyboard,",,Inspiron,2021,Intel,Core i5 12th Gen,Core i5,,,,,,,,,,,,,,16,DDR4,,,,,,512,,,,,15.6,,,,,,,,,,,,,,,,False,False,Windows 11,True,,,,[],Backlit Keyboard,,,False,False,False,,73999.0,75000.0,1001.0,73999.0,74499.5,75000.0,10,flipkart,https://www.flipkart.com/dell-inspiron-15-3520-backlit-keyboard-intel-core-i5-12th-gen-16-gb-512-gb-ssd-windows-11-home-laptop/p/itm0c93229d052fe,2026-09-28T11:05:44.960125+00:00,valid
Dell,DELL Inspiron 15,Inspiron,Inspiron,,Intel,Core i3 12th Gen 1215U,Core i3,,,,,,,,,,,,,,8,DDR4,,,,,,512,,,,,15.6,,,,,,,,,,,,,,,,False,False,Windows 11 Home,True,,,,[],,,,False,False,False,,53973.0,65318.0,11345.0,53973.0,60983.3,65990.0,10,flipkart,https://www.flipkart.com/dell-inspiron-15-intel-core-i3-12th-gen-1215u-8-gb-512-gb-ssd-windows-11-home-3520-thin-light-laptop/p/itmbb62f4fcc7145,2026-09-28T11:05:44.963802+00:00,valid
Dell,DELL,Inspiron,,,Intel,Core i5 12th Gen 1235U,Core i5,,,,,,,,,,,,,,16,DDR4,,,,,,512,,,,,15.6,,,,,,,,,,,,,,,,False,False,Windows 11 Home,True,,,,[],,,,False,False,False,,73900.0,75000.0,1100.0,73900.0,74450.0,75000.0,10,flipkart,https://www.flipkart.com/dell-intel-core-i5-12th-gen-1235u-16-gb-512-gb-ssd-windows-11-home-inspiron-3520-thin-light-laptop/p/itm23d84e15561c4,2026-09-28T11:05:44.970800+00:00,valid
Dell,DELL Inspiron,3525,Inspiron,2021,AMD,Ryzen 5 Hexa Core 5625U,Ryzen 5,5,,,,4.3,,,,,,,,,8,DDR4,,,,,,512,,,,,15.6,,,,,,120,,,250.0,,,,,,,False,False,Windows 11 Home,True,,,,[],,,,False,False,False,,68990.0,69900.0,910.0,68990.0,69445.0,69900.0,4,flipkart,https://www.flipkart.com/dell-inspiron-amd-ryzen-5-hexa-core-5625u-8-gb-512-gb-ssd-windows-11-home-3525-thin-light-laptop/p/itm4dbe4592f6ca4,2026-09-28T11:05:44.987865+00:00,valid
Dell,DELL Inspiron 15,Inspiron,Inspiron,2021,AMD,Ryzen 5 Quad Core 5500u,Ryzen 5,5,,,,,,,,,,,,,8,DDR4,,,,,,512,,,,,15.6,,,,,,,,,,,,,,,,False,False,Windows 11 Home,True,,,,[],,,,False,False,False,,61990.0,70000.0,8010.0,61990.0,65995.0,70000.0,6,flipkart,https://www.flipkart.com/dell-inspiron-15-amd-ryzen-5-quad-core-5500u-8-gb-512-gb-ssd-windows-11-home-3525-thin-light-laptop/p/itm31662ec7a2db3,2026-09-28T11:05:44.997346+00:00,valid
Dell,DELL Inspiron,Inspiron,Inspiron,,AMD,Ryzen 5 Hexa Core 5500U,Ryzen 5,5,,,,,,,,,,,,,8,DDR4,,,,,,512,,,,,14.0,,,,,,,,,,True,,,,,,False,False,Windows 10,True,,,,[],,,,False,False,False,,66990.0,89990.0,23000.0,66990.0,78490.0,89990.0,6,flipkart,https://www.flipkart.com/dell-inspiron-amd-ryzen-5-hexa-core-5500u-8-gb-512-gb-ssd-windows-10-7415-2-1-laptop/p/itmb8f1c42a853b8,2026-09-28T11:05:45.033662+00:00,valid
Dell,DELL,3530,,,Intel,Core i3 13th Gen,Core i3,,,,,,,,,,,,,,8,DDR4,,,,,,512,,,,,15.6,,,,,,,,,,,,,,,,False,False,Windows 11 Home,True,,,,[],,,,False,False,False,,55990.0,59990.0,4000.0,55990.0,57990.0,59990.0,10,flipkart,https://www.flipkart.com/dell-intel-core-i3-13th-gen-8-gb-512-gb-ssd-windows-11-home-3530-thin-light-laptop/p/itme37811760d94c,2026-09-28T11:05:45.042181+00:00,valid
Dell,DELL 15 Inspiron,DC15250,Inspiron,2024,Intel,Core 3,,,,,,,,,,,,,,,16,DDR4,,,,,,512,,,,,15.6,,,,,,,,,,,,,,,,False,False,Windows 11 Home,True,,,,[],,,,False,False,False,,61990.0,65990.0,4000.0,61990.0,63990.0,65990.0,8,flipkart,https://www.flipkart.com/dell-15-inspiron-intel-core-3-16-gb-512-gb-ssd-windows-11-home-dc15250-thin-light-laptop/p/itm7e498a75536a6,2026-09-28T11:05:45.056801+00:00,valid
Dell,DELL Inspiron,Inspiron,Inspiron,,AMD,Ryzen 3,Ryzen 3,,,,,,,,,,,,,,8,DDR4,,,,,,256,,,,,15.6,,,,,,,,,,,,,,,,False,False,Windows 11 Home,True,,,,[],,,,False,False,False,,57990.0,59990.0,2000.0,57990.0,58990.0,59990.0,4,flipkart,https://www.flipkart.com/dell-inspiron-amd-ryzen-3-dual-core-3250u-8-gb-256-gb-ssd-windows-11-home-3515-thin-light-laptop/p/itm82b07e7e427ff,2026-09-28T11:05:45.065409+00:00,valid
Dell,DELL,New,,,Intel,Core i5 12th Gen 1235U,Core i5,,10,,,4.4,,,,,,,,,16,DDR4,,,,,,512,,,,,15.6,,,,,,120,,,250.0,,,,,,,True,False,Windows 11 Home,True,,,,[],Backlit Keyboard,,,False,False,False,,,,,,,,0,flipkart,https://www.flipkart.com/dell-intel-core-i5-12th-gen-1235u-16-gb-512-gb-ssd-windows-11-home-new-inspiron-15-metal-laptop-thin-light/p/itm23d84e15561c4,2026-09-28T11:05:45.073626+00:00,insufficient_sources
Dell,DELL ESSENTIAL 15,PV15255,,,AMD,Ryzen 5 Processor,Ryzen 5,,,,,,,,,,,,,,8,DDR5,,,,,,512,,,,,15.6,,,,,,,,,,,,,,,,False,False,Windows 11 Home,True,,,,[],,,,False,False,False,,54800.0,57990.0,3190.0,54800.0,56395.0,57990.0,6,flipkart,https://www.flipkart.com/dell-essential-15-amd-ryzen-5-7th-gen-7520u-8-gb-512-gb-ssd-windows-11-home-pv15255-laptop/p/itm5ff5d9887717c,2026-09-28T11:05:45.081450+00:00,valid
Dell,DELL,New,,,Intel,Core i5 12th Gen 1235U,Core i5,,,,,,,,,,,,,,8,DDR4,,,,,,256,,,,,15.6,,,,,,,,,,,,,,,,False,False,Windows 11 Home,True,,,,[],,,,False,False,False,,68990.0,85000.0,16010.0,68990.0,76995.0,85000.0,4,flipkart,https://www.flipkart.com/dell-intel-core-i5-12th-gen-1235u-8-gb-1-tb-hdd-256-gb-ssd-windows-11-home-new-inspiron-15-laptop-thin-light/p/itm108ece6bfe39a,2026-09-28T11:05:46.661068+00:00,valid
Dell,DELL 15 Microsoft Office Home 2024,Microsoft,,2025,Intel,Core i5 13th Gen,Core i5,,,,,,,,,,,,,,16,DDR4,,,,,,512,,,,,15.6,,,,,,,,,,,,,,,,False,False,Windows 11 Home,True,,,,[],,,,False,False,False,,74561.0,79990.0,5429.0,74561.0,77275.5,79990.0,10,flipkart,https://www.flipkart.com/dell-15-2025-microsoft-office-home-2024-intel-core-i5-13th-gen-16-gb-512-gb-ssd-windows-11-home-vostro-3530-rpl-thin-light-laptop/p/itm131ebb1b7cdce,2026-09-28T11:05:46.664730+00:00,valid
Dell,DELL Inspiron,INSPIRON,Inspiron,2021,AMD,Ryzen 5,Ryzen 5,,,,,3.5,,,,,,,,,8,DDR4,,,,,,512,,,,,15.6,,,,,,,,,,,,,,,,False,False,Windows 11 Home,True,,,,[],,,,True,False,False,,64990.0,65990.0,1000.0,64990.0,66568.75,69395.0,8,flipkart,https://www.flipkart.com/dell-inspiron-amd-ryzen-5-dual-core-3450u-8-gb-512-gb-ssd-windows-11-home-3515-thin-light-laptop/p/itmef0dfa7edaa37,2026-09-28T11:05:46.668583+00:00,valid
Dell,DELL Inspiron,Inspiron,Inspiron,2021,AMD,Ryzen 5 Quad Core 3450U,Ryzen 5,3,,,,,,,,,,,,,8,DDR4,,,,,,256,,,,,15.6,,,,,,,,,,,,,,,,False,False,Windows 11 Home,True,,,,[],,,,False,False,False,,59990.0,65990.0,6000.0,59990.0,62990.0,65990.0,2,flipkart,https://www.flipkart.com/dell-inspiron-amd-ryzen-5-quad-core-3450u-8-gb-256-gb-ssd-windows-11-home-3515-thin-light-laptop/p/itmf8176c4bff1f7,2026-09-28T11:05:46.671467+00:00,valid
Dell,DELL Inspiron,inspiron,Inspiron,,Intel,Core i5 13th Gen 1335U,Core i5,,,,,,,,,,,,,,8,LPDDR5X,,,,,,1024,,,,,14.0,,,,,,,,,,,,,,,,False,False,Windows 11 Home,True,,,,[],,,,False,False,False,,75658.0,88264.0,12606.0,75658.0,81961.0,88264.0,6,flipkart,https://www.flipkart.com/dell-inspiron-intel-core-i5-13th-gen-1335u-8-gb-1-tb-ssd-windows-11-home-5430-laptop/p/itm9bba204a8cd43,2026-09-28T11:05:46.684241+00:00,valid
Dell,"DELL Inspiron 15 with Backlit Keyboard,",,Inspiron,,Intel,Core i5 13th Gen 1334U,Core i5,,,,,,,,,,,,,,8,DDR4,,,,,,512,,,,,15.6,,,,,,,,,,,,,,,,False,False,Windows 11,True,,,,[],Backlit Keyboard,,,False,False,False,,67990.0,69990.0,2000.0,67990.0,68990.0,69990.0,8,flipkart,https://www.flipkart.com/dell-inspiron-15-backlit-keyboard-intel-core-i5-13th-gen-1334u-8-gb-512-gb-ssd-windows-11-home-3530-thin-light-laptop/p/itm23d84e15561c4,2026-09-28T11:05:46.687352+00:00,valid
Dell,DELL Vostro 3530,Vostro,Vostro,,Intel,Core i5 1334U,Core i5,,,,,,,,,,,,,,16,DDR4,,,,,,512,,,,,15.6,,,,,,,,,,,,,,,,False,False,Windows 11 Home,True,,,,[],,,,False,False,False,,72900.0,79800.0,6900.0,72900.0,76350.0,79800.0,6,flipkart,https://www.flipkart.com/dell-vostro-3530-intel-core-i5-1334u-16-gb-512-gb-ssd-windows-11-home-thin-light-laptop/p/itm5130113075de4,2026-09-28T11:05:46.728541+00:00,valid
Dell,DELL Inspiron,i5-1334U,Inspiron,,Intel,Core i5 13th Gen,Core i5,,,,,,,,,,,,,,8,DDR4,,,,,,512,,,,,15.6,,,,,,,,,,,,,,,,False,False,Windows 11 Home,True,,,,[],,,,False,False,False,,66990.0,69990.0,3000.0,66990.0,68490.0,69990.0,2,flipkart,https://www.flipkart.com/dell-inspiron-intel-core-i5-13th-gen-8-gb-512-gb-ssd-windows-11-home-i5-1334u-thin-light-laptop/p/itm493caf8f8aaeb,2026-09-28T11:05:46.734395+00:00,valid
Dell,DELL,3511,,,Intel,Core i5 11th Gen,Core i5,,,,,,,,,,,,,,16,DDR4,,,,,,512,,,,,15.6,,,,,,,,,,,,,,,,False,False,Windows 10,True,,,,[],,,,False,False,False,,72480.0,88400.0,15920.0,72480.0,80440.0,88400.0,10,flipkart,https://www.flipkart.com/dell-intel-core-i5-11th-gen-16-gb-512-gb-ssd-windows-10-home-2-graphics-3511-laptop/p/itmbac92fd3ef8df,2026-09-28T11:05:46.737345+00:00,valid
Dell,DELL,Vostro,,,Intel,Core i5 13th Gen 1335U,Core i5,,,,,,,,,,,,,,8,DDR4,,,,,,512,,,,,15.6,,,,,,,,,,,,,,,,False,False,Windows 11 Home,True,,,,[],,,,False,False,False,,72770.0,75499.0,2729.0,72770.0,74134.5,75499.0,6,flipkart,https://www.flipkart.com/dell-intel-core-i5-13th-gen-1335u-8-gb-512-gb-ssd-windows-11-home-vostro-3530-thin-light-laptop/p/itm7fef3d69de76e,2026-09-28T11:05:46.749841+00:00,valid
Dell,DELL Inspiron,Inspiron,Inspiron,,Intel,Core i5 11th Gen 11320H,Core i5,11,,,,,,,,,,,,,16,DDR4,,,,,,512,,,,,15.6,,,,,,,,,,,,,,,,False,False,Windows 11 Home,True,,,,[],,,,False,False,False,,,,,,,,0,flipkart,https://www.flipkart.com/dell-inspiron-intel-core-i5-11th-gen-11320h-16-gb-512-gb-ssd-windows-11-home-5518-thin-light-laptop/p/itmf8176c4bff1f7,2026-09-28T11:05:48.357747+00:00,insufficient_sources
Dell,DELL Inspiron,3530,Inspiron,,Intel,Core i3 13th Gen 1305U,Core i3,,,,,,,,,,,,,,8,DDR4,,,,,,512,,,,,15.6,,,,,,,,,,,,,,,,False,False,Windows 11 Home,True,,,,[],,,,False,False,False,,52900.0,61440.0,8540.0,52900.0,57443.33,61440.0,6,flipkart,https://www.flipkart.com/dell-inspiron-intel-core-i3-13th-gen-1305u-8-gb-512-gb-ssd-windows-11-home-3530-thin-light-laptop/p/itm1e8ad2b18043a,2026-09-28T11:05:51.348464+00:00,valid
Dell,DELL Inspiron 15 3530,IN3530RW8JY001ORS1,Inspiron,,Intel,Core i5 13th Gen,Core i5,,,,,,,,,,,,,,8,DDR4,,,,,,1024,,,,,15.6,,,,,,,,,,,,,,,,False,False,Windows 11 Home,True,,,,[],,,,False,False,False,,74990.0,90000.0,15010.0,74990.0,82495.0,90000.0,6,flipkart,https://www.flipkart.com/dell-inspiron-15-3530-intel-core-i5-13th-gen-8-gb-1-tb-ssd-windows-11-home-in3530rw8jy001ors1-thin-light-laptop/p/itm1e8ad2b18043a,2026-09-28T11:05:51.337628+00:00,valid
Dell,DELL Inspiron,,Inspiron,,Intel,Core i5 13th Gen 13450HX,Core i5,13,,,,,,,,,,,,,16,DDR5,,,,,,512,,,,,15.6,,,,,,,,,,,,,,,,False,False,Windows 11 Home,True,,,,[],,,,False,False,False,,110990.0,130000.0,19010.0,109700.0,122397.5,138900.0,4,flipkart,https://www.flipkart.com/dell-inspiron-intel-core-i5-13th-gen-13450hx-16-gb-512-gb-ssd-windows-11-home-6-graphics-nvidia-geforce-rtx-3050-g15-5530-gaming-laptop/p/itm2af1ddd730862,2026-09-28T11:05:51.358523+00:00,valid
Dell,DELL Inspiron,5330,Inspiron,,Intel,Core Ultra 7 155H,Core Ultra 7,1,,,,,,,,,,,,,16,LPDDR5X,,,,,,1024,,,,,13.3,,,,,,,,,,,,,,,,False,False,Windows 11 Home,True,,,,[],,,,False,False,False,,,,,,,,0,flipkart,https://www.flipkart.com/dell-inspiron-intel-core-ultra-7-155h-16-gb-1-tb-ssd-windows-11-home-5330-thin-light-laptop/p/itmdcb8a8ce3a698,2026-09-28T11:05:51.362967+00:00,insufficient_sources
Dell,DELL G15,,,,Intel,Core i5 13450HX,Core i5,13,,,,,,,,,,,,,8,DDR5,,,,,,512,,,,,15.6,,,,,,,,,,,,,,,,False,False,Windows 11 Home,True,,,,[],,,,False,False,False,,95989.0,110000.0,14011.0,95989.0,102994.5,110000.0,6,flipkart,https://www.flipkart.com/dell-g15-intel-core-i5-13450hx-8-gb-512-gb-ssd-windows-11-home-6-graphics-nvidia-geforce-rtx-3050-gaming-5530-laptop/p/itmba9387b52046b,2026-09-28T11:05:51.366955+00:00,valid
Dell,DELL Inspiron 5430,IN54308TR2G001ORS1,Inspiron,,Intel,Core i5 13th Gen,Core i5,,,,,,,,,,,,,,16,LPDDR5,,,,,,512,,,,,14.0,,,,,,,,,,,,,,,,False,False,Windows 11 Home,True,,,,[],,,,False,False,False,,76990.0,94000.0,17010.0,76990.0,85495.0,94000.0,6,flipkart,https://www.flipkart.com/dell-inspiron-5430-intel-core-i5-13th-gen-16-gb-512-gb-ssd-windows-11-home-in54308tr2g001ors1-thin-light-laptop/p/itm2d84af8f1410c,2026-09-28T11:05:53.463433+00:00,valid
Dell,DELL Inspiron 5430,IN5430YXVW9M01ORS1,Inspiron,,Intel,Core i5 13th Gen,Core i5,,,,,,,,,,,,,,8,LPDDR5,,,,,,512,,,,,14.0,,,,,,,,,,,,,,,,False,False,Windows 11 Home,True,,,,[],,,,False,False,False,,74990.0,87682.0,12692.0,74990.0,81336.0,87682.0,4,flipkart,https://www.flipkart.com/dell-inspiron-5430-intel-core-i5-13th-gen-8-gb-512-gb-ssd-windows-11-home-in5430yxvw9m01ors1-laptop/p/itm6efbb8570caef,2026-09-28T11:05:53.468851+00:00,valid
Dell,DELL,INSPIRON,,,Intel,Core i3 13th Gen,Core i3,,,,,,,,,,,,,,8,DDR4,,,,,,512,,,,,14.0,,,,,,,,,,,,,,,,False,False,Windows 11 Home,True,,,,[],,,,False,False,False,,56900.0,57959.0,1059.0,56900.0,59694.83,72990.0,12,flipkart,https://www.flipkart.com/dell-intel-core-i3-13th-gen-8-gb-512-gb-ssd-windows-11-home-inspiron-5440-laptop/p/itm6d47525d5a661,2026-09-28T11:05:53.488310+00:00,valid
Dell,DELL,,,,Intel,Core i5 13th Gen 13450HX,Core i5,13,,,,,,,,,,,,,16,DDR5,,,,,,1024,,,,,15.6,,,,,,,,,,,,,,,,False,False,Windows 11 Home,True,,,,[],,,,False,False,False,1,124990.0,129990.0,5000.0,124990.0,127490.0,129990.0,4,flipkart,https://www.flipkart.com/dell-intel-core-i5-13th-gen-13450hx-16-gb-1-tb-ssd-windows-11-home-6-gb-graphics-nvidia-geforce-rtx-3050-gn5530n7hy001orb1o-gaming-laptop/p/itm7e5ffde82dfda,2026-09-28T11:05:53.495844+00:00,valid
Dell,DELL,Vostro,,,Intel,Core i3 12th Gen,Core i3,,,,,,,,,,,,,,8,DDR4,,,,,,512,,,,,15.6,,,,,,,,,,,,,,,,False,False,Windows 11,True,,,,[],,,,False,False,False,,58990.0,59990.0,1000.0,58990.0,59490.0,59990.0,4,flipkart,https://www.flipkart.com/dell-intel-core-i3-12th-gen-8-gb-512-gb-ssd-windows-10-home-vostro-3520-laptop/p/itm2e884fdf4c7ae,2026-09-28T11:05:55.510867+00:00,valid
Dell,DELL Vostro,Vostro,Vostro,2021,Intel,Core i5 12th Gen 1240P,Core i5,,,,,,,,,,,,,,8,DDR4,,,,,,512,,,,,16.0,,,,,,,,,,,,,,,,False,False,Windows 11 Home,True,,,,[],,,,False,False,False,,89990.0,110000.0,20010.0,89990.0,99995.0,110000.0,8,flipkart,https://www.flipkart.com/dell-vostro-intel-core-i5-12th-gen-1240p-8-gb-512-gb-ssd-windows-11-home-5620-thin-light-laptop/p/itm7977c9f4dbcfb,2026-09-28T11:05:55.554428+00:00,valid
Dell,DELL Vostro,Vostro,Vostro,2021,Intel,Core i5 12th Gen 1240P,Core i5,,,,,,,,,,,,,,16,DDR4,,,,,,512,,,,,16.0,,,,,,,,,,,,,,,,False,False,Windows 11 Home,True,,,,[],,,,False,False,False,,78990.0,96999.0,18009.0,78990.0,87994.5,96999.0,2,flipkart,https://www.flipkart.com/dell-vostro-intel-core-i5-12th-gen-1240p-16-gb-512-gb-ssd-windows-11-home-5620-thin-light-laptop/p/itm50e137f963822,2026-09-28T11:05:55.574397+00:00,valid
Dell,DELL Vostro,Vostro,Vostro,,Intel,Core i3 11th Gen 1115G,Core i3,,,,,,,,,,,,,,8,DDR4,,,,,,512,,,,,14.0,,,,,,,,,,,,,,,,False,False,Windows 11 Home,True,,,,[],,,,False,False,False,,52000.0,60700.0,8700.0,52000.0,56350.0,60700.0,4,flipkart,https://www.flipkart.com/dell-vostro-intel-core-i3-11th-gen-1115g4-8-gb-512-gb-ssd-windows-11-home-3420-thin-light-laptop/p/itm5777ef1e1433f,2026-09-28T11:05:55.582382+00:00,valid
Dell,DELL,Vostro,,,Intel,Core i5 12th Gen 1235U,Core i5,,,,,,,,,,,,,,8,DDR4,,,,,,512,,,,,14.0,,,,,,,,,,,,,,,,False,False,Windows 11 Home,True,,,,[],,,,False,False,False,,65900.0,83990.0,18090.0,65900.0,74945.0,83990.0,2,flipkart,https://www.flipkart.com/dell-intel-core-i5-12th-gen-1235u-8-gb-512-gb-ssd-windows-11-home-vostro-3420-thin-light-laptop/p/itm18b4d2b50527a,2026-09-28T11:05:55.619330+00:00,valid
Dell,DELL G15,,,,Intel,Core i5 12th Gen 12500H,Core i5,12,,,,,,,,,,,,,8,DDR5,,,,,,512,,,,,15.6,,,,,,,,,,,,,,,,False,False,Windows 11 Home,True,,,,[],,,,False,False,False,,94990.0,110000.0,15010.0,94990.0,102495.0,110000.0,2,flipkart,https://www.flipkart.com/dell-g15-intel-core-i5-12th-gen-12500h-8-gb-512-gb-ssd-windows-11-home-4-graphics-nvidia-geforce-rtx-3050-120-hz-g15-5520-gaming-laptop/p/itme0d71116059e9,2026-09-28T11:06:04.519734+00:00,valid
Dell,DELL,G,,,Intel,Core i5 13th Gen,Core i5,,,,,,NVIDIA,NVIDIA GeForce RTX 3050,Discrete,,,,,,16,DDR5,,,,,,1024,,,,,15.6,,,,,,,,,,,,,,,,False,False,Windows 11 Home,True,,,,[],,,,False,False,False,,124990.0,140000.0,15010.0,124990.0,132495.0,140000.0,4,flipkart,https://www.flipkart.com/dell-intel-core-i5-13th-gen-16-gb-1-tb-ssd-windows-11-home-6-gb-graphics-nvidia-geforce-rtx-3050-g15-5530-gaming-laptop/p/itme3ae9f2792f1a,2026-09-28T11:06:04.526736+00:00,valid
Dell,DELL G15,,,,Intel,Core i5 12th Gen 12500H,Core i5,12,,,,,,,,,,,,,16,DDR5,,,,,,512,,,,,14.9,,,,,,,,,,,,,,,,False,False,Windows 11 Home,True,,,,[],,,,False,False,False,,95990.0,105000.0,9010.0,95990.0,100495.0,105000.0,6,flipkart,https://www.flipkart.com/dell-g15-intel-core-i5-12th-gen-12500h-16-gb-512-gb-ssd-windows-11-home-4-graphics-nvidia-geforce-rtx-3050-120-hz-gaming-laptop/p/itme0d71116059e9,2026-09-28T11:06:04.530396+00:00,valid
Dell,DELL G7,,,,Intel,Core i7 10th Gen 10750H,Core i7,10,,,,,,,,,,,,,16,DDR4,,,,,,1024,,,,,15.6,,,,,,,,,,,,,,,,False,False,Windows 10,True,,,,[],,,,False,False,False,,169990.0,200000.0,30010.0,169990.0,184995.0,200000.0,2,flipkart,https://www.flipkart.com/dell-g7-intel-core-i7-10th-gen-10750h-16-gb-1-tb-ssd-windows-10-home-6-gb-graphics-nvidia-geforce-rtx-2060-120-hz-7500-gaming-laptop/p/itma17847748bd1d,2026-09-28T11:06:04.541953+00:00,valid
Dell,DELL,,,,Intel,Core i7 12th Gen 12650H,Core i7,12,,,,,,,,,,,,,16,DDR5,,,,,,512,,,,,14.9,,,,,,,,,,,,,,,,False,False,Windows 11 Home,True,,,,[],,,,False,False,False,,,,,,,,0,flipkart,https://www.flipkart.com/dell-intel-core-i7-12th-gen-12650h-16-gb-512-gb-ssd-windows-11-home-6-graphics-nvidia-geforce-rtx-3060-165-hz-new-gaming-g15-laptop/p/itm4e4968b5bbb49,2026-09-28T11:06:04.548111+00:00,insufficient_sources
Dell,DELL G7,,,,Intel,Core i9 10th Gen 10885H,Core i9,10,,,,,NVIDIA,NVIDIA GeForce RTX 2070,Discrete,,,,,,16,DDR4,,,,,,1024,,,,,15.6,,,,,,300,,,300.0,,Anti-glare,,,,,False,False,Windows 10,True,,,,[],4-zone RGB,,,False,False,False,,,,,,,,0,flipkart,https://www.flipkart.com/dell-g7-intel-core-i9-10th-gen-10885h-16-gb-1-tb-ssd-windows-10-home-8-gb-graphics-nvidia-geforce-rtx-2070-300-hz-ins-7500-gaming-laptop/p/itm8d0757fa95660,2026-09-28T11:06:04.551778+00:00,insufficient_sources
Dell,DELL Inspiron,,Inspiron,,Intel,Core i5 13th Gen 13450HX,Core i5,13,,,,,,,,,,,,,8,DDR5,,,,,,512,,,,,15.6,,,,,,,,,,,,,,,,False,False,Windows 11 Home,True,,,,[],,,,False,False,False,,95990.0,120000.0,24010.0,95990.0,107995.0,120000.0,2,flipkart,https://www.flipkart.com/dell-inspiron-intel-core-i5-13th-gen-13450hx-8-gb-512-gb-ssd-windows-11-home-6-graphics-nvidia-geforce-rtx-3050-g15-5530-gaming-laptop/p/itm2af1ddd730862,2026-09-28T11:06:04.578422+00:00,valid
Dell,DELL G15,,,,Intel,Core i5 13th Gen 13450HX,Core i5,13,,,,,,,,,,,,,8,DDR5,,,,,,512,,,,,15.6,,,,,,,,,,,,,,,,False,False,Windows 11 Pro,True,,,,[],,,,False,False,False,,99990.0,109990.0,10000.0,99990.0,104990.0,109990.0,2,flipkart,https://www.flipkart.com/dell-g15-5530-intel-core-i5-13th-gen-13450hx-8-gb-512-gb-ssd-windows-11-pro-6-graphics-nvidia-geforce-rtx-3050-120-hz-gaming-laptop/p/itmc1f7106e2ce85,2026-09-28T11:06:04.581590+00:00,valid
Dell,DELL XPS,,XPS,,Intel,Core Ultra 7 155H,Core Ultra 7,1,,,,,,,,,,,,,32,LPDDR5,,,,,,1024,,,,,14.5,,,,,,,,,,True,,,,,,False,False,Windows 11 Home,True,,,,[],,,,False,False,False,,249890.0,304305.0,54415.0,249890.0,277097.5,304305.0,12,flipkart,https://www.flipkart.com/dell-xps-intel-core-ultra-7-155h-32-gb-1-tb-ssd-windows-11-home-6-gb-graphics-nvidia-geforce-rtx-4050-9440-creator-laptop/p/itm85e5274f14e2c,2026-09-28T11:06:06.070095+00:00,valid
Dell,DELL G3,,,,Intel,Core i5 10th Gen 10300H,Core i5,10,,,,,,,,,,,,,8,DDR4,,,,,,256,,,,,15.6,,,,,,,,,,,,,,,,False,False,Windows 10,True,,,,[],,,,False,False,False,,,,,,,,0,flipkart,https://www.flipkart.com/dell-g3-intel-core-i5-10th-gen-10300h-8-gb-1-tb-hdd-256-gb-ssd-windows-10-home-4-graphics-nvidia-geforce-gtx-1650-120-hz-3500-gaming-laptop/p/itm0cfee258589f8,2026-09-28T11:06:06.080469+00:00,insufficient_sources
ASUS,ASUS ROG Strix G15,AMD,ROG,2021,AMD,Ryzen 5 Hexa Core 5600H,Ryzen 5,5,,,,,,,,,,,,,8,DDR4,,,,,,1024,,,,,15.6,,,,,,,,,,,,,,,,False,False,Windows 10,True,,,,[],,,,False,False,False,,,,,,,,0,flipkart,https://www.flipkart.com/asus-rog-strix-g15-2021-amd-ryzen-5-hexa-core-5600h-8-gb-1-tb-ssd-windows-10-home-4-gb-graphics-nvidia-geforce-rtx-3050-144-hz-80-w-g513qc-hn093t-gaming-laptop/p/itm6c78207201c3f,2026-09-28T11:06:06.084056+00:00,insufficient_sources
HP,HP 15R,Intel,,2025,Intel,Core i3 13th Gen 1315U,Core i3,,,,,,,,,,,,,,16,DDR4,,,,,,512,,,,,15.6,,,,,,,,,,,,,,,,False,False,Windows 11 Home,True,,,,[],,,,False,False,False,,69990.0,71999.0,2009.0,59990.0,66992.25,71999.0,4,flipkart,https://www.flipkart.com/hp-15r-2025-intel-core-i3-13th-gen-1315u-16-gb-512-gb-ssd-windows-11-home-g9-thin-light-laptop/p/itma5157bf50de37,2026-09-28T11:06:06.087727+00:00,valid
MSI,MSI Modern 14,Modern,,,Intel,Core i5 12th Gen 1235U,Core i5,,,,,,,,,,,,,,8,DDR4,,,,,,512,,,,,14.0,,,,,,,,,,,,,,,,False,False,Windows 11 Home,True,,,,[],,,,False,False,False,,,,,,,,0,flipkart,https://www.flipkart.com/msi-modern-14-intel-core-i5-12th-gen-1235u-8-gb-512-gb-ssd-windows-11-home-c12mo-1249in-thin-light-laptop/p/itm29620ccd769c6,2026-09-28T11:06:33.480442+00:00,insufficient_sources
Samsung,Samsung Galaxy Book6 Pro,NP960XJG,,,,,,,,,,,,,,,,,,,32,LPDDR5X,,,,,,1024,,,,,16.0,,,,,,,,,,True,,,,,,False,False,Windows 11 Home,True,,,,[],,,,False,False,False,,219990.0,293990.0,74000.0,219990.0,256990.0,293990.0,8,flipkart,https://www.flipkart.com/samsung-galaxy-book6-pro-intel-core-ultra-7-series-3-356h-32-gb-1-tb-ssd-windows-11-home-np960xjg-thin-light-laptop/p/itm629d5cf29f792,2026-09-28T11:06:44.368419+00:00,valid
Samsung,Samsung Galaxy Book6,NP760XJG,,,,,,,,,,,,,,,,,,,16,LPDDR5X,,,,,,512,,,,,16.0,,,,,,,,,,True,,,,,,False,False,Windows 11 Home,True,,,,[],,,,False,False,False,,131990.0,170790.0,38800.0,131990.0,151390.0,170790.0,12,flipkart,https://www.flipkart.com/samsung-galaxy-book6-intel-core-ultra-7-series-3-355-16-gb-512-gb-ssd-windows-11-home-np760xjg-thin-light-laptop/p/itmc09ea2f25e980,2026-09-28T11:06:44.389641+00:00,valid
Samsung,Samsung Galaxy Book6 Pro,NP960XJG,,,,,,,,,,,,,,,,,,,16,LPDDR5X,,,,,,512,,,,,16.0,,,,,,,,,,True,,,,,,False,False,Windows 11 Home,True,,,,[],,,,False,False,False,,182990.0,226790.0,43800.0,182990.0,204890.0,226790.0,6,flipkart,https://www.flipkart.com/samsung-galaxy-book6-pro-intel-core-ultra-5-series-3-325-16-gb-512-gb-ssd-windows-11-home-np960xjg-thin-light-laptop/p/itm6dcfd6ea7c655,2026-09-28T11:06:44.402054+00:00,valid
Samsung,Samsung Galaxy Book2,NP750XED-KB1IN,,,Intel,Core i5 12th Gen 1235U,Core i5,,,,,,,,,,,,,,8,LPDDR4X,,,,,,256,,,,,15.6,,,,,,,,,,,,,,,,False,False,Windows 11 Home,True,,,,[],,,,False,False,False,,,,,,,,0,flipkart,https://www.flipkart.com/samsung-galaxy-book2-intel-core-i5-12th-gen-1235u-8-gb-256-gb-ssd-windows-11-home-np750xed-kb1in-thin-light-laptop/p/itm2822d57f3725d,2026-09-28T11:06:44.445691+00:00,insufficient_sources
Samsung,Samsung Galaxy Book5 Pro 360 AI PC Full Metal Chasis,,,,Intel,Core Ultra 5 226V,Core Ultra 5,2,,,,,,,,,,,,,16,LPDDR5X,,,,,,512,,,,,16.0,,,,,,,,,,True,,,,,,False,False,Windows 11,True,,,,[],,,,False,False,False,,168699.0,187190.0,18491.0,168699.0,177944.5,187190.0,6,flipkart,https://www.flipkart.com/samsung-galaxy-book5-pro-360-ai-pc-full-metal-chasis-intel-core-ultra-5-226v-16-gb-512-gb-ssd-windows-11-home-np960qha-2-1-laptop/p/itma7a61a17d3e03,2026-09-28T11:06:44.448689+00:00,valid
Samsung,Samsung Galaxy Book3 Pro EVO AMOLED,,,,Intel,Core i7 13th Gen 1360P,Core i7,,,,,,,,,,,,,,16,DDR5,,,,,,512,,,,,16.0,,,,,,,,,,,,,,,,False,False,Windows 11 Home,True,,,,[],,,,False,False,False,,,,,,,,0,flipkart,https://www.flipkart.com/samsung-galaxy-book3-pro-evo-amoled-intel-core-i7-13th-gen-1360p-16-gb-512-gb-ssd-windows-11-home-np960xfg-kc1in-thin-light-laptop/p/itm56e22bce344e5,2026-09-28T11:06:45.823314+00:00,insufficient_sources
Samsung,Samsung Galaxy Book3 Pro EVO AMOLED,NP,,,Intel,Core i7 13th Gen 1360P,Core i7,,,,,,,,,,,,,,16,DDR5,,,,,,1024,,,,,14.0,,,,,,,,,,,,,,,,False,False,Windows 11 Home,True,,,,[],,,,False,False,False,,,,,,,,0,flipkart,https://www.flipkart.com/samsung-galaxy-book3-pro-evo-amoled-intel-core-i7-13th-gen-1360p-16-gb-1-tb-ssd-windows-11-home-np940xfg-kc5in-thin-light-laptop/p/itm56e22bce344e5,2026-09-28T11:06:45.830617+00:00,insufficient_sources
Samsung,Samsung 990 Pro 4 TB Desktop Black PCIe NVMe Internal Solid State Drive,,,,,,,,,,,,,,,,,,,,,,,,,,,,,,,,,,,,,,,,,,,,,,,,False,False,Windows 11 Home,True,,,,[],,,,False,False,False,,71999.0,77669.0,5670.0,71999.0,74834.0,77669.0,2,flipkart,https://www.flipkart.com/samsung-990-pro-4-tb-desktop-black-pcie-nvme-internal-solid-state-drive-ssd-mz-v9p4t0bw/p/itm1348baf02ab52,2026-09-28T11:06:52.766404+00:00,valid
Samsung,Samsung 9100 Pro 4 TB Desktop Black PCIe NVMe Internal Solid State Drive,,,,,,,,,,,,,,,,,,,,,,,,,,,,,,,,,,,,,,,,,,,,,,,,False,False,Windows 11 Home,True,,,,[],,,,False,False,False,,140199.0,259799.0,119600.0,140199.0,199999.0,259799.0,2,flipkart,https://www.flipkart.com/samsung-9100-pro-4-tb-desktop-black-pcie-nvme-internal-solid-state-drive-ssd-mz-vap4t0bw/p/itm4c168cf932ee9,2026-09-28T11:06:54.520264+00:00,valid
Lenovo,Lenovo V 14,Intel,,2025,Intel,Core i5 13th Gen 13420H,Core i5,13,,,,,,,,,,,,,24,DDR4,,,,,,512,,,,,14.0,,,,,,,,,,,,,,,,False,False,Windows 11 Pro,True,,,,[],,,,False,False,False,,99900.0,115900.0,16000.0,99900.0,107900.0,115900.0,4,flipkart,https://www.flipkart.com/lenovo-v-14-2025-intel-core-i5-13th-gen-13420h-24-gb-512-gb-ssd-windows-11-pro-v14-thin-light-laptop/p/itm062ca0f4febac,2026-09-28T11:06:56.125551+00:00,valid
ASUS,"ASUS Vivobook 15 with Office 2024 + M365 Basic*, Backlit Keyboard,",,Vivobook,2025,Intel,Core i3 13th Gen 1315U,Core i3,,,,,,,,,,,,,,16,DDR5,,,,,,512,,,,,15.6,,,,,,,,,,,,,,,,False,False,Windows 11 Home,True,,,,[],Backlit Keyboard,,,False,False,False,,62550.0,66990.0,4440.0,62550.0,64770.0,66990.0,8,flipkart,https://www.flipkart.com/asus-vivobook-15-2025-office-2024-m365-basic-backlit-keyboard-intel-core-i3-13th-gen-1315u-16-gb-512-gb-ssd-windows-11-home-x1504va-nj2324ws-x1504va-bq341ws-thin-light-laptop/p/itmf0e6514a56cbf,2026-09-28T11:07:10.394942+00:00,valid
Unknown,WINGS Nuvobook Pro Aluminium Alloy Metal Body,,,,Intel,Core i7 11th Gen 1165G,Core i7,,,,,,,,,,,,,,16,DDR4,,,,,,512,,,,,14.0,,,,,,,,,,,,,,,,False,False,Windows 11,True,,,,[],,,,False,False,False,,,,,,,,0,flipkart,https://www.flipkart.com/wings-nuvobook-pro-aluminium-alloy-metal-body-intel-core-i7-11th-gen-1165g7-16-gb-512-gb-ssd-windows-11-home-wl-nuvobook-pro-gry-thin-light-laptop/p/itm42523abf83ab7,2026-09-28T11:07:18.216001+00:00,insufficient_sources
Lenovo,Lenovo,83K100CJIN,,,Intel,Core i7 13th Gen,Core i7,,,,,,,,,,,,,,16,DDR5,,,,,,512,,,,,15.3,,,,,,,,,,,,,,,,False,False,Windows 11 Home,True,,,,[],,,,False,False,False,,89900.0,109900.0,20000.0,87990.0,93354.0,109900.0,10,flipkart,https://www.flipkart.com/lenovo-intel-core-i7-13th-gen-16-gb-512-gb-ssd-windows-11-home-83k100cjin-laptop/p/itm2dadea3a6f1e7,2026-09-28T11:07:18.230056+00:00,valid
Acer,Acer Aspire 3,A324-53,Aspire,,Intel,Core i3 13th Gen 1305U,Core i3,,,,,,,,,,,,,,16,DDR4,,,,,,512,,,,,14.0,,,,,,,,,,,,,,,,False,False,Windows 11 Home,True,,,,[],,,,False,False,False,,59999.0,64690.0,4691.0,59999.0,62344.5,64690.0,10,flipkart,https://www.flipkart.com/acer-aspire-3-intel-core-i3-13th-gen-1305u-16-gb-512-gb-ssd-windows-11-home-a324-53-thin-light-laptop/p/itma6a6812aa712e,2026-09-28T11:07:19.999468+00:00,valid
Microsoft,MICROSOFT Surface Laptop 13.8 Inch,EP2-59281,,,Qualcomm,Snapdragon X2 Elite -,Snapdragon X,,,,,,,,,,,,,,16,LPDDR5X,,,,,,1024,,,,,13.8,,,,,,,,,,True,,,,,,False,False,Windows 11 Home,True,,,,[],,,,False,False,False,,226990.0,233999.0,7009.0,226990.0,230494.5,233999.0,4,flipkart,https://www.flipkart.com/microsoft-surface-laptop-13-8-inch-snapdragon-x2-elite-16-gb-1-tb-ssd-windows-11-home-ep2-59281/p/itmc2d95c484496c,2026-09-28T11:07:23.609153+00:00,valid
HP,HP 14 Omnibook X Flip Next Gen AI PC,14-fm0,,,Intel,Core Ultra 5 226V,Core Ultra 5,2,,,,,,,,,,,,,16,LPDDR5X,,,,,,1024,,,,,14.0,,,,,,,,,,,,,,,,False,False,Windows 11 Home,True,,,,[],,,,False,False,False,,115000.0,188999.0,73999.0,115000.0,151999.5,188999.0,6,flipkart,https://www.flipkart.com/hp-14-omnibook-x-flip-next-gen-ai-pc-intel-core-ultra-5-226v-16-gb-1-tb-ssd-windows-11-home-14-fm0099tu-thin-light-laptop/p/itm2aabb4901d790,2026-09-28T11:07:23.659832+00:00,valid
Microsoft,MICROSOFT Surface Laptop 15 Inch,EP2-60124,,,Qualcomm,Snapdragon X2 Elite -,Snapdragon X,,,,,,,,,,,,,,16,LPDDR5X,,,,,,1024,,,,,15.0,,,,,,,,,,True,,,,,,False,False,Windows 11 Home,True,,,,[],,,,False,False,False,,246990.0,253999.0,7009.0,246990.0,250494.5,253999.0,8,flipkart,https://www.flipkart.com/microsoft-surface-laptop-15-inch-snapdragon-x2-elite-16-gb-1-tb-ssd-windows-11-home-ep2-60124/p/itm0acfecc744768,2026-09-28T11:07:23.662906+00:00,valid
Microsoft,MICROSOFT Surface Laptop 15 Inch,EP2-60135,,,Qualcomm,Snapdragon X2 Elite -,Snapdragon X,,,,,,,,,,,,,,16,LPDDR5X,,,,,,1024,,,,,15.0,,,,,,,,,,True,,,,,,False,False,Windows 11 Home,True,,,,[],,,,False,False,False,,246990.0,253999.0,7009.0,246990.0,250494.5,253999.0,4,flipkart,https://www.flipkart.com/microsoft-surface-laptop-15-inch-snapdragon-x2-elite-16-gb-1-tb-ssd-windows-11-home-ep2-60135/p/itmd853cf74e7756,2026-09-28T11:07:23.690882+00:00,valid
ASUS,"ASUS Vivobook S15 OLED Copilot + PC, AI PC, Full Metal Body, Backlit Keyboard,",,Vivobook,,Qualcomm,Snapdragon X Elite -,Snapdragon X,,,,,,,,,,,,,,16,LPDDR5X,,,,,,1024,,,,,15.6,,,,,OLED,,,,,,,,,,,False,False,Windows 11,True,,,,[],Backlit Keyboard,,,False,False,False,,95995.0,111999.0,16004.0,95995.0,103997.0,111999.0,4,flipkart,https://www.flipkart.com/asus-vivobook-s15-oled-copilot-pc-ai-full-metal-body-backlit-keyboard-snapdragon-x-elite-16-gb-1-tb-ssd-windows-11-home-s5507qad-ma751ws-thin-light-laptop/p/itm64aa566d270be,2026-09-28T11:07:23.697125+00:00,valid
Lenovo,Lenovo,21V0A01SIG,,,AMD,Ryzen 5 Hexa Core,Ryzen 5,,,,,,,,,,,,,,16,DDR5,,,,,,1024,,,,,14.0,,,,,,,,,,,,,,,,False,False,Windows 11 Home,True,,,,[],,,,False,False,False,,89989.0,126931.0,36942.0,89989.0,108460.0,126931.0,6,flipkart,https://www.flipkart.com/lenovo-ryzen-5-220-amd-hexa-core-16-gb-1-tb-ssd-windows-11-home-21v0a01sig-laptop/p/itma6a8639335500,2026-09-28T11:07:25.422560+00:00,valid
Acer,Acer Swift X,SFX14-41G,Swift,,AMD,Ryzen 7 Octa Core 5800U,Ryzen 7,5,,,,,,,,,,,,,16,DDR4,,,,,,1024,,,,,14.0,,,,,,,,,,,,,,,,False,False,Windows 11 Home,True,,,,[],,,,False,False,False,,84110.0,98990.0,14880.0,84110.0,91550.0,98990.0,6,flipkart,https://www.flipkart.com/acer-swift-x-amd-ryzen-7-octa-core-5800u-16-gb-1-tb-ssd-windows-11-home-4-gb-graphics-sfx14-41g-thin-light-laptop/p/itmcc2f05a514cc4,2026-09-28T11:07:25.444450+00:00,valid
Microsoft,MICROSOFT Surface Laptop AI PC with Microsoft 365 for 6 Months*,AI,,,Qualcomm,Snapdragon X Elite -,Snapdragon X,,,,,,,,,,,,,,16,LPDDR5X,,,,,,1024,,,,,13.8,,,,,,,,,,True,,,,,,False,False,Windows 11,True,,,,[],,,,False,False,False,,170999.0,175999.0,5000.0,170999.0,173499.0,175999.0,4,flipkart,https://www.flipkart.com/microsoft-surface-laptop-7th-edition-ai-pc-365-6-months-snapdragon-x-elite-16-gb-1-tb-ssd-windows-11-home-zxx-00059/p/itm066fe9657a114,2026-09-28T11:07:25.467240+00:00,valid
ASUS,ASUS,S5504VA-MA553WS,,,Intel,Core i5 13th Gen,Core i5,,,,,,,,,,,,,,16,LPDDR5,,,,,,1024,,,,,15.6,,,,,,,,,,,,,,,,False,False,Windows 11 Home,True,,,,[],,,,False,False,False,,86735.0,116999.0,30264.0,86735.0,101867.0,116999.0,2,flipkart,https://www.flipkart.com/asus-intel-core-i5-13th-gen-16-gb-1-tb-ssd-windows-11-home-4-gb-graphics-s5504va-ma553ws-laptop/p/itm10fff3adfbf2d,2026-09-28T11:07:27.657186+00:00,valid
ASUS,ASUS ROG Strix G16 with Office 2024 + M365 Basic*,,ROG,2025,Intel,Core i7 14th Gen 14650HX,Core i7,14,,,,,,,,,,,,,16,DDR5,,,,,,1024,,,,,16.0,,,,,,,,,,,,,,,,False,False,Windows 11 Home,True,,,,[],,,,False,False,False,,159990.0,287990.0,128000.0,159990.0,223990.0,287990.0,10,flipkart,https://www.flipkart.com/asus-rog-strix-g16-2025-office-2024-m365-basic-intel-core-i7-14th-gen-14650hx-16-gb-1-tb-ssd-windows-11-home-8-gb-graphics-nvidia-geforce-rtx-5050-240-hz-g615jhr-s5005ws-gaming-laptop/p/itm174a98e37d25c,2026-09-28T11:07:27.710322+00:00,valid
Motorola,MOTOROLA Motobook 60 Full Metal 2.8K OLED,Intel,,2024,Intel,Core 7,,,,,,,,,,,,,,,16,DDR5,,,,,,1024,,,,,14.0,,,,,OLED,,,,,,,,,,,False,False,Windows 11,True,,,,[],,,,False,False,False,,79990.0,110490.0,30500.0,79990.0,95240.0,110490.0,6,flipkart,https://www.flipkart.com/motorola-motobook-60-full-metal-2-8k-oled-i7-14th-gen-intel-core-7-series-2-240h-16-gb-1-tb-ssd-windows-11-home-14irh10r-thin-light-laptop/p/itmd38998009f90e,2026-09-28T11:07:32.327508+00:00,valid
ASUS,ASUS TUF Gaming A16,AMD,TUF Gaming,2026,AMD,Ryzen 7 Processor,Ryzen 7,,,,,,,,,,,,,,16,DDR5,,,,,,512,,,,,16.0,,,,,,,,,,,,,,,,False,False,Windows 11 Home,True,,,,[],,,,False,False,False,,159990.0,259990.0,100000.0,159990.0,209990.0,259990.0,6,flipkart,https://www.flipkart.com/asus-tuf-gaming-a16-2026-amd-ryzen-7-260-16-gb-512-gb-ssd-windows-11-home-8-graphics-nvidia-geforce-rtx-5050-144-hz-fa608uhi-tu238ws-laptop/p/itm694a6ad23b5b9,2026-09-28T11:07:34.401473+00:00,valid
HP,HP Spectre x360 OLED Eyesafe Evo,,Spectre,,Intel,Core i7 13th Gen 1360P,Core i7,,,,,,,,,,,,,,32,DDR4,,,,,,1024,,,,,16.0,,,,,OLED,,,,,True,,,,,,False,False,Windows 11 Home,True,,,,[],,,,False,False,False,,142490.0,213582.0,71092.0,142490.0,178036.0,213582.0,2,flipkart,https://www.flipkart.com/hp-spectre-x360-oled-eyesafe-evo-intel-core-i7-13th-gen-1360p-32-gb-1-tb-ssd-windows-11-home-4-gb-graphics-16-f2005tx-laptop/p/itm387c946898d4c,2026-09-28T11:07:34.474595+00:00,valid
Dell,DELL 16,DB16250,,,Intel,Core Ultra 7 256V,Core Ultra 7,2,,,,,,,,,,,,,16,LPDDR5X,,,,,,512,,,,,16.0,,,,,,,,,,,,,,,,False,False,Windows 11 Home,True,,,,[],,,,False,False,False,,,,,,,,0,flipkart,https://www.flipkart.com/dell-16-intel-core-ultra-7-256v-16-gb-512-gb-ssd-windows-11-home-db16250-laptop/p/itm016dc65eae9f2,2026-09-28T11:07:38.320268+00:00,insufficient_sources
Dell,DELL 15 AI Powered,AI,,,Intel,Core Ultra 7 225H,Core Ultra 7,2,,,,,,,,,,,,,16,DDR5,,,,,,512,,,,,15.6,,,,,,,,,,,,,,,,False,False,Windows 11 Home,True,,,,[],,,,False,False,False,,107990.0,113216.0,5226.0,107990.0,110603.0,113216.0,2,flipkart,https://www.flipkart.com/dell-15-previously-inspiron-ai-powered-intel-core-ultra-7-225h-16-gb-512-gb-ssd-windows-11-home-thin-light-laptop/p/itm2bfa65c94b238,2026-09-28T11:07:38.327298+00:00,valid
Dell,DELL XPS,9440,XPS,,Intel,Core Ultra 7 155H,Core Ultra 7,1,,,,,,,,,,,,,16,LPDDR5,,,,,,1024,,,,,14.5,,,,,,,,,,True,,,,,,False,False,Windows 11 Home,True,,,,[],,,,False,False,False,,,,,,,,0,flipkart,https://www.flipkart.com/dell-xps-intel-core-ultra-7-155h-16-gb-1-tb-ssd-windows-11-home-intel-integrated-arc-9440-creator-laptop/p/itm2eb4f5d6b72da,2026-09-28T11:07:38.403661+00:00,insufficient_sources
Infinix,Infinix Zero Book Ultra AI PC,ZL514,,,Intel,Core Ultra 7 155H,Core Ultra 7,1,,,,,,,,,,,,,16,LPDDR5X,,,,,,512,,,,,15.6,,,,,,,,,,,,,,,,False,False,Windows 11 Home,True,,,,[],,,,False,False,False,,,,,,,,0,flipkart,https://www.flipkart.com/infinix-zero-book-ultra-ai-pc-intel-core-7-155h-16-gb-512-gb-ssd-windows-11-home-zl514-thin-light-laptop/p/itm8f6c2175bfd95,2026-09-28T11:07:40.091095+00:00,insufficient_sources
Lenovo,Lenovo Idea Pad Slim 3,83K100C9IN,,2024,Intel,Core i7 13th Gen 13620H,Core i7,13,,,,,,,,,,,,,16,DDR5,,,,,,512,,,,,15.3,,,,,,,,,,,,,,,,False,False,Windows 11 Home,True,,,,[],,,,False,False,False,1,87499.0,91699.0,4200.0,87499.0,89599.0,91699.0,6,flipkart,https://www.flipkart.com/lenovo-idea-pad-slim-3-intel-core-i7-13th-gen-13620h-16-gb-512-gb-ssd-windows-11-home-83k100c9in-thin-light-laptop/p/itm58aed9a5662dc,2026-09-28T11:07:41.899377+00:00,valid
ASUS,ASUS Vivobook S14,M3407KA-SF048WS,Vivobook,2024,AMD,Ryzen 7 Processor,Ryzen 7,,,,,,,,,,,,,,16,DDR5,,,,,,1024,,,,,14.0,,,,,,,,,,,,,,,,False,False,Windows 11 Home,True,,,,[],,,,False,False,False,,119010.0,140999.0,21989.0,119010.0,130004.5,140999.0,4,flipkart,https://www.flipkart.com/asus-vivobook-s14-amd-ryzen-7-350-16-gb-1-tb-ssd-windows-11-home-m3407ka-sf048ws-business-laptop/p/itm40723092a91dd,2026-09-28T11:07:47.214687+00:00,valid
Lenovo,Lenovo ThinkBook 15,ThinkBook,,,AMD,Ryzen 7 Octa Core 7730U,Ryzen 7,7,,,,,,,,,,,,,8,DDR4,,,,,,512,,,,,15.6,,,,,,,,,,,,,,,,False,False,DOS,False,,,,[],,,,False,False,False,,,,,,,,0,flipkart,https://www.flipkart.com/lenovo-thinkbook-15-amd-ryzen-7-octa-core-7730u-8-gb-512-gb-ssd-dos-g5-thin-light-laptop/p/itm65936d217ef8a,2026-09-28T11:07:47.223307+00:00,insufficient_sources
ASUS,ASUS,,,,AMD,Ryzen 7 Octa Core,Ryzen 7,,,,,,,,,,,,,,16,DDR5,,,,,,1024,,,,,15.6,,,,,,,,,,,,,,,,False,False,Windows 11 Home,True,,,,[],,,,False,False,False,,111000.0,140990.0,29990.0,111000.0,125995.0,140990.0,4,flipkart,https://www.flipkart.com/asus-amd-ryzen-7-170-processor-octa-core-ryzen-3-2ghz-16-gb-1-tb-ssd-windows-11-home-4-gb-graphics-nvidia-geforce-rtx-4gb-gddr6-optimus-nvidia-rtx-3050-144-hz-75-w-fa506ncq-hn009ws-gaming-laptop/p/itm71d2529ad6073,2026-09-28T11:07:47.228733+00:00,valid
ASUS,ASUS Vivobook Go 15 with Office 2024 + M365 Basic*,,Vivobook,2026,AMD,Ryzen 3 Quad Core,Ryzen 3,,,,,,,,,,,,,,8,DDR5,,,,,,512,,,,,15.6,,,,,,,,,,,,,,,,False,False,Windows 11 Home,True,,,,[],,,,False,False,False,,57990.0,72990.0,15000.0,57990.0,65462.22,72990.0,18,flipkart,https://www.flipkart.com/asus-vivobook-go-15-2026-office-2024-m365-basic-amd-ryzen-3-quad-core-30-8-gb-512-gb-ssd-windows-11-home-e1504fa-bq2117ws-thin-light-laptop/p/itma163e2c8f2a9e,2026-09-28T11:07:49.471238+00:00,valid
Lenovo,Lenovo IdeaPad Flex 5,14IRU8,IdeaPad,,Intel,Core i5 13th Gen 1335U,Core i5,,,,,,,,,,,,,,16,LPDDR4X,,,,,,512,,,,,14.0,,,,,,,,,,True,,,,,,False,False,Windows 11 Home,True,,,,[],,,,False,False,False,,79990.0,111190.0,31200.0,79990.0,95590.0,111190.0,2,flipkart,https://www.flipkart.com/lenovo-ideapad-flex-5-intel-core-i5-13th-gen-1335u-16-gb-512-gb-ssd-windows-11-home-14iru8-2-1-laptop/p/itmd4a374447028a,2026-09-28T11:07:52.165829+00:00,valid
HP,HP Essentials,Intel,,2024,Intel,Core 5 13th Gen 120U,,,,,,,,,,,,,,,16,DDR4,,,,,,512,,,,,14.0,,,,,,,,,,,,,,,,False,False,Windows 11 Home,True,,,,[],,,,False,False,False,,81999.0,114869.0,32870.0,81999.0,98434.0,114869.0,4,flipkart,https://www.flipkart.com/hp-essentials-i5-14th-gen-intel-core-5-13th-gen-120u-16-gb-512-gb-ssd-windows-11-home-ep0385tu-2-1-laptop/p/itm25012689d3cab,2026-09-28T11:07:52.189545+00:00,valid
Lenovo,Lenovo IdeaPad 5 2,,IdeaPad,,Intel,Core i7 13th Gen 13620H,Core i7,13,,,,,,,,,,,,,16,LPDDR5X,,,,,,512,,,,,14.0,,,,,OLED,,,,,True,,,,,,False,False,Windows 11 Home,True,,,,[],,,,False,False,False,,,,,,,,0,flipkart,https://www.flipkart.com/lenovo-ideapad-5-2-in-1-wuxga-oled-intel-core-i7-13th-gen-13620h-16-gb-512-gb-ssd-windows-11-home-14irh9-2-1-laptop/p/itm0d1ffafece259,2026-09-28T11:07:52.196196+00:00,insufficient_sources
Microsoft,MICROSOFT Surface Pro 13 Inch,EP2-73255,,,Qualcomm,Snapdragon X2 Plus -,Snapdragon X,,,,,,,,,,,,,,16,LPDDR5X,,,,,,512,,,,,13.0,,,,,,,,,,True,,,,,,False,False,Windows 11 Home,True,,,,[],,,,False,False,False,,188990.0,195999.0,7009.0,188990.0,192494.5,195999.0,4,flipkart,https://www.flipkart.com/microsoft-surface-pro-13-inch-snapdragon-x2-plus-16-gb-512-gb-ssd-windows-11-home-ep2-73255-2-1-laptop/p/itm953261851a3df,2026-09-28T11:07:54.199032+00:00,valid
Microsoft,MICROSOFT Surface Laptop 15 Inch,EP2-60207,,,Qualcomm,Snapdragon X2 Elite -,Snapdragon X,,,,,,,,,,,,,,16,LPDDR5X,,,,,,512,,,,,15.0,,,,,,,,,,True,,,,,,False,False,Windows 11 Home,True,,,,[],,,,False,False,False,,204990.0,211999.0,7009.0,204990.0,208494.5,211999.0,6,flipkart,https://www.flipkart.com/microsoft-surface-laptop-15-inch-snapdragon-x2-elite-16-gb-512-gb-ssd-windows-11-home-ep2-60207/p/itm50bb8b5bfc7e2,2026-09-28T11:07:55.982223+00:00,valid
Microsoft,MICROSOFT Surface Laptop 13.8 Inch,EP2-59611,,,Qualcomm,Snapdragon X2 Elite -,Snapdragon X,,,,,,,,,,,,,,32,LPDDR5X,,,,,,1024,,,,,13.8,,,,,,,,,,True,,,,,,False,False,Windows 11 Home,True,,,,[],,,,False,False,False,,294990.0,301999.0,7009.0,294990.0,298494.5,301999.0,4,flipkart,https://www.flipkart.com/microsoft-surface-laptop-13-8-inch-snapdragon-x2-elite-32-gb-1-tb-ssd-windows-11-home-ep2-59611/p/itmc52a0a9e2c9f2,2026-09-28T11:07:56.167378+00:00,valid
ASUS,ASUS,,,,AMD,Ryzen 5 Quad Core,Ryzen 5,,4,,,4.3,,,,,,,,,16,LPDDR5,,,,,,512,,,,,15.6,,,,,,,,,,,,,,,,False,False,Windows 11 Home,True,,,,[],,,,False,False,False,,71990.0,129990.0,58000.0,71990.0,100990.0,129990.0,2,flipkart,https://www.flipkart.com/asus-amd-ryzen-5-quad-core-40-processor-2-8ghz-6mb-cache-up-4-3ghz-4-cores-8-threads-16-gb-512-gb-ssd-windows-11-home-e1504fa-in2816ws-2-1-laptop/p/itm8f7f82d8a3a79,2026-09-28T11:07:56.180987+00:00,valid
Microsoft,"MICROSOFT Surface Pro 12"" with Type Cover & Pen",,,,Qualcomm,Snapdragon X Plus Processor 16 GB LPDDR5X RAM 64 bit Windows 11 Operating System 256 GB SSD 30,Snapdragon X,,,,,,,,,,,,,,16,LPDDR5X,,,,,,256,,,,,12.0,,,,,,,,,,True,,,,,,False,False,Windows 11,True,,,,[],,,,False,False,False,,151990.0,161198.0,9208.0,141990.0,152894.0,161198.0,12,flipkart,https://www.flipkart.com/microsoft-surface-pro-12-type-cover-pen-core-8-365-6-months-snapdragon-x-plus-16-gb-256-gb-ssd-windows-11-home-ep2-27654-ep2-33040-1-laptop/p/itm94ef063fadddd,2026-09-28T11:07:56.188221+00:00,valid
HP,HP Spectre 16 Eyesafe Evo,16-f1003T,Spectre,,Intel,Core i7 12th Gen 12700H,Core i7,12,,,,,,,,,,,,,16,LPDDR4X,,,,,,512,,,,,16.0,,,,,,,,,,True,,,,,,False,False,Windows 11 Home,True,,,,[],,,,False,False,False,,120990.0,157990.0,37000.0,120990.0,139490.0,157990.0,2,flipkart,https://www.flipkart.com/hp-spectre-16-eyesafe-evo-intel-core-i7-12th-gen-12700h-16-gb-512-gb-ssd-windows-11-home-16-f1003tu-2-1-laptop/p/itm0d2179942ce50,2026-09-28T11:07:56.191338+00:00,valid
ASUS,ASUS Chromebook Flip Touch,C214MA,,,Intel,Celeron Dual Core N4020,,,,,,,,,,,,,,,4,LPDDR4,,,,,EMMC,,,,,,11.6,,,,,,,,,,True,,,,,,False,False,Chrome OS,False,,,,[],,,,False,False,False,,30990.0,39990.0,9000.0,30990.0,35490.0,39990.0,2,flipkart,https://www.flipkart.com/asus-chromebook-flip-touch-intel-celeron-dual-core-n4020-4-gb-32-gb-emmc-storage-chrome-os-c214ma-bu0704/p/itmc95b00d160836,2026-09-28T11:07:56.197061+00:00,valid
Acer,Acer Aspire 3,A315-59,Aspire,,Intel,Core i3 12th Gen,Core i3,,,,,,,,,,,,,,8,DDR4,,,,,,512,,,,,15.6,,,,,,,,,,,,,,,,False,False,Windows 11 Home,True,,,,[],,,,False,False,False,,54886.0,59990.0,5104.0,54886.0,57438.0,59990.0,4,flipkart,https://www.flipkart.com/acer-aspire-3-intel-core-i3-12th-gen-8-gb-512-gb-ssd-windows-11-home-a315-59-thin-light-laptop/p/itm05f023c6da5dc,2026-09-28T11:10:20.378741+00:00,valid
Acer,Acer Aspire 3,A315-58,Aspire,,Intel,Core i3 11th Gen 1115G,Core i3,,,,,,,,,,,,,,4,DDR4,,,,,,256,,,,,15.6,,,,,,,,,,,,,,,,False,False,Windows 10,True,,,,[],,,,False,False,False,,53892.0,61999.0,8107.0,53892.0,57945.5,61999.0,6,flipkart,https://www.flipkart.com/acer-aspire-3-intel-core-i3-11th-gen-1115g4-4-gb-256-gb-ssd-windows-10-home-a315-58-thin-light-laptop/p/itm66859b035ef75,2026-09-28T11:10:20.407527+00:00,valid
Acer,Acer Aspire 3,A325-45,Aspire,,Intel,Celeron Dual Core,,,,,,,,,,,,,,,8,LPDDR4X,,,,,,256,,,,,15.6,,,,,,,,,,,,,,,,False,False,Windows 11 Home,True,,,,[],,,,False,False,False,,37729.0,40990.0,3261.0,37729.0,39359.5,40990.0,2,flipkart,https://www.flipkart.com/acer-aspire-3-intel-celeron-dual-core-8-gb-256-gb-ssd-windows-11-home-a325-45-thin-light-laptop/p/itm51172436cff64,2026-09-28T11:10:20.428956+00:00,valid
Acer,Acer Aspire 3,A325-51,Aspire,,Intel,Core i3 12th Gen 1215U,Core i3,,,,,,,,,,,,,,8,DDR4,,,,,,512,,,,,15.6,,,,,,,,,,,,,,,,False,False,Windows 11 Home,True,,,,[],,,,False,False,False,,48800.0,51990.0,3190.0,48800.0,50395.0,51990.0,6,flipkart,https://www.flipkart.com/acer-aspire-3-intel-core-i3-12th-gen-1215u-8-gb-512-gb-ssd-windows-11-home-a325-51-thin-light-laptop/p/itm05f023c6da5dc,2026-09-28T11:10:20.445816+00:00,valid
Acer,Acer Aspire 3,A315-59,Aspire,,Intel,Core i3 12th Gen 1215U,Core i3,,,,,,,,,,,,,,8,DDR4,,,,,,512,,,,,15.6,,,,,,,,,,,,,,,,False,False,Windows 11 Home,True,,,,[],,,,False,False,False,,55362.0,59990.0,4628.0,55362.0,57676.0,59990.0,4,flipkart,https://www.flipkart.com/acer-aspire-3-intel-core-i3-12th-gen-1215u-8-gb-512-gb-ssd-windows-11-home-a315-59-36he-thin-light-laptop/p/itm05f023c6da5dc,2026-09-28T11:10:20.451669+00:00,valid
Acer,Acer Aspire 3,A324-53,Aspire,,Intel,Core i5 13th Gen 1334U,Core i5,,,,,,,,,,,,,,8,DDR4,,,,,,512,,,,,14.0,,,,,,,,,,,,,,,,False,False,Windows 11 Home,True,,,,[],,,,False,False,False,,69510.0,85990.0,16480.0,69510.0,77750.0,85990.0,4,flipkart,https://www.flipkart.com/acer-aspire-3-intel-core-i5-13th-gen-1334u-8-gb-512-gb-ssd-windows-11-home-a324-53-thin-light-laptop/p/itm707770fddc7e9,2026-09-28T11:10:24.110509+00:00,valid
Acer,Acer Aspire 7,,Aspire,,Intel,Core i5 13th Gen,Core i5,,,,,,,,,,,,,,8,DDR4,,,,,,512,,,,,15.6,,,,,,,,,,,,,,,,False,False,Windows 11 Home,True,,,,[],,,,False,False,False,,,,,,,,0,flipkart,https://www.flipkart.com/acer-aspire-7-intel-core-i5-13th-gen-8-gb-512-gb-ssd-windows-11-home-4-graphics-nvidia-geforce-rtx-2050-a715-79g-gaming-laptop/p/itmad408797502e0,2026-09-28T11:10:27.590796+00:00,insufficient_sources
Acer,Acer Aspire 7,,Aspire,,Intel,Core i7 9th Gen 9750H,Core i7,,,,,,,,,,,,,,8,DDR4,,,,,,512,,,,,15.6,,,,,,,,,,,,,,,,False,False,Windows 10,True,,,,[],,,,False,False,False,,,,,,,,0,flipkart,https://www.flipkart.com/acer-aspire-7-intel-core-i7-9th-gen-9750h-8-gb-512-gb-ssd-windows-10-home-4-graphics-nvidia-geforce-gtx-1650-a715-75g-793n-gaming-laptop/p/itm46034d1af5b73,2026-09-28T11:10:27.598351+00:00,insufficient_sources
Dell,DELL Alienware 15,,Alienware,,AMD,Ryzen 7 Processor,Ryzen 7,,,,,,,,,,,,,,16,DDR5,,,,,,512,,,,,15.3,,,,,,,,,,,,,,,,False,False,Windows 11 Home,True,,,,[],,,,False,False,False,,126990.0,162957.0,35967.0,126990.0,144973.5,162957.0,4,flipkart,https://www.flipkart.com/dell-alienware-15-amd-ryzen-7-260-16-gb-512-gb-ssd-windows-11-home-6-graphics-nvidia-geforce-rtx-3050-165-hz-can15265cto03mino-gaming-laptop/p/itm6eee8325fa798,2026-09-28T11:10:29.172015+00:00,valid
Acer,Acer 3 Years Warranty ALG Gaming,Intel,,2026,Intel,Core i5 13th Gen 13420H,Core i5,13,,,,,,,,,,,,,16,DDR4,,,,,,512,,,,,15.6,,,,,,,,,,,,,,,,False,False,Windows 11 Home,True,,,,[],,,,False,False,False,,99340.0,109990.0,10650.0,99340.0,104665.0,109990.0,8,flipkart,https://www.flipkart.com/acer-3-years-warranty-alg-gaming-2026-intel-core-i5-13th-gen-13420h-16-gb-512-gb-ssd-windows-11-home-6-graphics-nvidia-geforce-rtx-3050-144-hz-al15g-53-laptop/p/itm5afbf4ffea214,2026-09-28T11:10:30.597282+00:00,valid
ASUS,ASUS,,,,AMD,Ryzen 7 Octa Core 7435HS,Ryzen 7,7,,,,,,,,,,,,,16,DDR5,,,,,,512,,,,,15.6,,,,,,,,,,True,,,,,,False,False,Windows 11 Home,True,,,,[],,,,False,False,False,,96485.0,105999.0,9514.0,96199.0,99844.5,105999.0,6,flipkart,https://www.flipkart.com/asus-amd-ryzen-7-octa-core-7435hs-16-gb-512-gb-ssd-windows-11-home-4-graphics-nvidia-geforce-rtx-2050-fa506nfr-hn259ws-gaming-laptop/p/itm024475e7d24d3,2026-09-28T11:10:30.672063+00:00,valid
ASUS,ASUS ROG Strix G16,Intel,ROG,2026,Intel,Core Ultra 9 290HX,Core Ultra 9,1,,,,,,,,,,,,,32,DDR5,,,,,,1024,,,,,16.0,,,,,,,,,,,,,,,,False,False,Windows 11 Home,True,,,,[],,,,False,False,False,,329990.0,371990.0,42000.0,329990.0,350990.0,371990.0,4,flipkart,https://www.flipkart.com/asus-rog-strix-g16-2026-intel-core-ultra-9-290hx-plus-32-gb-1-tb-ssd-windows-11-home-8-gb-graphics-nvidia-geforce-rtx-5070-300-hz-g615lp-ts210ws-gaming-laptop/p/itm2860e904214aa,2026-09-28T11:10:35.473537+00:00,valid
ASUS,"ASUS Vivobook Pro 15 For Creator,",,Vivobook,,AMD,Ryzen 5 Hexa Core 5600HS,Ryzen 5,5,,,,,,,,,,,,,8,DDR4,,,,,,512,,,,,15.6,,,,,,,,,,,,,,,,False,False,Windows 11 Home,True,,,,[],,,,False,False,False,,85752.0,99990.0,14238.0,78999.0,86944.14,99990.0,14,flipkart,https://www.flipkart.com/asus-vivobook-pro-15-creator-amd-ryzen-5-hexa-core-5600hs-8-gb-512-gb-ssd-windows-11-home-4-graphics-nvidia-geforce-rtx-2050-144-hz-50-tgp-m6500qf-hn521ws-gaming-laptop/p/itmf62d6f5927429,2026-09-28T11:10:35.479711+00:00,valid
ASUS,ASUS TUF,,,,Intel,Core i7 8th Gen 8750H,Core i7,,,,,,,,,,,,,,8,DDR4,,,,,,128,,,,,15.6,,,,,,120,3,,,,,,,,,False,False,Windows 10,True,,,,[],,,,False,False,False,,,,,,,,0,flipkart,https://www.flipkart.com/asus-tuf-intel-core-i7-8th-gen-8750h-8-gb-1-tb-hdd-128-gb-ssd-windows-10-home-4-graphics-nvidia-geforce-gtx-1050ti-fx504ge-en224t-gaming-laptop/p/itm8136ea68f953b,2026-09-28T11:10:36.969668+00:00,insufficient_sources
ASUS,ASUS ROG Strix G16,AMD,ROG,2026,AMD,Ryzen 9,Ryzen 9,,,,,,,,,,,,,,16,DDR5,,,,,,1024,,,,,16.0,,,,,,,,,,,,,,,,False,False,Windows 11 Home,True,,,,[],,,,False,False,False,,223682.0,260990.0,37308.0,223682.0,242336.0,260990.0,6,flipkart,https://www.flipkart.com/asus-rog-strix-g16-2026-amd-ryzen-9-16-core-8940hx-16-gb-1-tb-ssd-windows-11-home-8-gb-graphics-nvidia-geforce-rtx-5050-165-hz-g614ph-rv073ws-gaming-laptop/p/itm79a5501cd2465,2026-09-28T11:10:37.018436+00:00,valid
ASUS,ASUS Vivobook Go 15,E1504FA-NJ321WS,Vivobook,,AMD,Ryzen 3 Quad Core 7320U,Ryzen 3,7,,,,,,,,,,,,,8,LPDDR5,,,,,,512,,,,,15.6,,,,,,,,,,,,,,,,False,False,Windows 11 Home,True,,,,[],,,,False,False,False,,43990.0,50990.0,7000.0,43990.0,50077.5,59990.0,8,flipkart,https://www.flipkart.com/asus-vivobook-go-15-amd-ryzen-3-quad-core-7320u-8-gb-512-gb-ssd-windows-11-home-e1504fa-nj321ws-thin-light-laptop/p/itmf2da9c7085e1b,2026-09-28T11:10:39.855600+00:00,valid
ASUS,ASUS Vivobook Go 15 OLED,E1504FA-LK321,Vivobook,,AMD,Ryzen 3 Quad Core 7320U,Ryzen 3,7,,,,,,,,,,,,,8,LPDDR5,,,,,,512,,,,,15.6,,,,,OLED,,,,,,,,,,,False,False,Windows 11 Home,True,,,,[],,,,False,False,False,,45990.0,61990.0,16000.0,45990.0,53990.0,61990.0,2,flipkart,https://www.flipkart.com/asus-vivobook-go-15-oled-amd-ryzen-3-quad-core-7320u-8-gb-512-gb-ssd-windows-11-home-e1504fa-lk321ws-thin-light-laptop/p/itm3de88f71e558b,2026-09-28T11:10:39.859583+00:00,valid
ASUS,ASUS Vivobook Go 15 OLED,E1504FA-LK323,Vivobook,,AMD,Ryzen 3 Quad Core 7320U,Ryzen 3,7,,,,,,,,,,,,,8,LPDDR5,,,,,,512,,,,,15.6,,,,,OLED,,,,,,,,,,,False,False,Windows 11 Home,True,,,,[],,,,False,False,False,,45990.0,61990.0,16000.0,45990.0,53990.0,61990.0,12,flipkart,https://www.flipkart.com/asus-vivobook-go-15-oled-amd-ryzen-3-quad-core-7320u-8-gb-512-gb-ssd-windows-11-home-e1504fa-lk323ws-thin-light-laptop/p/itm3de88f71e558b,2026-09-28T11:10:39.864055+00:00,valid
ASUS,ASUS Vivobook Go 15,E1504FA-NJ131WS,Vivobook,2024,AMD,Ryzen 3 Quad Core 7320U,Ryzen 3,7,,,,,,,,,,,,,8,LPDDR5,,,,,,512,,,,,15.6,,,,,,,,,,,,,,,,False,False,Windows 11 Home,True,,,,[],,,,False,False,False,,54978.0,55990.0,1012.0,54978.0,55484.0,55990.0,10,flipkart,https://www.flipkart.com/asus-vivobook-go-15-amd-ryzen-3-quad-core-7320u-8-gb-512-gb-ssd-windows-11-home-e1504fa-nj131ws-e1504fa-bq2321ws-thin-light-laptop/p/itm459fb45576278,2026-09-28T11:10:39.870689+00:00,valid
ASUS,ASUS Vivobook Go 15,E1504GA-NJ3321WS,Vivobook,2024,Intel,Core i3,Core i3,,,,,,,,,,,,,,8,DDR4,,,,,,512,,,,,15.6,,,,,,,,,,,,,,,,False,False,Windows 11 Home,True,,,,[],,,,False,False,False,,56411.0,59000.0,2589.0,56411.0,57705.5,59000.0,12,flipkart,https://www.flipkart.com/asus-vivobook-go-15-intel-core-i3-n305-8-gb-512-gb-ssd-windows-11-home-e1504ga-nj3321ws-thin-light-laptop/p/itm1d4f5aaf2e269,2026-09-28T11:10:39.877900+00:00,valid
ASUS,ASUS ASUS Vivobook Go 15,E1504FA-BQ5709WS,Vivobook,2024,AMD,Ryzen 3 Processor,Ryzen 3,,,,,,,,,,,,,,8,LPDDR5,,,,,,512,,,,,15.6,,,,,,,,,,,,,,,,False,False,Windows 11 Home,True,,,,[],,,,False,False,False,,57990.0,77990.0,20000.0,57990.0,67990.0,77990.0,2,flipkart,https://www.flipkart.com/asus-vivobook-go-15-amd-ryzen-3-30-8-gb-512-gb-ssd-windows-11-home-e1504fa-bq5709ws-thin-light-laptop/p/itmedf1f1f0e4124,2026-09-28T11:10:39.880785+00:00,valid
ASUS,ASUS Vivobook Go 15 with Office 2024 + M365 Basic*,,Vivobook,2026,AMD,Ryzen 5 Processor,Ryzen 5,,,,,,,,,,,,,,16,DDR5,,,,,,512,,,,,15.6,,,,,,,,,,,,,,,,False,False,Windows 11 Home,True,,,,[],,,,False,False,False,,71990.0,99990.0,28000.0,71990.0,85990.0,99990.0,2,flipkart,https://www.flipkart.com/asus-vivobook-go-15-2026-office-2024-m365-basic-amd-ryzen-5-40-16-gb-512-gb-ssd-windows-11-home-e1504fa-bq2116ws-thin-light-laptop/p/itm3b8f6022d7ac1,2026-09-28T11:10:39.902050+00:00,valid
ASUS,ASUS Vivobook Go 15,AMD,Vivobook,2026,AMD,Ryzen 5 Processor,Ryzen 5,,,,,,,,,,,,,,16,LPDDR5,,,,,,512,,,,,15.6,,,,,,,,,,,,,,,,False,False,Windows 11 Home,True,,,,[],,,,False,False,False,,71990.0,129990.0,58000.0,71990.0,100990.0,129990.0,2,flipkart,https://www.flipkart.com/asus-vivobook-go-15-2026-amd-ryzen-5-40-16-gb-512-gb-ssd-windows-11-home-e1504fa-in2817ws-thin-light-laptop/p/itmb677d6c0da82d,2026-09-28T11:10:39.920007+00:00,valid
ASUS,"ASUS Vivobook Go 15 OLED, Equivalent to",,Vivobook,,Intel,Core i3,Core i3,,,,,,,,,,,,,,8,DDR4,,,,,,512,,,,,15.6,,,,,OLED,,,,,,,,,,,False,False,Windows 11,True,,,,[],,,,False,False,False,1,63990.0,65990.0,2000.0,63990.0,64990.0,65990.0,2,flipkart,https://www.flipkart.com/asus-vivobook-go-15-oled-equivalent-intel-12th-gen-core-i3-n305-8-gb-512-gb-ssd-windows-11-home-e1504ga-lk321ws-thin-light-laptop/p/itm7d5ecc7fff762,2026-09-28T11:10:39.931413+00:00,valid
ASUS,ASUS Vivobook Go 15 OLED,E1504FA-LK54,Vivobook,,AMD,Ryzen 5 Quad Core 7520U,Ryzen 5,7,,,,,,,,,,,,,16,LPDDR5,,,,,,512,,,,,15.6,,,,,OLED,,,,,,,,,,,False,False,Windows 11 Home,True,,,,[],,,,False,False,False,,71803.0,88999.0,17196.0,71803.0,80401.0,88999.0,2,flipkart,https://www.flipkart.com/asus-vivobook-go-15-oled-amd-ryzen-5-quad-core-7520u-16-gb-512-gb-ssd-windows-11-home-e1504fa-lk543ws-thin-light-laptop/p/itm3de88f71e558b,2026-09-28T11:10:41.493300+00:00,valid
ASUS,"ASUS Vivobook Go 15 with Office 2024 + M365 Basic*,",,Vivobook,2025,AMD,Ryzen 5 Quad Core 7520U,Ryzen 5,7,,,,,,,,,,,,,8,LPDDR5,,,,,,512,,,,,15.6,,,,,,,,,,,,,,,,False,False,Windows 11 Home,True,,,,[],,,,False,False,False,,46990.0,48990.0,2000.0,46990.0,47990.0,48990.0,16,flipkart,https://www.flipkart.com/asus-vivobook-go-15-2025-office-2024-m365-basic-amd-ryzen-5-quad-core-7520u-8-gb-512-gb-ssd-windows-11-home-e1504fa-bq2523ws-thin-light-laptop/p/itm313aa4209e563,2026-09-28T11:10:41.523235+00:00,valid
ASUS,ASUS Vivobook Go 15,E1504FA-NJ130WS,Vivobook,2024,AMD,Ryzen 3 Quad Core 7320U,Ryzen 3,7,,,,,,,,,,,,,8,LPDDR5,,,,,,512,,,,,15.6,,,,,,,,,,,,,,,,False,False,Windows 11 Home,True,,,,[],,,,False,False,False,,53321.0,60990.0,7669.0,53321.0,57131.5,60990.0,12,flipkart,https://www.flipkart.com/asus-vivobook-go-15-amd-ryzen-3-quad-core-7320u-8-gb-512-gb-ssd-windows-11-home-e1504fa-nj130ws-e1504fa-bq2322ws-thin-light-laptop/p/itm9af4f3b5de2ff,2026-09-28T11:10:41.531938+00:00,valid
ASUS,"ASUS Vivobook Go 15 with Office 2024 + M365 Basic*, Backlit Keyboard,",,Vivobook,2025,AMD,Ryzen 3 Quad Core,Ryzen 3,,,,,,,,,,,,,,8,LPDDR5,,,,,,512,,,,,15.6,,,,,,,,,,,,,,,,False,False,Windows 11 Home,True,,,,[],Backlit Keyboard,,,False,False,False,,57990.0,60990.0,3000.0,57990.0,59490.0,60990.0,4,flipkart,https://www.flipkart.com/asus-vivobook-go-15-2025-office-2024-m365-basic-backlit-keyboard-amd-ryzen-3-quad-core-7320u-8-gb-512-gb-ssd-windows-11-home-e1504fa-bq2323ws-thin-light-laptop/p/itm980ee5f826372,2026-09-28T11:10:42.820242+00:00,valid
ASUS,ASUS Chromebook,CX1102CKA-N00023,,,Intel,Celeron Dual Core N4500,,,,,,,,,,,,,,,4,LPDDR4X,,,,,EMMC,,,,,,11.6,,,,,,,,,,,,,,,,False,False,Chrome OS,False,,,,[],,,,False,False,False,,29499.0,29999.0,500.0,29499.0,29749.0,29999.0,4,flipkart,https://www.flipkart.com/asus-chromebook-intel-celeron-dual-core-n4500-4-gb-64-gb-emmc-storage-chrome-os-cx1102cka-n00023/p/itme35703e82a30e,2026-09-28T11:10:49.524369+00:00,valid
ASUS,ASUS TUF Gaming A16 with Office 2024 + M365 Basic*,,TUF Gaming,2025,AMD,Ryzen 9,Ryzen 9,,,,,,,,,,,,,,16,DDR5,,,,,,1024,,,,,16.0,,,,,,,,,,,,,,,,False,False,Windows 11 Home,True,,,,[],,,,False,False,False,,239990.0,249990.0,10000.0,239990.0,244990.0,249990.0,4,flipkart,https://www.flipkart.com/asus-tuf-gaming-a16-2025-office-2024-m365-basic-amd-ryzen-9-16-core-8940hx-16-gb-1-tb-ssd-windows-11-home-8-gb-graphics-nvidia-geforce-rtx-5070-165-hz-fa608pp-qt014ws-laptop/p/itm6438f9a1e531a,2026-09-28T11:10:54.125712+00:00,valid
ASUS,ASUS TUF Gaming A16,AMD,TUF Gaming,2026,AMD,Ryzen 7 Processor,Ryzen 7,,,,,,,,,,,,,,8,DDR5,,,,,,512,,,,,16.0,,,,,,,,,,,,,,,,False,False,Windows 11 Home,True,,,,[],,,,False,False,False,,126990.0,155990.0,29000.0,126990.0,141490.0,155990.0,4,flipkart,https://www.flipkart.com/asus-tuf-gaming-a16-2026-amd-ryzen-7-170-8-gb-512-gb-ssd-windows-11-home-6-graphics-nvidia-geforce-rtx-4050-144-hz-fa607nuq-rl208w-laptop/p/itmc6c7105da4a0a,2026-09-28T11:10:54.134882+00:00,valid
ASUS,"ASUS ProArt P16 for Creator with Touch Screen, MSO 2024 + M365 Basic ,AI PC",for,ProArt,2025,AMD,Ryzen AI 9 HX 1,Ryzen AI 9,,,,,,,,,,,,,,64,LPDDR5X,,,,,,2048,,,,,16.0,,,,,,,,,,True,,,,,,False,False,Windows 11 Home,True,,,,[],,,,False,False,False,,520990.0,549990.0,29000.0,520990.0,535490.0,549990.0,4,flipkart,https://www.flipkart.com/asus-proart-p16-2025-creator-touch-screen-mso-2024-m365-basic-ai-pc-amd-ryzen-ai-9-hx-12-core-370hx-64-gb-2-tb-ssd-windows-11-home-24-gb-graphics-amd-radeon-nvidia-geforce-rtx-5090-120-ghz-h7606wx-se028ws-gaming-laptop/p/itm6cab5c71e1bca,2026-09-28T11:10:54.195402+00:00,valid
ASUS,ASUS ROG Strix G18,Intel,ROG,2026,Intel,Core Ultra 9 290HX,Core Ultra 9,1,,,,,,,,,,,,,32,DDR5,,,,,,1024,,,,,18.0,,,,,,,,,,,,,,,,False,False,Windows 11 Home,True,,,,[],,,,False,False,False,,389990.0,531990.0,142000.0,389990.0,460990.0,531990.0,2,flipkart,https://www.flipkart.com/asus-rog-strix-g18-2026-intel-core-ultra-9-290hx-32-gb-1-tb-ssd-windows-11-home-12-gb-graphics-nvidia-geforce-rtx-5070-ti-300-hz-g815lr-tt292ws-gaming-laptop/p/itm98d2dccea7436,2026-09-28T11:10:55.681942+00:00,valid
Acer,Acer Predator,,Predator,,Intel,Core i9 13th Gen 13900HX,Core i9,13,,,,,,,,,,,,,16,DDR5,,,,,,1024,,,,,16.0,,,,,,,,,,,,,,,,False,False,Windows 11 Home,True,,,,[],,,,False,False,False,,,,,,,,0,flipkart,https://www.flipkart.com/acer-predator-intel-core-i9-13th-gen-13900hx-16-gb-1-tb-ssd-windows-11-home-8-gb-graphics-nvidia-geforce-rtx-4070-phn16-71-9148-gaming-laptop/p/itm4295aa0d4297e,2026-09-28T11:10:55.755666+00:00,insufficient_sources
ASUS,ASUS,,,,Intel,Core i7 12th Gen,Core i7,,,,,,,,,,,,,,16,DDR4,,,,,,512,,,,,16.0,,,,,,,,,,,,,,,,False,False,Windows 11 Home,True,,,,[],,,,False,False,False,1,,,,,,,0,flipkart,https://www.flipkart.com/asus-intel-core-i7-12th-gen-16-gb-512-gb-ssd-windows-11-home-4-graphics-nvidia-geforce-rtx-nvidia-rtx-2050-k3605zf-mbn742ws-gaming-laptop/p/itm47a4ea4909b8a,2026-09-28T11:10:55.758961+00:00,insufficient_sources
ASUS,ASUS,G,,,Intel,Core i7 13th Gen,Core i7,,,,,,NVIDIA,NVIDIA GeForce RTX 4060,Discrete,,,,,,16,DDR5,,,,,,1024,,,,,16.0,,,,,,,,,,,,,,,,False,False,Windows 11 Home,True,,,,[],,,,False,False,False,1,,,,,,,0,flipkart,https://www.flipkart.com/asus-intel-core-i7-13th-gen-16-gb-1-tb-ssd-windows-11-home-8-gb-graphics-nvidia-geforce-rtx-4060-g614jv-n3474ws-gaming-laptop/p/itm02b25080a5259,2026-09-28T11:10:55.770742+00:00,insufficient_sources
Dell,DELL XPS,XPS,XPS,,Intel,Core i5 11th Gen 1135G,Core i5,,,,,,,,,,,,,,16,LPDDR4X,,,,,,512,,,,,13.4,,,,,,,,,,,,,,,,False,False,Windows 10,True,,,,[],,,,False,False,False,,99900.0,165882.0,65982.0,99900.0,132891.0,165882.0,6,flipkart,https://www.flipkart.com/dell-xps-intel-core-i5-11th-gen-1135g7-16-gb-512-gb-ssd-windows-10-9310-thin-light-laptop/p/itm9a6edeabbe366,2026-09-28T11:10:58.979274+00:00,valid
Dell,DELL,Vostro,,,Intel,Core i5 13th Gen 1334U,Core i5,,,,,,,,,,,,,,8,DDR4,,,,,,512,,,,,15.6,,,,,,,,,,,,,,,,False,False,Windows 11 Home,True,,,,[],,,,False,False,False,,70990.0,79990.0,9000.0,70990.0,75490.0,79990.0,2,flipkart,https://www.flipkart.com/dell-intel-core-i5-13th-gen-1334u-8-gb-512-gb-ssd-windows-11-home-vostro-3530-thin-light-laptop/p/itm004d57924c22f,2026-09-28T11:11:00.525781+00:00,valid
Dell,DELL,D552269WIN9S,,,Intel,Core i5 12th Gen,Core i5,,,,,,,,,,,,,,16,DDR4,,,,,,512,,,,,16.0,,,,,,,,,,,,,,,,False,False,Windows 11 Home,True,,,,[],,,,False,False,False,,101990.0,110000.0,8010.0,101990.0,105995.0,110000.0,4,flipkart,https://www.flipkart.com/dell-intel-core-i5-12th-gen-16-gb-512-gb-ssd-windows-11-home-d552269win9s-laptop/p/itmffa28690ebfb6,2026-09-28T11:11:00.562167+00:00,valid
Dell,DELL,,,,Intel,Core i5 13450HX,Core i5,13,,,,,NVIDIA,NVIDIA GeForce RTX 3050,Discrete,,,,,,16,DDR5,,,,,,512,,,,,15.6,,,,,,,,,,,,,,,,False,False,Windows 11 Home,True,,,,[],,,,False,False,False,,108690.0,125900.0,17210.0,108690.0,117295.0,125900.0,2,flipkart,https://www.flipkart.com/dell-intel-core-i5-13450hx-16-gb-512-gb-ssd-windows-11-home-6-graphics-nvidia-geforce-rtx-3050-g15-5530-gaming-laptop/p/itmba9387b52046b,2026-09-28T11:11:00.591146+00:00,valid
Unknown,Neopticon Ebook,BBEN40,,,Intel,Celeron Dual Core,,,,,,,,,,,,,,,4,DDR4,,,,,EMMC,128,,,,,11.6,,,,,,,,,,True,,,,,,False,False,Windows 11 Home,True,,,,[],,,,False,False,False,,17259.0,24999.0,7740.0,17259.0,21129.0,24999.0,4,flipkart,https://www.flipkart.com/neopticon-ebook-intel-celeron-dual-core-4-gb-128-gb-ssd-128-emmc-storage-windows-11-home-bben40412811-notebook/p/itm6c14bc3bfdbb2,2026-09-28T11:11:00.599503+00:00,valid
ASUS,ASUS Chromebook CX14,CX1405CTA-S6062,,,Intel,Celeron Dual Core N50,,,,,,,,,,,,,,,4,LPDDR5,,,,,EMMC,,,,,,14.0,,,,,,,,,,,,,,,,False,False,Chrome OS,False,,,,[],,,,False,False,False,,,,,,,,0,flipkart,https://www.flipkart.com/asus-chromebook-cx14-intel-celeron-dual-core-n50-4-gb-64-gb-emmc-storage-chrome-os-cx1405cta-s60620-laptop/p/itm5a14f3731bf15,2026-09-28T11:11:02.402012+00:00,insufficient_sources
Dell,DELL Inspiron 3520,New,Inspiron,,Intel,Core i3 12th Gen 1215U,Core i3,,,,,,,,,,,,,,8,DDR4,,,,,,512,,,,,15.6,,,,,,,,,,,,,,,,False,False,Windows 11 Home,True,,,,[],,,,False,False,False,,,,,,,,0,flipkart,https://www.flipkart.com/dell-inspiron-3520-intel-core-i3-12th-gen-1215u-8-gb-512-gb-ssd-windows-11-home-new-15-laptop-thin-light/p/itm108ece6bfe39a,2026-09-28T11:11:06.692527+00:00,insufficient_sources
Dell,"DELL Inspiron 15 with Backlit Keyboard,",,Inspiron,2021,Intel,Core i3 12th Gen 1215U,Core i3,,,,,,,,,,,,,,8,DDR4,,,,,,512,,,,,15.6,,,,,,,,,,,,,,,,False,False,Windows 11,True,,,,[],Backlit Keyboard,,,False,False,False,,,,,,,,0,flipkart,https://www.flipkart.com/dell-inspiron-15-backlit-keyboard-intel-core-i3-12th-gen-1215u-8-gb-512-gb-ssd-windows-11-home-3520-thin-light-laptop/p/itm23d84e15561c4,2026-09-28T11:11:06.699045+00:00,insufficient_sources
HP,HP 250 G9,250,,,Intel,Core i5 12th Gen 1235U,Core i5,,,,,,,,,,,,,,16,DDR4,,,,,,512,,,,,15.6,,,,,,,,,,,,,,,,False,False,Windows 11 Home,True,,,,[],,,,False,False,False,,67239.0,88999.0,21760.0,67239.0,78119.0,88999.0,2,flipkart,https://www.flipkart.com/hp-250-g9-intel-core-i5-12th-gen-1235u-16-gb-512-gb-ssd-windows-11-home-laptop/p/itma488dac338fb5,2026-09-28T11:11:10.634983+00:00,valid
HP,HP 250 G8,250,,,Intel,Core i3 11th Gen,Core i3,,,,,,,,,,,,,,8,DDR4,,,,,,512,,,,,15.6,,,,,,,,,,,,,,,,False,False,Windows 11 Home,True,,,,[],,,,False,False,False,,55735.0,59990.0,4255.0,55735.0,57862.5,59990.0,2,flipkart,https://www.flipkart.com/hp-250-g8-intel-core-i3-11th-gen-8-gb-512-gb-ssd-windows-11-home-business-laptop/p/itm6b92951a4c409,2026-09-28T11:11:10.638011+00:00,valid
HP,HP 250 G9,250,,,Intel,Core i3 12th Gen 1215U,Core i3,,,,,,,,,,,,,,8,DDR4,,,,,,512,,,,,15.6,,,,,,,,,,,,,,,,False,False,Windows 11 Home,True,,,,[],,,,False,False,False,,53631.0,59899.0,6268.0,52690.0,57929.75,65499.0,8,flipkart,https://www.flipkart.com/hp-250-g9-intel-core-i3-12th-gen-1215u-8-gb-512-gb-ssd-windows-11-home-business-laptop/p/itmaeab3e70c465d,2026-09-28T11:11:10.642907+00:00,valid
HP,HP 250 G9,7M659PA,,,Intel,Core i3 12th Gen 1215U,Core i3,,,,,,,,,,,,,,8,DDR4,,,,,,512,,,,,15.6,,,,,,,,,,,,,,,,False,False,DOS,False,,,,[],,,,False,False,False,,,,,,,,0,flipkart,https://www.flipkart.com/hp-250-g9-intel-core-i3-12th-gen-1215u-8-gb-512-gb-ssd-dos-7m659pa-laptop/p/itm8891c54c5b8ac,2026-09-28T11:11:10.659769+00:00,insufficient_sources
HP,HP 250 G9,8Y2Y9PA,,,Intel,Celeron Dual Core 12th,,,,,,,,,,,,,,,8,DDR4,,,,,,256,,,,,15.6,,,,,,,,,,,,,,,,False,False,DOS,False,,,,[],,,,False,False,False,,52991.0,55999.0,3008.0,52991.0,54495.0,55999.0,2,flipkart,https://www.flipkart.com/hp-250-g9-intel-celeron-dual-core-12th-gen-4500u-8-gb-256-gb-ssd-dos-8y2y9pa-laptop/p/itm5754d2e5027c5,2026-09-28T11:11:10.676905+00:00,valid
HP,HP 250 G9,250,,,Intel,Celeron Dual Core N4500,,,,,,,,,,,,,,,8,DDR4,,,,,,256,,,,,15.6,,,,,,,,,,,,,,,,False,False,Windows 11 Home,True,,,,[],,,,False,False,False,,50990.0,52990.0,2000.0,50990.0,51990.0,52990.0,2,flipkart,https://www.flipkart.com/hp-250-g9-intel-celeron-dual-core-n4500-8-gb-256-gb-ssd-windows-11-home-thin-light-laptop/p/itm43ff4c85b71ed,2026-09-28T11:11:10.679701+00:00,valid
HP,HP 250R G9,42V68PA,,,Intel,Core i3 13th Gen 1315U,Core i3,,,,,,,,,,,,,,8,DDR4,,,,,,512,,,,,15.6,,,,,,,,,,,,,,,,False,False,Windows 11 Home,True,,,,[],,,,False,False,False,,56729.0,65000.0,8271.0,56729.0,60864.5,65000.0,4,flipkart,https://www.flipkart.com/hp-250r-g9-intel-core-i3-13th-gen-1315u-8-gb-512-gb-ssd-windows-11-home-42v68pa-thin-light-laptop/p/itm9015dcea94ace,2026-09-28T11:11:10.686310+00:00,valid
HP,HP Professional,250,,2021,Intel,Core i5 13th Gen 1334U,Core i5,,,,,,,,,,,,,,8,DDR4,,,,,,512,,,,,15.6,,,,,,,,,,,,,,,,False,False,Windows 11 Pro,True,,,,[],,,,False,False,False,,,,,,,,0,flipkart,https://www.flipkart.com/hp-professional-intel-core-i5-13th-gen-1334u-8-gb-512-gb-ssd-windows-11-pro-250-g10-thin-light-laptop/p/itm5e964a63c6b3b,2026-09-28T11:11:10.689420+00:00,insufficient_sources
HP,HP G9 SERIES,255,,,,,,,,,,,,,,,,,,,4,DDR4,,,,,,256,,,,,15.6,,,,,,,,,,,,,,,,False,False,Windows 11 Home,True,,,,[],,,,False,False,False,,47990.0,59900.0,11910.0,47990.0,53945.0,59900.0,4,flipkart,https://www.flipkart.com/hp-g9-series-amd-athlon-dual-core-3050u-4-gb-256-gb-ssd-windows-11-home-255-thin-light-laptop/p/itm8f08c84a09fd8,2026-09-28T11:11:12.581214+00:00,valid
HP,HP Professional,250,,2021,Intel,Core i5 13th Gen 1334U,Core i5,,,,,,,,,,,,,,32,DDR4,,,,,,512,,,,,15.6,,,,,,,,,,,,,,,,False,False,Windows 11 Pro,True,,,,[],,,,False,False,False,,95990.0,99999.0,4009.0,95990.0,97994.5,99999.0,4,flipkart,https://www.flipkart.com/hp-professional-intel-core-i5-13th-gen-1334u-32-gb-512-gb-ssd-windows-11-pro-250-g10-thin-light-laptop/p/itm508f5c67d3f86,2026-09-28T11:11:14.362164+00:00,valid
HP,HP 255 G9 Silver,255,,,AMD,Ryzen 5 Hexa Core 5625U,Ryzen 5,5,,,,,,,,,,,,,8,DDR4,,,,,,512,,,,,15.6,,,,,,,,,,,,,,,,False,False,Windows 11 Home,True,,,,[],,,,False,False,False,,55238.0,55891.0,653.0,55238.0,55564.5,55891.0,2,flipkart,https://www.flipkart.com/hp-255-g9-silver-amd-ryzen-5-hexa-core-5625u-8-gb-512-gb-ssd-windows-11-home-business-laptop/p/itmf0a680c05d471,2026-09-28T11:11:14.427832+00:00,valid
HP,HP 240,240,,,Intel,Core i7 13th Gen 1335U,Core i7,,,,,,,,,,,,,,8,DDR5,,,,,,512,,,,,14.0,,,,,,,,,,,,,,,,False,False,Windows 11 Home,True,,,,[],,,,False,False,False,,95500.0,119900.0,24400.0,95500.0,107700.0,119900.0,2,flipkart,https://www.flipkart.com/hp-240-intel-core-i7-13th-gen-1335u-8-gb-512-gb-hdd-512-ssd-windows-11-home-g10-laptop/p/itm15f08e114f9fd,2026-09-28T11:11:17.558051+00:00,valid
HP,HP 240 G9,240,,,Intel,Core i5 12th Gen 1235U,Core i5,,,,,,,,,,,,,,8,DDR4,,,,,,512,,,,,14.0,,,,,,,,,,,,,,,,False,False,Windows 11 Pro,True,,,,[],,,,False,False,False,,67980.0,79990.0,12010.0,67980.0,73985.0,79990.0,4,flipkart,https://www.flipkart.com/hp-240-g9-intel-core-i5-12th-gen-1235u-8-gb-512-gb-ssd-windows-11-pro-business-laptop/p/itma488dac338fb5,2026-09-28T11:11:17.567295+00:00,valid
HP,HP 240 G8,240,,,Intel,Core i3 11th Gen 1115G,Core i3,,,,,,,,,,,,,,8,DDR4,,,,,,512,,,,,14.0,,,,,,,,,,,,,,,,False,False,Windows 11 Home,True,,,,[],,,,False,False,False,1,57938.0,58799.0,861.0,57938.0,58368.5,58799.0,2,flipkart,https://www.flipkart.com/hp-240-g8-intel-core-i3-11th-gen-1115g4-8-gb-512-gb-ssd-windows-11-home-business-laptop/p/itm4bea4ae5c4254,2026-09-28T11:11:17.569934+00:00,valid
HP,HP 240R G9,Intel,,2025,Intel,Core 5 14th Gen 120U,,,,,,,,,,,,,,,8,DDR4,,,,,,512,,,,,14.0,,,,,,,,,,,,,,,,False,False,Windows 11 Pro,True,,,,[],,,,False,False,False,,78494.0,80990.0,2496.0,78494.0,79742.0,80990.0,2,flipkart,https://www.flipkart.com/hp-240r-g9-2025-i5-14th-gen-intel-core-5-gen-120u-8-gb-512-gb-ssd-windows-11-pro-thin-light-laptop/p/itm4567d8b8581c2,2026-09-28T11:11:17.573676+00:00,valid
HP,HP 240R G9,Intel,,2025,Intel,Core i5 13th Gen 1334U,Core i5,,,,,,,,,,,,,,32,DDR4,,,,,,512,,,,,14.0,,,,,,,,,,,,,,,,False,False,Windows 11 Home,True,,,,[],,,,False,False,False,,95990.0,98990.0,3000.0,95990.0,97490.0,98990.0,2,flipkart,https://www.flipkart.com/hp-240r-g9-2025-intel-core-i5-13th-gen-1334u-32-gb-512-gb-ssd-windows-11-home-thin-light-laptop/p/itm2c59dabaf0036,2026-09-28T11:11:20.852595+00:00,valid
HP,HP 14s,14s,,,Intel,Core i5 11th Gen 1135G,Core i5,,,,,,,,,,,,,,8,DDR4,,,,,,512,,,,,14.0,,,,,,,,,,,,,,,,False,False,Windows 10,True,,,,[],,,,False,False,False,,72990.0,76990.0,4000.0,72990.0,74990.0,76990.0,2,flipkart,https://www.flipkart.com/hp-14s-intel-core-i5-11th-gen-1135g7-8-gb-512-gb-ssd-windows-10-home-14s-dr2016tu-thin-light-laptop/p/itm48af1e2ae9f3a,2026-09-28T11:11:24.368536+00:00,valid
HP,HP 15,FD0624TU,,2024,Intel,Core i3 13th Gen 1315U,Core i3,,,,,,,,,,,,,,8,DDR4,,,,,,512,,,,,15.6,,,,,,,,,,,,,,,,False,False,Windows 11 Home,True,,,,[],,,,False,False,False,,55576.0,85501.0,29925.0,55576.0,70538.5,85501.0,2,flipkart,https://www.flipkart.com/hp-15-intel-core-i3-13th-gen-1315u-8-gb-512-gb-ssd-windows-11-home-fd0624tu-laptop/p/itmc57888d0cd231,2026-09-28T11:11:26.045676+00:00,valid
HP,HP 15s,15s-fq5190tu,,,Intel,Core i7 12th Gen 1255U,Core i7,,,,,,,,,,,,,,16,DDR4,,,,,,512,,,,,15.6,,,,,,,,,,,,,,,,False,False,Windows 11 Home,True,,,,[],,,,False,False,False,,74690.0,79990.0,5300.0,74690.0,77340.0,79990.0,4,flipkart,https://www.flipkart.com/hp-15s-intel-core-i7-12th-gen-1255u-16-gb-512-gb-ssd-windows-11-home-15s-fq5190tu-thin-light-laptop/p/itma831720ef30c2,2026-09-28T11:11:27.481542+00:00,valid
HP,HP 15s,15s-fq2674TU,,,Intel,Core i3 11th Gen 1115G,Core i3,,,,,,,,,,,,,,8,DDR4,,,,,,512,,,,,15.6,,,,,,,,,,,,,,,,False,False,Windows 11 Home,True,,,,[],,,,False,False,False,,59440.0,65000.0,5560.0,55990.0,60811.5,65000.0,6,flipkart,https://www.flipkart.com/hp-15s-intel-core-i3-11th-gen-1115g4-8-gb-512-gb-ssd-windows-11-home-15s-fq2674tu-thin-light-laptop/p/itm94b8bbcdcfe17,2026-09-28T11:11:27.508282+00:00,valid
HP,HP MS Office 2024,fd0465TU,,2024,Intel,Core i3 13th Gen 1315U,Core i3,,,,,,,,,,,,,,8,DDR4,,,,,,512,,,,,15.6,,,,,,,,,,,,,,,,False,False,Windows 11 Home,True,,,,[],,,,False,False,False,,54990.0,63990.0,9000.0,54990.0,59490.0,63990.0,2,flipkart,https://www.flipkart.com/hp-ms-office-2024-intel-core-i3-13th-gen-1315u-8-gb-512-gb-ssd-windows-11-home-fd0465tu-thin-light-laptop/p/itm4fc6159aa1303,2026-09-28T11:11:27.522141+00:00,valid
HP,HP 15s,15-fd0024TU,,,Intel,Core i7 13th Gen 1360P,Core i7,,,,,,,,,,,,,,16,DDR4,,,,,,512,,,,,15.6,,,,,,,,,,,,,,,,False,False,Windows 11 Home,True,,,,[],,,,False,False,False,,89572.0,98990.0,9418.0,89572.0,94281.0,98990.0,4,flipkart,https://www.flipkart.com/hp-15s-intel-core-i7-13th-gen-1360p-16-gb-512-gb-ssd-windows-11-home-15-fd0024tu-thin-light-laptop/p/itm707add2b3f479,2026-09-28T11:11:27.535847+00:00,valid
Lenovo,Lenovo V15,V15,,,AMD,Ryzen 3 Quad Core 7320U,Ryzen 3,7,,,,,,,,,,,,,8,LPDDR5,,,,,,512,,,,,15.6,,,,,,,,,,,,,,,,False,False,DOS,False,,,,[],,,,False,False,False,,51990.0,54893.0,2903.0,51990.0,53441.5,54893.0,8,flipkart,https://www.flipkart.com/lenovo-v15-amd-ryzen-3-quad-core-7320u-8-gb-512-gb-ssd-dos-g4-thin-light-laptop/p/itm6ce9479a45966,2026-09-28T11:11:30.954664+00:00,valid
Lenovo,Lenovo V15,V15,,,Intel,Core i3 13th Gen 1315U,Core i3,,,,,,,,,,,,,,8,DDR4,,,,,,512,,,,,15.6,,,,,,,,,,,,,,,,False,False,Windows 11 Home,True,,,,[],,,,False,False,False,,54779.0,58990.0,4211.0,54779.0,56884.5,58990.0,2,flipkart,https://www.flipkart.com/lenovo-v15-intel-core-i3-13th-gen-1315u-8-gb-512-gb-ssd-windows-11-home-g5-irl-thin-light-laptop/p/itmfcf0f0d5c7aad,2026-09-28T11:11:30.967087+00:00,valid
Lenovo,Lenovo V15,V15,,,AMD,Ryzen 5 Quad Core 5500U,Ryzen 5,5,,,,,,,,,,,,,8,DDR4,,,,,,512,,,,,15.6,,,,,,,,,,,,,,,,False,False,Windows 11 Home,True,,,,[],,,,False,False,False,,61975.0,69525.0,7550.0,61975.0,65750.0,69525.0,2,flipkart,https://www.flipkart.com/lenovo-v15-amd-ryzen-5-quad-core-5500u-8-gb-512-gb-ssd-windows-11-home-g2-alc-thin-light-laptop/p/itmfe3dee6b6686a,2026-09-28T11:11:30.970768+00:00,valid
Lenovo,Lenovo V15 Octa,Intel,,2026,Intel,Core i5 13th Gen,Core i5,,,,,,,,,,,,,,8,DDR4,,,,,,512,,,,,15.6,,,,,,,,,,,,,,,,False,False,Windows 11 Pro,True,,,,[],,,,False,False,False,,66990.0,75000.0,8010.0,66990.0,70995.0,75000.0,2,flipkart,https://www.flipkart.com/lenovo-v15-octa-core-2026-intel-i5-13th-gen-8-gb-512-gb-ssd-windows-11-pro-thin-light-laptop/p/itm5c049850d3255,2026-09-28T11:11:30.991630+00:00,valid
Lenovo,Lenovo Chromebook,14IAN8,,,,,,,,,,,,,,,,,,,4,LPDDR5,,,,,EMMC,,,,,,14.0,,,,,,,,,,,,,,,,False,False,Chrome OS,False,,,,[],,,,False,False,False,,,,,,,,0,flipkart,https://www.flipkart.com/lenovo-chromebook-intel-pentium-quad-core-n100-4-gb-128-gb-emmc-storage-chrome-os-14ian8/p/itm7c0c58320220d,2026-09-28T11:11:31.003402+00:00,insufficient_sources
Lenovo,Lenovo IdeaPad 3,81X800LAIN,IdeaPad,,Intel,Core i3 11th Gen,Core i3,,,,,,,,,,,,,,8,DDR4,,,,,,512,,,,,15.6,,,,,,,,,,,,,,,,False,False,Windows 11 Home,True,,,,[],,,,False,False,False,,37890.0,57890.0,20000.0,37890.0,47890.0,57890.0,6,flipkart,https://www.flipkart.com/lenovo-ideapad-3-intel-core-i3-11th-gen-8-gb-512-gb-ssd-windows-11-home-81x800lain-thin-light-laptop/p/itm118bd5b99bc51,2026-09-28T11:11:31.039160+00:00,valid
Lenovo,Lenovo IdeaPad 3,15IGL05,IdeaPad,,Intel,Celeron Dual Core N4020,,,,,,,,,,,,,,,4,DDR4,,,,,,256,,,,,15.6,,,,,,,,,,,,,,,,False,False,Windows 10,True,,,,[],,,,False,False,False,1,27990.0,40490.0,12500.0,27990.0,34240.0,40490.0,2,flipkart,https://www.flipkart.com/lenovo-ideapad-3-intel-celeron-dual-core-n4020-4-gb-256-gb-ssd-windows-10-home-15igl05-thin-light-laptop/p/itm6976e7038f4ba,2026-09-28T11:11:31.089859+00:00,valid
Lenovo,Lenovo,14IAU7,,,Intel,Core i3 12th Gen,Core i3,,,,,,,,,,,,,,8,DDR4,,,,,,512,,,,,14.0,,,,,,,,,,,,,,,,False,False,Windows 11 Home,True,,,,[],,,,False,False,False,,57990.0,65999.0,8009.0,57990.0,61994.5,65999.0,2,flipkart,https://www.flipkart.com/lenovo-intel-core-i3-12th-gen-8-gb-512-gb-ssd-windows-11-home-14iau7-thin-light-laptop/p/itmc5d123aa2b69a,2026-09-28T11:11:34.009818+00:00,valid
Lenovo,Lenovo,V15,,,Intel,Core i3 12th Gen,Core i3,,,,,,,,,,,,,,8,DDR4,,,,,,512,,,,,15.6,,,,,,,,,,,,,,,,False,False,Windows 11 Home,True,,,,[],,,,False,False,False,,58990.0,59999.0,1009.0,58990.0,59494.5,59999.0,2,flipkart,https://www.flipkart.com/lenovo-intel-core-i3-12th-gen-8-gb-512-gb-ssd-windows-11-home-v15-g3-iap-thin-light-laptop/p/itm83341b9666ae7,2026-09-28T11:11:34.012720+00:00,valid
Lenovo,Lenovo V 14,Intel,,2025,Intel,Core i3 13th Gen 1315U,Core i3,,,,,,,,,,,,,,8,DDR4,,,,,,512,,,,,14.0,,,,,,,,,,,,,,,,False,False,Windows 11 Pro,True,,,,[],,,,False,False,False,1,55799.0,65990.0,10191.0,55799.0,61597.0,65990.0,20,flipkart,https://www.flipkart.com/lenovo-v-14-2025-intel-core-i3-13th-gen-1315u-8-gb-512-gb-ssd-windows-11-pro-thin-light-laptop/p/itm980e0c3cf1d24,2026-09-28T11:11:34.017977+00:00,valid
Lenovo,Lenovo V14 Gen 5 DDR5 5600Mhz,DDR5,,2026,Intel,Core 7 14th Gen,,,,,,,,,,,,,,,8,DDR5,5600,5600,,,,512,,,,,14.0,,,,,,,,,,,,,,,,False,False,Windows 11 Pro,True,,,,[],,,,False,False,False,,89451.0,100990.0,11539.0,89451.0,95220.5,100990.0,6,flipkart,https://www.flipkart.com/lenovo-v14-gen-5-2026-ddr5-5600mhz-i7-14th-gen-intel-core-7-8-gb-512-gb-ssd-windows-11-pro-thin-light-laptop/p/itm86e2a5d7dfb6e,2026-09-28T11:11:34.034616+00:00,valid
Lenovo,Lenovo V14,V14,,,AMD,Ryzen 3,Ryzen 3,,,,,,,,,,,,,,8,DDR4,,,,,,512,,,,,14.0,,,,,,,,,,,,,,,,False,False,DOS,False,,,,[],,,,False,False,False,,51495.0,60914.0,9419.0,51495.0,56204.5,60914.0,2,flipkart,https://www.flipkart.com/lenovo-v14-amd-ryzen-3-dual-core-11th-gen-8-gb-512-gb-ssd-dos-gen-4-business-laptop/p/itm8d20bbd6f3388,2026-09-28T11:11:36.851573+00:00,valid
Lenovo,Lenovo V14 DDR5 5600Mhz,DDR5,,2026,Intel,Core 7 14th Gen 240H,,,,,,,,,,,,,,,16,DDR5,5600,5600,,,,512,,,,,14.0,,,,,,,,,,,,,,,,False,False,Windows 11 Pro,True,,,,[],,,,False,False,False,1,94990.0,99900.0,4910.0,94990.0,97445.0,99900.0,4,flipkart,https://www.flipkart.com/lenovo-v14-2026-ddr5-5600mhz-i7-14th-gen-intel-core-7-gen-240h-16-gb-512-gb-ssd-windows-11-pro-thin-light-laptop/p/itmcc29a2dece5c1,2026-09-28T11:11:36.868028+00:00,valid
Lenovo,Lenovo IdeaPad 1,15ADA7,IdeaPad,,AMD,Ryzen 3,Ryzen 3,,,,,,,,,,,,,,8,DDR4,,,,,,512,,,,,15.6,,,,,,,,,,,,,,,,False,False,Windows 11 Home,True,,,,[],,,,False,False,False,,33490.0,54490.0,21000.0,33490.0,43990.0,54490.0,6,flipkart,https://www.flipkart.com/lenovo-ideapad-1-amd-ryzen-3-dual-core-3250u-8-gb-512-gb-ssd-windows-11-home-15ada7-thin-light-laptop/p/itm3ee2f5da49d46,2026-09-28T11:11:38.497449+00:00,valid
Lenovo,Lenovo 100e Chromebook Gen 4,100e,,,MediaTek,Kompanio 528,Kompanio,,,,,,,,,,,,,,4,LPDDR4X,,,,,EMMC,,,,,,11.6,,,,,,,,,,,,,,,,False,False,Chrome OS,False,,,,[],,,,False,False,False,,33400.0,42190.0,8790.0,33400.0,37795.0,42190.0,4,flipkart,https://www.flipkart.com/lenovo-100e-chromebook-gen-4-mediatek-kompanio-528-4-gb-64-gb-emmc-storage-chrome-os/p/itm2ea2371d3bde4,2026-09-28T11:11:38.520757+00:00,valid
Lenovo,Lenovo,21UYA04XIG,,,Intel,Core 7 240H,,,,,,,,,,,,,,,16,DDR5,,,,,,512,,,,,14.0,,,,,,,,,,,,,,,,False,False,Windows 11 Home,True,,,,[],,,,False,False,False,,102990.0,248700.0,145710.0,102990.0,175845.0,248700.0,4,flipkart,https://www.flipkart.com/lenovo-intel-core-7-240h-16-gb-512-gb-ssd-windows-11-home-21uya04xig-laptop/p/itmd775d5d536da2,2026-09-28T11:11:44.049927+00:00,valid
Lenovo,Lenovo,83HDA05HIG,,,Intel,Core i3 13th Gen 1315U,Core i3,,,,,,,,,,,,,,8,DDR5,,,,,,512,,,,,14.0,,,,,,,,,,,,,,,,False,False,Windows 11 Home,True,,,,[],,,,False,False,False,,56997.0,119200.0,62203.0,56997.0,88098.5,119200.0,6,flipkart,https://www.flipkart.com/lenovo-intel-core-i3-13th-gen-1315u-8-gb-512-gb-ssd-windows-11-home-83hda05hig-laptop/p/itm463d8236416fe,2026-09-28T11:11:44.076927+00:00,valid
Lenovo,Lenovo V 14,Intel,,2025,Intel,Core i5 13th Gen 1335U,Core i5,,,,,,,,,,,,,,16,DDR4,,,,,,512,,,,,14.0,,,,,,,,,,,,,,,,False,False,Windows 11 Pro,True,,,,[],,,,False,False,False,1,,,,,,,0,flipkart,https://www.flipkart.com/lenovo-v-14-2025-intel-core-i5-13th-gen-1335u-16-gb-512-gb-ssd-windows-11-pro-thin-light-laptop/p/itm021e538ff13d3,2026-09-28T11:11:45.969793+00:00,insufficient_sources
Lenovo,Lenovo V14,V14,,,Intel,Core i5 11th Gen 1135G,Core i5,,,,,,,,,,,,,,8,DDR4,,,,,,256,,,,,14.0,,,,,,,,,,,,,,,,False,False,Windows 10,True,,,,[],,,,False,False,False,,64790.0,66000.0,1210.0,64790.0,65395.0,66000.0,2,flipkart,https://www.flipkart.com/lenovo-v14-intel-core-i5-11th-gen-1135g7-8-gb-256-gb-ssd-windows-10-thin-light-laptop/p/itm330ccb4eab074,2026-09-28T11:11:45.981836+00:00,valid
Lenovo,Lenovo ThinkBook 16 G6,ThinkBook,,,Intel,Core i3 13th Gen 1315U,Core i3,,,,,,,,,,,,,,8,DDR5,,,,,,512,,,,,16.0,,,,,,,,,,,,,,,,False,False,Windows 11 Home,True,,,,[],,,,False,False,False,,69938.0,88990.0,19052.0,69938.0,79464.0,88990.0,4,flipkart,https://www.flipkart.com/lenovo-thinkbook-16-g6-intel-core-i3-13th-gen-1315u-8-gb-512-gb-ssd-windows-11-home-irl-5-thin-light-laptop/p/itmd7e1aca8d63e9,2026-09-28T11:11:45.988617+00:00,valid
Lenovo,Lenovo ThinkBook 15,TB15,,,Intel,Core i7 12th Gen 1255U,Core i7,,,,,,,,,,,,,,16,DDR4,,,,,,512,,,,,15.6,,,,,,,,,,,,,,,,False,False,Windows 11 Home,True,,,,[],,,,False,False,False,,87995.0,132300.0,44305.0,87995.0,110147.5,132300.0,6,flipkart,https://www.flipkart.com/lenovo-thinkbook-15-intel-core-i7-12th-gen-1255u-16-gb-512-gb-ssd-windows-11-home-tb15-g4-iap-thin-light-laptop/p/itm65936d217ef8a,2026-09-28T11:11:45.993472+00:00,valid
Lenovo,Lenovo ThinkBook 15,TB15,,,AMD,Ryzen 5 Hexa Core 5500U,Ryzen 5,5,,,,,,,,,,,,,8,DDR4,,,,,,512,,,,,15.6,,,,,,,,,,,,,,,,False,False,Windows 11 Home,True,,,,[],,,,False,False,False,,,,,,,,0,flipkart,https://www.flipkart.com/lenovo-thinkbook-15-amd-ryzen-5-hexa-core-5500u-8-gb-512-gb-ssd-windows-11-home-tb15-g3-acl-thin-light-laptop/p/itm28f2aa654244a,2026-09-28T11:11:46.005430+00:00,insufficient_sources
Lenovo,Lenovo V 14,Intel,,2025,Intel,Core i3 12th Gen 1215U,Core i3,,,,,,,,,,,,,,8,DDR4,,,,,,512,,,,,14.0,,,,,,,,,,,,,,,,False,False,Windows 11 Pro,True,,,,[],,,,False,False,False,1,57590.0,72990.0,15400.0,57590.0,65290.0,72990.0,4,flipkart,https://www.flipkart.com/lenovo-v-14-2025-intel-core-i3-12th-gen-1215u-8-gb-512-gb-ssd-windows-11-pro-thin-light-laptop/p/itm55fcf03391f9f,2026-09-28T11:11:47.569250+00:00,valid
Lenovo,Lenovo,14ITL6,,,Intel,Core i3 11th Gen,Core i3,,,,,,,,,,,,,,8,DDR4,,,,,,512,,,,,14.0,,,,,,,,,,,,,,,,False,False,Windows 11 Home,True,,,,[],,,,False,False,False,,57990.0,65999.0,8009.0,57990.0,61994.5,65999.0,2,flipkart,https://www.flipkart.com/lenovo-intel-core-i3-11th-gen-8-gb-512-gb-ssd-windows-11-home-14itl6-thin-light-laptop/p/itm7862f98cfe7cf,2026-09-28T11:11:47.574793+00:00,valid
Lenovo,Lenovo,14IAU7,,,Intel,Core i3 12th Gen,Core i3,,,,,,,,,,,,,,16,DDR4,,,,,,512,,,,,14.0,,,,,,,,,,,,,,,,False,False,Windows 11 Home,True,,,,[],,,,False,False,False,,64990.0,65999.0,1009.0,64990.0,65494.5,65999.0,2,flipkart,https://www.flipkart.com/lenovo-intel-core-i3-12th-gen-16-gb-512-gb-ssd-windows-11-home-14iau7-thin-light-laptop/p/itmb4f5bdfc2216c,2026-09-28T11:11:47.584447+00:00,valid
Lenovo,Lenovo V 14,Intel,,2025,Intel,Core i5 13th Gen 1335U,Core i5,,,,,,,,,,,,,,8,DDR4,,,,,,512,,,,,14.0,,,,,,,,,,,,,,,,False,False,Windows 11 Home,True,,,,[],,,,False,False,False,1,68990.0,99990.0,31000.0,68990.0,84490.0,99990.0,2,flipkart,https://www.flipkart.com/lenovo-v-14-2025-intel-core-i5-13th-gen-1335u-8-gb-512-gb-ssd-windows-11-home-thin-light-laptop/p/itm0ecf84064fd55,2026-09-28T11:11:47.588409+00:00,valid
Lenovo,Lenovo IdeaPad Flex 5,14ALC05,IdeaPad,2021,AMD,Ryzen 5 Hexa Core 5500U,Ryzen 5,5,,,,,,,,,,,,,8,DDR4,,,,,,512,,,,,14.0,,,,,,,,,,True,,,,,,False,False,Windows 11 Home,True,,,,[],,,,False,False,False,,,,,,,,0,flipkart,https://www.flipkart.com/lenovo-ideapad-flex-5-amd-ryzen-hexa-core-5500u-8-gb-512-gb-ssd-windows-11-home-14alc05-2-1-laptop/p/itmfd6b9f1798b03,2026-09-28T11:11:47.642470+00:00,insufficient_sources
ASUS,ASUS TUF Gaming A15,,TUF Gaming,,AMD,Ryzen 7 Octa Core 7435HS,Ryzen 7,7,,,,,,,,,,,,,8,DDR5,,,,,,512,,,,,15.6,,,,,,,,,,,,,,,,False,False,Windows 11 Home,True,,,,[],,,,False,False,False,,85390.0,89990.0,4600.0,85390.0,87690.0,89990.0,6,flipkart,https://www.flipkart.com/asus-tuf-gaming-a15-amd-ryzen-7-octa-core-7435hs-8-gb-512-gb-ssd-windows-11-home-4-graphics-nvidia-geforce-rtx-2050-fa566nfr-hn260w-laptop/p/itm2a919c4c5047a,2026-09-28T11:11:50.387229+00:00,valid
Dell,ALIENWARE,,Alienware,,Intel,Core i7 10th Gen 10750H,Core i7,10,,,,,,,,,,,,,16,DDR4,,,,,,512,,,,,15.6,,,,,IPS,300,,,300.0,,Anti-glare,,,,,False,False,Windows 10,True,,,,[],,,,False,False,False,,,,,,,,0,flipkart,https://www.flipkart.com/alienware-intel-core-i7-10th-gen-10750h-16-gb-512-gb-ssd-windows-10-home-6-graphics-nvidia-geforce-gtx-1660-ti-m15r3-gaming-laptop/p/itm026c3f18c350d,2026-09-28T11:11:52.030173+00:00,insufficient_sources
MSI,MSI Raider 18 HX AI,,,,Intel,Core Ultra 9 285HX,Core Ultra 9,1,,,,,,,,,,,,,64,DDR5,,,,,,4096,,,,,18.0,,,,,,,,,,,,,,,,False,False,Windows 11 Home,True,,,,[],,,,False,False,False,,499990.0,559990.0,60000.0,499990.0,529990.0,559990.0,4,flipkart,https://www.flipkart.com/msi-raider-18-hx-ai-intel-core-ultra-9-285hx-64-gb-4-tb-ssd-windows-11-home-24-gb-graphics-nvidia-geforce-rtx-5090-120-hz-a2xwjg-253in-gaming-laptop/p/itm761418fc98815,2026-09-28T11:11:52.033927+00:00,valid
MSI,MSI Vector GP68HX,,,,Intel,Core i9 13th Gen 13980HX,Core i9,13,,,,,,,,,,,,,32,DDR5,,,,,,1024,,,,,16.0,,,,,,,,,,,,,,,,False,False,Windows 11 Home,True,,,,[],,,,False,False,False,,,,,,,,0,flipkart,https://www.flipkart.com/msi-vector-gp68hx-intel-core-i9-13th-gen-13980hx-32-gb-1-tb-ssd-windows-11-home-12-gb-graphics-nvidia-geforce-rtx-4080-240-hz-13vh-072in-gaming-laptop/p/itm6660ae2457ce2,2026-09-28T11:11:59.670569+00:00,insufficient_sources
MSI,MSI Vector 16 HX,,,,Intel,Core i7 14th Gen 14700HX,Core i7,14,,,,,,,,,,,,,32,DDR5,,,,,,1024,,,,,16.0,,,,,,,,,,,,,,,,False,False,Windows 11 Home,True,,,,[],,,,False,False,False,,,,,,,,0,flipkart,https://www.flipkart.com/msi-vector-16-hx-intel-core-i7-14th-gen-14700hx-32-gb-1-tb-ssd-windows-11-home-8-gb-graphics-nvidia-geforce-rtx-4070-240-hz-a14vgg-279in-gaming-laptop/p/itma412b43183479,2026-09-28T11:11:59.679191+00:00,insufficient_sources
ASUS,ASUS ExpertBook P3 with 1 Yr ADP Metal,,ExpertBook,2024,Intel,Core i7 13th Gen 13620H,Core i7,13,,,,,,,,,,,,,32,DDR5,,,,,,1024,,,,,14.0,,,,,,,,,,,,,,,,False,False,Windows 11 Home,True,,,,[],,,,False,False,False,,92990.0,119990.0,27000.0,92990.0,106490.0,119990.0,4,flipkart,https://www.flipkart.com/asus-expertbook-p3-1-yr-adp-metal-intel-core-i7-13th-gen-13620h-32-gb-1-tb-ssd-windows-11-home-p3405cva-ly0308ws-thin-light-laptop/p/itm97eeb89e48af8,2026-09-28T11:12:04.484015+00:00,valid
ASUS,ASUS ExpertBook P1 with 1 Yr ADP,P1,ExpertBook,2024,Intel,Core i5 13th Gen 13420H,Core i5,13,,,,,,,,,,,,,32,DDR5,,,,,,512,,,,,15.6,,,,,,,,,,,,,,,,False,False,Windows 11 Home,True,,,,[],,,,False,False,False,,71990.0,114990.0,43000.0,71990.0,93490.0,114990.0,4,flipkart,https://www.flipkart.com/asus-expertbook-p1-1-yr-adp-intel-core-i5-13th-gen-13420h-32-gb-512-gb-ssd-windows-11-home-p1503cva-s71075ws-thin-light-laptop/p/itm097644e9eaec3,2026-09-28T11:12:06.441267+00:00,valid
ASUS,ASUS Expertbook P1 High,,ExpertBook,2024,Intel,Core i7 13th Gen 13620H,Core i7,13,,,,,,,,,,,,,32,DDR5,,,,,,512,,,,,15.6,,,,,,,,,,,,,,,,False,False,Windows 11 Home,True,,,,[],,,,False,False,False,,99890.0,145890.0,46000.0,99890.0,122890.0,145890.0,4,flipkart,https://www.flipkart.com/asus-expertbook-p1-high-performance-processor-intel-core-i7-13th-gen-13620h-32-gb-512-gb-ssd-windows-11-home-p1503cva-s71076ws-thin-light-laptop/p/itmc4c88e702be9c,2026-09-28T11:12:06.497300+00:00,valid
ASUS,ASUS Expertbook >,B1403CVA-S60002,ExpertBook,,Intel,Core i3 13th Gen 1315U,Core i3,,,,,,,,,,,,,,8,DDR5,,,,,,512,,,,,14.0,,,,,,,,,,,,,,,,False,False,DOS,False,,,,[],,,,False,False,False,,59990.0,64990.0,5000.0,59990.0,62490.0,64990.0,2,flipkart,https://www.flipkart.com/asus-expertbook-intel-core-i3-13th-gen-1315u-8-gb-512-gb-ssd-dos-b1403cva-s60002-thin-light-laptop/p/itmaddb1414200a5,2026-09-28T11:12:08.029832+00:00,valid
Unknown,Prittec,N156P16512,,,Intel,Core i5 12th Gen,Core i5,,,,,,,,,,,,,,16,DDR4,,,,,,512,,,,,15.6,,,,,,,,,,,,,,,,False,False,Windows 11 Home,True,,,,[],,,,False,False,False,,56250.0,64990.0,8740.0,56250.0,60620.0,64990.0,2,flipkart,https://www.flipkart.com/prittec-intel-core-i5-12th-gen-16-gb-512-gb-ssd-windows-11-home-128-mb-graphics-n156p16512-laptop/p/itmc7ed42a6b1f45,2026-09-28T11:12:18.298621+00:00,valid
ASUS,"ASUS Vivobook 15, with Backlit Keyboard,",,Vivobook,,Intel,Core i5 12th Gen 1235U,Core i5,,,,,,,,,,,,,,16,DDR4,,,,,,512,,,,,15.6,,,,,,,,,,,,,,,,False,False,Windows 11,True,,,,[],Backlit Keyboard,,,False,False,False,,50990.0,66990.0,16000.0,50990.0,58990.0,66990.0,4,flipkart,https://www.flipkart.com/asus-vivobook-15-backlit-keyboard-intel-core-i5-12th-gen-1235u-16-gb-512-gb-ssd-windows-11-home-x1504za-nj540ws-x1504za-nj542ws-thin-light-laptop/p/itm200184e4e0443,2026-09-28T11:12:20.317430+00:00,valid
HP,HP Pavilion,14-dv2014TU,Pavilion,2021,Intel,Core i5 12th Gen 1235U,Core i5,,,,,,,,,,,,,,16,DDR4,,,,,,512,,,,,14.0,,,,,,,,,,,,,,,,False,False,Windows 11 Home,True,,,,[],,,,False,False,False,,75150.0,89500.0,14350.0,72890.0,79307.0,89500.0,4,flipkart,https://www.flipkart.com/hp-pavilion-intel-core-i5-12th-gen-1235u-16-gb-512-gb-ssd-windows-11-home-14-dv2014tu-thin-light-laptop/p/itmb4b81cd1f873f,2026-09-28T11:12:20.391983+00:00,valid
Acer,Acer ALG,,,,Intel,Core i5 12th Gen 12450H,Core i5,12,,,,,,,,,,,,,16,DDR4,,,,,,512,,,,,15.6,,,,,,,,,,,,,,,,False,False,Windows 11 Home,True,,,,[],,,,False,False,False,,93248.0,95900.0,2652.0,93248.0,94574.0,95900.0,2,flipkart,https://www.flipkart.com/acer-alg-intel-core-i5-12th-gen-12450h-16-gb-512-gb-ssd-windows-11-home-4-graphics-nvidia-geforce-rtx-2050-al15g-52-gaming-laptop/p/itm49baa92c8edd3,2026-09-28T11:12:20.445123+00:00,valid
Infinix,Infinix GT Book,,,,Intel,Core i5 12th Gen 12450H,Core i5,12,,,,,,,,,,,,,16,LPDDR5,,,,,,512,,,,,16.0,,,,,,,,,,,,,,,,False,False,Windows 11 Home,True,,,,[],,,,False,False,False,,,,,,,,0,flipkart,https://www.flipkart.com/infinix-gt-book-intel-core-i5-12th-gen-12450h-16-gb-512-gb-ssd-windows-11-home-6-graphics-nvidia-geforce-rtx-3050-120-hz-80-w-gl613-gaming-laptop/p/itmc9e44d5a9f6c4,2026-09-28T11:12:22.295019+00:00,insufficient_sources
ASUS,ASUS VIvobook 15,X1504ZA-NJ549WS,Vivobook,2024,Intel,Core i5 12th Gen 1235U,Core i5,,,,,,,,,,,,,,16,DDR4,,,,,,512,,,,,15.6,,,,,,,,,,,,,,,,False,False,Windows 11 Home,True,,,,[],,,,False,False,False,1,75116.0,79690.0,4574.0,75116.0,77403.0,79690.0,4,flipkart,https://www.flipkart.com/asus-vivobook-15-intel-core-i5-12th-gen-1235u-16-gb-512-gb-ssd-windows-11-home-x1504za-nj549ws-thin-light-laptop/p/itma5d3e52e600b7,2026-09-28T11:12:22.350826+00:00,valid
ASUS,ASUS,X1504ZA-NJ541WS,,,Intel,Core i5 12th Gen,Core i5,,,,,,,,,,,,,,16,DDR4,,,,,,512,,,,,15.6,,,,,,,,,,,,,,,,False,False,Windows 11 Home,True,,,,[],,,,False,False,False,,68498.0,74990.0,6492.0,68498.0,71744.0,74990.0,2,flipkart,https://www.flipkart.com/asus-intel-core-i5-12th-gen-16-gb-512-gb-ssd-windows-11-home-x1504za-nj541ws-laptop/p/itm6d22b13604ef6,2026-09-28T11:12:22.367759+00:00,valid
Dell,DELL Inspiron 15 Microsoft Office Home 2024,,Inspiron,2024,Intel,Core i7 13th Gen 1355U,Core i7,,,,,,,,,,,,,,16,DDR4,,,,,,512,,,,,15.6,,,,,,,,,,,,,,,,False,False,Windows 11,True,,,,[],,,,False,False,False,,91070.0,98990.0,7920.0,91070.0,95030.0,98990.0,2,flipkart,https://www.flipkart.com/dell-inspiron-15-microsoft-office-home-2024-intel-core-i7-13th-gen-1355u-16-gb-512-gb-ssd-windows-11-home-3530-dc-15250-thin-light-laptop/p/itm8c87e16d883a6,2026-09-28T11:12:26.123710+00:00,valid
Unknown,WarnerCann Hi5 pro,Hi5,,,Intel,Core i5 12th Gen,Core i5,,,,,,,,,,,,,,8,DDR4,,,,,,256,,,,,14.0,,,,,,,,,,,,,,,,False,False,Windows 11 Pro,True,,,,[],,,,False,False,False,,35441.0,56000.0,20559.0,35441.0,45720.5,56000.0,4,flipkart,https://www.flipkart.com/warnercann-hi5-pro-intel-core-i5-12th-gen-8-gb-256-gb-ssd-windows-11-pro-business-laptop/p/itm03fe2b09295a7,2026-09-28T11:12:29.623009+00:00,valid
ASUS,ASUS Vivobook GO 15,E1504FA-NJ549WS,Vivobook,,AMD,Ryzen 5 Quad Core 7520U,Ryzen 5,7,,,,,,,,,,,,,16,LPDDR5,,,,,,512,,,,,15.6,,,,,,,,,,,,,,,,False,False,Windows 11 Home,True,,,,[],,,,False,False,False,,68969.0,79499.0,10530.0,68969.0,74234.0,79499.0,2,flipkart,https://www.flipkart.com/asus-vivobook-go-15-amd-ryzen-5-quad-core-7520u-16-gb-512-gb-ssd-windows-11-home-e1504fa-nj549ws-e1504fa-bq2490ws-thin-light-laptop/p/itm7f766d96bd6a5,2026-09-28T11:12:32.610959+00:00,valid
ASUS,ASUS Vivobook Go 15,E1504FA-NJ541WS,Vivobook,,AMD,Ryzen 5 Quad Core 7520U,Ryzen 5,7,,,,,,,,,,,,,16,LPDDR5,,,,,,512,,,,,15.6,,,,,,,,,,,,,,,,False,False,Windows 11 Home,True,,,,[],,,,False,False,False,,69976.0,70990.0,1014.0,69976.0,70483.0,70990.0,2,flipkart,https://www.flipkart.com/asus-vivobook-go-15-amd-ryzen-5-quad-core-7520u-16-gb-512-gb-ssd-windows-11-home-e1504fa-nj541ws-thin-light-laptop/p/itm5a9432bd55d95,2026-09-28T11:12:32.640068+00:00,valid
ASUS,ASUS Vivobook Go 15,E1504FA-NJ133WS,Vivobook,,AMD,Ryzen 5,Ryzen 5,,,,,,,,,,,,,,8,LPDDR5,,,,,,512,,,,,15.6,,,,,,,,,,,,,,,,False,False,Windows 11 Home,True,,,,[],,,,False,False,False,,66990.0,69990.0,3000.0,66990.0,68490.0,69990.0,2,flipkart,https://www.flipkart.com/asus-vivobook-go-15-amd-ryzen-5-dual-core-7520u-8-gb-512-gb-ssd-windows-11-home-e1504fa-nj133ws-e1504fa-nj522ws-thin-light-laptop/p/itm53871e971ea27,2026-09-28T11:12:34.019001+00:00,valid
ASUS,"ASUS Vivobook Go 15 with Office 2024 + M365 Basic*, Backlit Keyboard,",,Vivobook,2025,AMD,Ryzen 5 Quad Core,Ryzen 5,,,,,,,,,,,,,,16,LPDDR5,,,,,,512,,,,,15.6,,,,,,,,,,,,,,,,False,False,Windows 11 Home,True,,,,[],Backlit Keyboard,,,False,False,False,,64518.0,70990.0,6472.0,64518.0,67754.0,70990.0,2,flipkart,https://www.flipkart.com/asus-vivobook-go-15-2025-office-2024-m365-basic-backlit-keyboard-amd-ryzen-5-quad-core-7520u-16-gb-512-gb-ssd-windows-11-home-e1504fa-bq2543ws-thin-light-laptop/p/itmef216cf26f85c,2026-09-28T11:12:34.058417+00:00,valid
Primebook,Primebook 2 Max in,in-Built,,2026,MediaTek,Helio G99,Kompanio,,,,,,,,,,,,,,8,LPDDR4X,,,,,,,,,,,15.6,,,,,,,,,,,,,,,,False,False,Windows 11 Home,True,,,,[],,,,False,False,False,,31990.0,49990.0,18000.0,31990.0,40990.0,49990.0,2,flipkart,https://www.flipkart.com/primebook-2-max-2026-in-built-ai-mediatek-helio-g99-mt8781-8-gb-256-gb-android-15-pbg9915256-4278c-laptop/p/itmf01b454e9ac40,2026-09-28T11:12:39.361667+00:00,valid
ASUS,ASUS ExpertBook P1 with 1 Yr ADP,Intel,ExpertBook,,Intel,Core 7 240H,,,,,,,,,,,,,,,32,DDR5,,,,,,512,,,,,14.0,,,,,,,,,,,,,,,,False,False,Windows 11 Home,True,,,,[],,,,False,False,False,,98990.0,129990.0,31000.0,98990.0,114490.0,129990.0,4,flipkart,https://www.flipkart.com/asus-expertbook-p1-1-yr-adp-i7-14th-gen-intel-core-7-240h-32-gb-512-gb-ssd-windows-11-home-p1403cva-s61493ws-laptop/p/itm155fbf2a1d91c,2026-09-28T11:13:49.571797+00:00,valid
ASUS,ASUS Vivobook 15,X1504ZA-NJ522WS,Vivobook,,Intel,Core i5 12th Gen 1235U,Core i5,,,,,,,,,,,,,,8,DDR4,,,,,,512,,,,,15.6,,,,,,,,,,,,,,,,False,False,Windows 11 Home,True,,,,[],,,,False,False,False,,71781.0,89990.0,18209.0,71781.0,80885.5,89990.0,2,flipkart,https://www.flipkart.com/asus-vivobook-15-intel-core-i5-12th-gen-1235u-8-gb-512-gb-ssd-windows-11-home-x1504za-nj522ws-laptop/p/itm4d7a921842ae4,2026-09-28T11:13:54.426872+00:00,valid
ASUS,ASUS Vivobook 14,X1404VA-NK322WS,Vivobook,,Intel,Core i3 13th Gen 1315U,Core i3,,,,,,,,,,,,,,8,DDR4,,,,,,512,,,,,14.0,,,,,,,,,,,,,,,,False,False,Windows 11 Home,True,,,,[],,,,False,False,False,,47990.0,57990.0,10000.0,47990.0,52990.0,57990.0,4,flipkart,https://www.flipkart.com/asus-vivobook-14-intel-core-i3-13th-gen-1315u-8-gb-512-gb-ssd-windows-11-home-x1404va-nk322ws-thin-light-laptop/p/itm49c0450d9ee9d,2026-09-28T11:13:57.512044+00:00,valid
Lenovo,Lenovo IdeaPad 3,15ITL6,IdeaPad,,Intel,Core i3 11th Gen,Core i3,,,,,,,,,,,,,,8,DDR4,,,,,,512,,,,,15.6,,,,,,,,,,,,,,,,False,False,Windows 11 Home,True,,,,[],,,,False,False,False,,37990.0,54990.0,17000.0,37990.0,46490.0,54990.0,2,flipkart,https://www.flipkart.com/lenovo-ideapad-3-intel-core-i3-11th-gen-8-gb-512-gb-ssd-windows-11-home-15itl6-laptop/p/itme603a3b75554d,2026-09-28T11:14:00.437462+00:00,valid
Lenovo,Lenovo IdeaPad Gaming 3,,IdeaPad,,Intel,Core i5 11th Gen 11300H,Core i5,11,,,,,,,,,,,,,8,DDR4,,,,,,512,,,,,15.6,,,,,,,,,,,,,,,,False,False,Windows 11 Home,True,,,,[],,,,False,False,False,,52990.0,85000.0,32010.0,52990.0,68995.0,85000.0,2,flipkart,https://www.flipkart.com/lenovo-ideapad-gaming-3-intel-core-i5-11th-gen-11300h-8-gb-512-gb-ssd-windows-11-home-4-graphics-nvidia-geforce-gtx-1650-120-hz-15ihu6-laptop/p/itmc4612af4ab758,2026-09-28T11:14:01.853805+00:00,valid
Lenovo,Lenovo IdeaPad Slim 3,Intel,IdeaPad,,Intel,Core 5 120U,,,,,,,,,,,,,,,16,DDR5,,,,,,512,,,,,15.6,,,,,,,,,,,,,,,,False,False,Windows 11 Home,True,,,,[],,,,False,False,False,,73000.0,99999.0,26999.0,73000.0,86499.5,99999.0,2,flipkart,https://www.flipkart.com/lenovo-ideapad-slim-3-i5-14th-gen-intel-core-5-120u-16-gb-512-gb-ssd-windows-11-home-15iru9-thin-light-laptop/p/itm726ac134d0530,2026-09-28T11:14:07.853767+00:00,valid
HP,HP 240R G10 Professional,Professional,,2026,Intel,Core 3 14th Gen 100U,,,,,,,,,,,,,,,8,DDR4,,,,,,512,,,,,14.0,,,,,,,,,,,,,,,,False,False,Windows 11 Pro,True,,,,[],,,,False,False,False,,,,,,,,0,flipkart,https://www.flipkart.com/hp-240r-g10-2026-professional-i3-14th-gen-intel-core-3-gen-100u-8-gb-512-gb-ssd-windows-11-pro-thin-light-laptop/p/itmfd84e6ce2caa8,2026-09-28T11:14:14.709744+00:00,insufficient_sources
HP,HP 14s,14s-fr0016AU,,,AMD,Ryzen 3 Quad Core 4300U,Ryzen 3,4,,,,,,,,,,,,,8,DDR4,,,,,,512,,,,,14.0,,,,,,,,,,,,,,,,False,False,Windows 10,True,,,,[],,,,False,False,False,,52990.0,61999.0,9009.0,52990.0,57494.5,61999.0,2,flipkart,https://www.flipkart.com/hp-14s-amd-ryzen-3-quad-core-4300u-8-gb-512-gb-ssd-windows-10-home-14s-fr0016au-thin-light-laptop/p/itmc85ad5a7655c4,2026-09-28T11:14:14.713412+00:00,valid
Lenovo,Lenovo IdeaPad Gaming 3,,IdeaPad,,Intel,Core i5 11th Gen 11320H,Core i5,11,,,,,,,,,,,,,8,DDR4,,,,,,512,,,,,15.6,,,,,,,,,,,,,,,,False,False,Windows 11 Home,True,,,,[],,,,False,False,False,,50990.0,84999.0,34009.0,50990.0,67118.38,84999.0,8,flipkart,https://www.flipkart.com/lenovo-ideapad-gaming-3-intel-core-i5-11th-gen-11320h-8-gb-512-gb-ssd-windows-11-home-4-graphics-nvidia-geforce-rtx-2050-15ihu6-laptop/p/itmc4612af4ab758,2026-09-28T11:14:19.223005+00:00,valid
Dell,DELL Microsoft Office 2024,Intel,,2024,Intel,Core 5,,,,,,,,,,,,,,,16,DDR5,,,,,,512,,,,,14.0,,,,,,,,,,,,,,,,False,False,Windows 11 Home,True,,,,[],,,,False,False,False,,,,,,,,0,flipkart,https://www.flipkart.com/dell-microsoft-office-2024-i5-14th-gen-intel-core-5-16-gb-512-gb-ssd-windows-11-home-dc14250-thin-light-laptop/p/itmfd5bc4b8e52af,2026-09-28T11:14:24.842623+00:00,insufficient_sources
Dell,DELL,Inspiron,,,Intel,Core i3 13th Gen 1315U,Core i3,,,,,,,,,,,,,,8,LPDDR5,,,,,,256,,,,,14.0,,,,,,,,,,True,,,,,,False,False,Windows 11 Home,True,,,,[],,,,False,False,False,,67490.0,70000.0,2510.0,67490.0,68745.0,70000.0,6,flipkart,https://www.flipkart.com/dell-intel-core-i3-13th-gen-1315u-8-gb-256-gb-ssd-windows-11-home-inspiron-7430-2-1-laptop/p/itm319ec6e7d1fe5,2026-09-28T11:14:31.214481+00:00,valid
Dell,DELL Alienware 15,,Alienware,,AMD,Ryzen 7 Processor,Ryzen 7,,,,,,,,,,,,,,16,DDR5,,,,,,512,,,,,15.0,,,,,,,,,,,,,,,,False,False,Windows 11 Home,True,,,,[],,,,False,False,False,,139990.0,168144.0,28154.0,139990.0,154067.0,168144.0,6,flipkart,https://www.flipkart.com/dell-alienware-15-amd-ryzen-7-260-16-gb-512-gb-ssd-windows-11-home-6-graphics-nvidia-geforce-rtx-4050-165-hz-can15265cto04mino-gaming-laptop/p/itm032b809caeee3,2026-09-28T11:14:31.264513+00:00,valid
Acer,Acer TravelLite,TL04-41M,,,AMD,Ryzen 3 Octa Core,Ryzen 3,,,,,,,,,,,,,,8,DDR4,,,,,,512,,,,,14.0,,,,,,,,,,,,,,,,False,False,Windows 11 Home,True,,,,[],,,,False,False,False,,46990.0,59990.0,13000.0,46990.0,53490.0,59990.0,8,flipkart,https://www.flipkart.com/acer-travellite-amd-ryzen-3-octa-core-8-gb-512-gb-ssd-windows-11-home-tl04-41m-notebook/p/itm3abd1f6b09ae3,2026-09-28T11:14:37.372523+00:00,valid
Acer,Acer Swift 14 AI,SF14-51,Swift,,,,,,,,,,,,,,,,,,16,LPDDR5X,,,,,,512,,,,,14.0,,,,,,,,,,,,,,,,False,False,Windows 11 Home,True,,,,[],,,,False,False,False,,84990.0,111999.0,27009.0,84990.0,98494.5,111999.0,4,flipkart,https://www.flipkart.com/acer-swift-14-ai-intel-core-ultra-5-16-gb-512-gb-ssd-windows-11-home-sf14-51-thin-light-laptop/p/itm9114b2f8323b6,2026-09-28T11:14:38.760807+00:00,valid
Acer,Acer Aspire 3D 15 SpatialLabs Edition,,Aspire,,Intel,Core i5 13th Gen 13420H,Core i5,13,,,,,,,,,,,,,16,DDR5,,,,,,512,,,,,15.6,,,,,,,,,,,,,,,,False,False,Windows 11,True,,,,[],,,,False,False,False,,,,,,,,0,flipkart,https://www.flipkart.com/acer-aspire-3d-15-spatiallabs-intel-core-i5-13th-gen-13420h-16-gb-512-gb-ssd-windows-11-home-4-graphics-nvidia-geforce-rtx-2050-a3d15-71gm-gaming-laptop/p/itm4dd8ce8dcf5b5,2026-09-28T11:14:43.302228+00:00,insufficient_sources
Unknown,walker,NU14A1,,,Intel,Celeron Dual Core N4020,,,,,,,,,,,,,,,4,LPDDR4,,,,,,128,,,,,14.1,,,,,,,,,,,,,,,,False,False,Windows 11 Home,True,,,,[],,,,False,False,False,,,,,,,,0,flipkart,https://www.flipkart.com/walker-intel-celeron-dual-core-n4020-4-gb-128-gb-ssd-windows-11-home-nu14a1-thin-light-laptop/p/itm3d8c664ba317d,2026-09-28T11:14:51.028223+00:00,insufficient_sources
Primebook,Primebook 2 Pro in,in-Built,,2026,MediaTek,Helio G99,Kompanio,,,,,,,,,,,,,,8,LPDDR4X,,,,,,,,,,,14.1,,,,,,,,,,,,,,,,False,False,Windows 11 Home,True,,,,[],,,,False,False,False,,28490.0,39990.0,11500.0,28490.0,34240.0,39990.0,6,flipkart,https://www.flipkart.com/primebook-2-pro-2026-in-built-ai-mediatek-helio-g99-mt8781-8-gb-128-gb-android-15-pbg9914128-4278c-laptop/p/itmdbf8db6a6f79a,2026-09-28T11:14:59.560058+00:00,valid
Samsung,"Samsung 970 Pro 1 TB Laptop, Servers, Network Attached Storage, Desktop Black PCIe NVMe Internal Solid...",,,,,,,,,,,,,,,,,,,,,,,,,,,,,,,,,,,,,,,,,,,,,,,,False,False,Windows 11 Home,True,,,,[],,,,False,False,False,,20499.0,59599.0,39100.0,59599.0,59599.0,59599.0,1,flipkart,https://www.flipkart.com/samsung-970-pro-1-tb-laptop-servers-network-attached-storage-desktop-black-pcie-nvme-internal-solid-state-drive-ssd-mz-v7p1t0bw/p/itma281ef5987dff,2026-09-28T11:14:59.589222+00:00,outlier
Lenovo,Lenovo IdeaPad Gaming 3,,IdeaPad,,Intel,Core i5 11th Gen 11300H,Core i5,11,,,,,,,,,,,,,16,DDR4,,,,,,512,,,,,15.6,,,,,,,,,,,,,,,,False,False,Windows 11 Home,True,,,,[],,,,False,False,False,,71990.0,105999.0,34009.0,71990.0,88994.5,105999.0,2,flipkart,https://www.flipkart.com/lenovo-ideapad-gaming-3-intel-core-i5-11th-gen-11300h-16-gb-512-gb-ssd-windows-11-home-4-graphics-nvidia-geforce-rtx-3050-15ihu6-15ihu6d1-laptop/p/itmc4612af4ab758,2026-09-28T11:15:31.001229+00:00,valid
Lenovo,Lenovo 100e Chromebook Gen 4,100e,,,MediaTek,Kompanio 520,Kompanio,,,,,,,,,,,,,,4,LPDDR4X,,,,,EMMC,,,,,,11.6,,,,,,,,,,,,,,,,False,False,Chrome OS,False,,,,[],,,,False,False,False,,13990.0,37090.0,23100.0,37090.0,37090.0,37090.0,7,flipkart,https://www.flipkart.com/lenovo-100e-chromebook-gen-4-mediatek-kompanio-520-4-gb-32-gb-emmc-storage-chrome-os/p/itm041aea27f1885,2026-09-28T11:16:18.124494+00:00,outlier
Lenovo,Lenovo Ideapad 330s,330S-1,IdeaPad,,Intel,Core i5 8th Gen 8250U,Core i5,,,,,,,,,,,,,,4,DDR4,,,,,,,,,,,15.6,,,,,,,,,,,,,,,,False,False,Windows 10,True,,,,[],,,,False,False,False,,,,,,,,0,flipkart,https://www.flipkart.com/lenovo-ideapad-330s-intel-core-i5-8th-gen-8250u-4-gb-1-tb-hdd-windows-10-home-4-gb-graphics-330s-15ikb-thin-light-laptop/p/itm42f15f05cea8a,2026-09-28T11:16:24.951598+00:00,insufficient_sources
Lenovo,Lenovo Chromebook,11IGL05,,,Intel,Celeron Dual Core N4020,,,,,,,,,,,,,,,4,LPDDR4,,,,,EMMC,,,,,,11.6,,,,,,,,,,,,,,,,False,False,Chrome OS,False,,,,[],,,,False,False,False,,22590.0,30999.0,8409.0,22590.0,26794.5,30999.0,4,flipkart,https://www.flipkart.com/lenovo-chromebook-intel-celeron-dual-core-n4020-4-gb-64-gb-emmc-storage-chrome-os-11igl05/p/itmd462d33eff5ef,2026-09-28T11:16:26.336523+00:00,valid
HP,HP 15s,15s-FR2006TU,,,Intel,Core i3 11th Gen 1115G,Core i3,,,,,,,,,,,,,,8,DDR4,,,,,,512,,,,,15.6,,,,,,,,,,,,,,,,False,False,Windows 11 Home,True,,,,[],,,,False,False,False,,57790.0,59774.0,1984.0,57790.0,58782.0,59774.0,2,flipkart,https://www.flipkart.com/hp-15s-intel-core-i3-11th-gen-1115g4-8-gb-512-gb-ssd-windows-11-home-15s-fr2006tu-thin-light-laptop/p/itm169671aff88a4,2026-09-28T11:16:30.832995+00:00,valid
HP,HP 15s,15-fd0752TU,,,Intel,Core i3 12th Gen 1215U,Core i3,,,,,,,,,,,,,,8,DDR4,,,,,,512,,,,,15.6,,,,,,,,,,,,,,,,False,False,Windows 11 Home,True,,,,[],,,,False,False,False,,,,,,,,0,flipkart,https://www.flipkart.com/hp-15s-intel-core-i3-12th-gen-1215u-8-gb-512-gb-ssd-windows-11-home-15-fd0752tu-15s-fy5003tu-thin-light-laptop/p/itm2977a9ca00317,2026-09-28T11:16:30.839782+00:00,insufficient_sources
HP,HP 15s,15-fd0018TU,,,Intel,Core i3 13th Gen 1315U,Core i3,,,,,,,,,,,,,,8,DDR4,,,,,,512,,,,,15.6,,,,,,,,,,,,,,,,False,False,Windows 11 Home,True,,,,[],,,,False,False,False,,58990.0,68000.0,9010.0,58990.0,63495.0,68000.0,2,flipkart,https://www.flipkart.com/hp-15s-intel-core-i3-13th-gen-1315u-8-gb-512-gb-ssd-windows-11-home-15-fd0018tu-thin-light-laptop/p/itmb55564db4e9b4,2026-09-28T11:16:30.849245+00:00,valid
HP,HP 15s,15s-FY5011TU,,2021,Intel,Core i3 12th Gen 1215U,Core i3,,,,,,,,,,,,,,8,DDR4,,,,,,512,,,,,15.6,,,,,,,,,,,,,,,,False,False,Windows 11 Home,True,,,,[],,,,False,False,False,,57990.0,59999.0,2009.0,57990.0,58994.5,59999.0,2,flipkart,https://www.flipkart.com/hp-15s-intel-core-i3-12th-gen-1215u-8-gb-512-gb-ssd-windows-11-home-15s-fy5011tu-thin-light-laptop/p/itma616759801787,2026-09-28T11:16:30.855824+00:00,valid
HP,HP 15s,15s-FQ2072TU,,,Intel,Core i3 11th Gen 1115G,Core i3,,,,,,,,,,,,,,8,DDR4,,,,,,512,,,,,15.6,,,,,,,,,,,,,,,,False,False,Windows 10,True,,,,[],,,,False,False,False,,57890.0,58999.0,1109.0,57890.0,58444.5,58999.0,2,flipkart,https://www.flipkart.com/hp-15s-intel-core-i3-11th-gen-1115g4-8-gb-512-gb-ssd-windows-10-home-15s-fq2072tu-thin-light-laptop/p/itmdce6afa2e1b0d,2026-09-28T11:16:30.896955+00:00,valid
HP,HP 15s,15-fd0019TU,,,Intel,Core i3 13th Gen 1315U,Core i3,,,,,,,,,,,,,,8,DDR4,,,,,,512,,,,,15.6,,,,,,,,,,,,,,,,False,False,Windows 11 Home,True,,,,[],,,,False,False,False,,58890.0,65000.0,6110.0,58890.0,61945.0,65000.0,2,flipkart,https://www.flipkart.com/hp-15s-intel-core-i3-13th-gen-1315u-8-gb-512-gb-ssd-windows-11-home-15-fd0019tu-thin-light-laptop/p/itmd0947fdd46b8a,2026-09-28T11:16:32.175328+00:00,valid
HP,HP 15s,15s-fq2626TU,,,Intel,Core i3 11th Gen 1125G,Core i3,,,,,,,,,,,,,,8,DDR4,,,,,,256,,,,,15.6,,,,,,,,,,,,,,,,False,False,Windows 11 Home,True,,,,[],,,,False,False,False,,57990.0,58999.0,1009.0,57990.0,58494.5,58999.0,2,flipkart,https://www.flipkart.com/hp-15s-intel-core-i3-11th-gen-1125g4-8-gb-256-gb-ssd-windows-11-home-15s-fq2626tu-thin-light-laptop/p/itm1051f28c6fb93,2026-09-28T11:16:32.189713+00:00,valid
HP,HP 15s,15s-ey1509AU,,,,,,,,,,,,,,,,,,,8,DDR4,,,,,,512,,,,,15.6,,,,,,,,,,,,,,,,False,False,Windows 11 Home,True,,,,[],,,,False,False,False,,52900.0,55000.0,2100.0,52900.0,53950.0,55000.0,2,flipkart,https://www.flipkart.com/hp-15s-amd-athlon-dual-core-3050u-8-gb-512-gb-ssd-windows-11-home-15s-ey1509au-thin-light-laptop/p/itm930fe4c90a2f8,2026-09-28T11:16:33.650893+00:00,valid
Dell,DELL Inspiron 5440,7FN5J,Inspiron,,Intel,Core i3 14th Gen,Core i3,,,,,,,,,,,,,,8,DDR4,,,,,,512,,,,,14.0,,,,,,,,,,,,,,,,False,False,Windows 11 Pro,True,,,,[],,,,False,False,False,,54996.0,67709.0,12713.0,54996.0,61352.5,67709.0,4,flipkart,https://www.flipkart.com/dell-inspiron-5440-100u-intel-core-i3-14th-gen-8-gb-512-gb-ssd-windows-11-pro-7fn5j-laptop/p/itmad6efd206c154,2026-09-28T11:16:36.474648+00:00,valid
Dell,DELL Vostro 15,3530,Vostro,2024,Intel,Core i3 13th Gen 1305U,Core i3,,,,,,,,,,,,,,16,DDR4,,,,,,512,,,,,15.6,,,,,,,,,,,,,,,,False,False,Windows 11 Home,True,,,,[],,,,False,False,False,,68500.0,75990.0,7490.0,68500.0,72245.0,75990.0,2,flipkart,https://www.flipkart.com/dell-vostro-15-intel-core-i3-13th-gen-1305u-16-gb-512-gb-ssd-windows-11-home-3530-thin-light-laptop/p/itm802dcf4df44a9,2026-09-28T11:16:39.858852+00:00,valid
ASUS,ASUS Vivobook Go 15,E510KA-EJ9011WS,Vivobook,2024,Intel,Celeron Dual Core N4500,,,,,,,,,,,,,,,8,DDR4,,,,,,512,,,,,15.6,,,,,,,,,,,,,,,,False,False,Windows 11 Home,True,,,,[],,,,False,False,False,,50126.0,50990.0,864.0,50126.0,50558.0,50990.0,4,flipkart,https://www.flipkart.com/asus-vivobook-go-15-intel-celeron-dual-core-n4500-8-gb-512-gb-ssd-windows-11-home-e510ka-ej9011ws-thin-light-laptop/p/itm1826f3fec8f97,2026-09-28T11:16:46.403252+00:00,valid
Lenovo,Lenovo IdeaPad Gaming 3,,IdeaPad,,Intel,Core i5 12th Gen 12450H,Core i5,12,,,,,,,,,,,,,8,DDR4,,,,,,512,,,,,15.6,,,,,,,,,,,,,,,,False,False,Windows 11 Home,True,,,,[],,,,False,False,False,,89590.0,111190.0,21600.0,89590.0,100390.0,111190.0,2,flipkart,https://www.flipkart.com/lenovo-ideapad-gaming-3-intel-core-i5-12th-gen-12450h-8-gb-512-gb-ssd-windows-11-home-4-graphics-nvidia-geforce-rtx-3050-120-hz-15iah7-laptop/p/itm3d17489527341,2026-09-28T11:16:59.799221+00:00,valid
ASUS,ASUS ExpertBook P1 with 1 Yr ADP,Intel,ExpertBook,,Intel,Core 5 210H,,,,,,,,,,,,,,,32,DDR5,,,,,,512,,,,,14.0,,,,,,,,,,,,,,,,False,False,Windows 11 Home,True,,,,[],,,,False,False,False,,74990.0,114990.0,40000.0,74990.0,93211.33,114990.0,6,flipkart,https://www.flipkart.com/asus-expertbook-p1-1-yr-adp-i5-14th-gen-intel-core-5-210h-32-gb-512-gb-ssd-windows-11-home-p1403cva-s61638ws-laptop/p/itm21e8b41dc3a90,2026-09-28T11:18:23.800652+00:00,valid
ASUS,ASUS Vivobook Go 15 with Office 2024 + M365 Basic*,,Vivobook,2026,AMD,Ryzen 5 Processor,Ryzen 5,,,,,,,,,,,,,,8,DDR5,,,,,,512,,,,,15.6,,,,,,,,,,,,,,,,False,False,Windows 11 Home,True,,,,[],,,,False,False,False,,73990.0,87990.0,14000.0,73990.0,80990.0,87990.0,2,flipkart,https://www.flipkart.com/asus-vivobook-go-15-2026-office-2024-m365-basic-amd-ryzen-5-4th-gen-40-8-gb-512-gb-ssd-windows-11-home-e1504fa-bq2113ws-thin-light-laptop/p/itmc9622dd857d2e,2026-09-28T11:18:26.916708+00:00,valid
ASUS,ASUS Vivobook GO 15 OLED,E1504FAB-LK5,Vivobook,,AMD,Ryzen 5 Quad Core 7520U,Ryzen 5,7,,,,,,,,,,,,,16,LPDDR5,,,,,,512,,,,,15.6,,,,,OLED,,,,,,,,,,,False,False,Windows 11 Home,True,,,,[],,,,False,False,False,,70990.0,77990.0,7000.0,70990.0,74490.0,77990.0,2,flipkart,https://www.flipkart.com/asus-vivobook-go-15-oled-amd-ryzen-5-quad-core-7520u-16-gb-512-gb-ssd-windows-11-home-e1504fab-lk549ws-thin-light-laptop/p/itmdf2014893a36b,2026-09-28T11:18:26.935223+00:00,valid
Lenovo,Lenovo IdeaPad Slim 5 WUXGA IPS Office 2024 Full Metal Body,,IdeaPad,2024,AMD,Ryzen 7 Octa Core 7735HS,Ryzen 7,7,,,,,,,,,,,,,16,LPDDR5X,,,,,,512,,,,,13.3,,,,,IPS,,,,,,,,,,,False,False,Windows 11 Home,True,,,,[],,,,False,False,False,,,,,,,,0,flipkart,https://www.flipkart.com/lenovo-ideapad-slim-5-wuxga-ips-office-2024-full-metal-body-amd-ryzen-7-octa-core-7735hs-16-gb-512-gb-ssd-windows-11-home-13arp10-thin-light-laptop/p/itmce73e91ed2bfc,2026-09-28T11:18:29.412527+00:00,insufficient_sources
HP,HP 841w6pa 255 g9,255,,,AMD,Ryzen 3,Ryzen 3,,,,,,,,,,,,,,8,DDR4,,,,,,512,,,,,15.6,,,,,,,,,,,,,,,,False,False,DOS,False,,,,[],,,,False,False,False,,52990.0,54532.0,1542.0,52990.0,53761.0,54532.0,2,flipkart,https://www.flipkart.com/hp-841w6pa-255-g9-amd-ryzen-3-dual-core-3250u-8-gb-512-gb-ssd-dos-g8-laptop/p/itmffac8a2b263c2,2026-09-28T11:18:37.783383+00:00,valid
Dell,DELL Inspiron,Inspiron,Inspiron,,AMD,Ryzen 3,Ryzen 3,,,,,,,,,,,,,,8,DDR4,,,,,,512,,,,,14.9,,,,,,,,,,,,,,,,False,False,Windows 11 Home,True,,,,[],,,,False,False,False,,59990.0,65990.0,6000.0,59990.0,62990.0,65990.0,2,flipkart,https://www.flipkart.com/dell-inspiron-amd-ryzen-3-dual-core-3250u-8-gb-512-gb-ssd-windows-11-home-3515-thin-light-laptop/p/itmf8176c4bff1f7,2026-09-28T11:18:42.482789+00:00,valid
Infinix,Infinix ZEROBOOK 13,ZL513,,,Intel,Core i7 13th Gen 13700H,Core i7,13,,,,,,,,,,,,,16,LPDDR5X,,,,,,512,,,,,15.3,,,,,,,,,,,,,,,,False,False,Windows 11 Home,True,,,,[],,,,False,False,False,,,,,,,,0,flipkart,https://www.flipkart.com/infinix-zerobook-13-intel-core-i7-13th-gen-13700h-16-gb-512-gb-ssd-windows-11-home-zl513-thin-light-laptop/p/itmad7e026e8b8c5,2026-09-28T11:18:51.748655+00:00,insufficient_sources
ASUS,ASUS ASUS Vivobook 16,X1605VA,Vivobook,2024,Intel,Core i5 13th Gen,Core i5,,,,,,,,,,,,,,16,DDR4,,,,,,512,,,,,16.0,,,,,,,,,,,,,,,,False,False,Windows 11 Home,True,,,,[],,,,False,False,False,,83690.0,84990.0,1300.0,83690.0,84340.0,84990.0,2,flipkart,https://www.flipkart.com/asus-vivobook-16-intel-core-i5-13th-gen-16-gb-512-gb-ssd-windows-11-home-x1605va-sh1952ws-thin-light-laptop/p/itm091d56f476095,2026-09-28T11:19:04.054018+00:00,valid
Zebronics,ZEBRONICS Pro Series Z,ZEB-NBC,,,Intel,Core i7 12th Gen 1255U,Core i7,,,,,,,,,,,,,,16,DDR4,,,,,,512,,,,,15.6,,,,,,,,,,,,,,,,False,False,Windows 11 Home,True,,,,[],,,,False,False,False,,,,,,,,0,flipkart,https://www.flipkart.com/zebronics-pro-series-z-intel-core-i7-12th-gen-1255u-16-gb-512-gb-ssd-windows-11-home-zeb-nbc-5s-thin-light-laptop/p/itmb605901c4d2a7,2026-09-28T11:19:11.958103+00:00,insufficient_sources
Dell,DELL XPS,9345,XPS,,Qualcomm,Snapdragon X Elite -,Snapdragon X,,,,,,,,,,,,,,16,LPDDR5,,,,,,512,,,,,13.0,,,,,,,,,,True,,,,,,False,False,Windows 11 Home,True,,,,[],,,,False,False,False,,160490.0,201650.0,41160.0,160490.0,181070.0,201650.0,2,flipkart,https://www.flipkart.com/dell-xps-snapdragon-x-elite-16-gb-512-gb-ssd-windows-11-home-9345-thin-light-laptop/p/itme1cb5000bd74e,2026-09-28T11:19:14.906375+00:00,valid
Dell,DELL 14,5441,,,Qualcomm,Snapdragon X Plus -,Snapdragon X,,,,,,,,,,,,,,16,LPDDR5,,,,,,512,,,,,14.0,,,,,,,,,,,,,,,,False,False,Windows 11 Home,True,,,,[],,,,False,False,False,,,,,,,,0,flipkart,https://www.flipkart.com/dell-14-snapdragon-x-plus-16-gb-512-gb-ssd-windows-11-home-5441-thin-light-laptop/p/itm85626afe7c7ca,2026-09-28T11:19:14.954967+00:00,insufficient_sources
Dell,DELL Vostro,Vostro,Vostro,2021,Intel,Core i3 10th Gen 1005G,Core i3,,,,,,,,,,,,,,8,DDR4,,,,,HDD,1024,,,,,15.6,,,,,,,,,,,,,,,,False,False,Windows 11 Home,True,,,,[],,,,False,False,False,,,,,,,,0,flipkart,https://www.flipkart.com/dell-vostro-intel-core-i3-10th-gen-1005g1-8-gb-1-tb-hdd-256-gb-ssd-windows-11-home-3510-x9k0t-thin-light-laptop/p/itm09fe91e610daf,2026-09-28T11:24:36.819774+00:00,insufficient_sources
Lenovo,Lenovo 100e Chromebook Gen 4,100e,,,MediaTek,Kompanio 520,Kompanio,,,,,,,,,,,,,,4,LPDDR4X,,,,,EMMC Storage,32,,,,,11.6,,,,,,,,,,,,,,,,False,False,Chrome OS,False,,,,[],,,,False,False,False,,13990.0,37090.0,23100.0,37090.0,37090.0,37090.0,8,flipkart,https://www.flipkart.com/lenovo-100e-chromebook-gen-4-mediatek-kompanio-520-4-gb-32-gb-emmc-storage-chrome-os/p/itm041aea27f1885,2026-09-28T11:24:38.325932+00:00,outlier
Lenovo,Lenovo Chromebook 11IJL9,Chromeboo,,,Intel,Celeron Dual Core N4500,,,,,,,,,,,,,,,4,LPDDR4X,,,,,EMMC Storage,64,,,,,11.6,,,,,,,,,,,,,,,,False,False,Chrome OS,False,,,,[],,,,False,False,False,,16990.0,36502.0,19512.0,16990.0,26746.0,36502.0,20,flipkart,https://www.flipkart.com/lenovo-chromebook-11ijl9-intel-celeron-dual-core-n4500-4-gb-64-gb-emmc-storage-chrome-os/p/itmd2a376187074e,2026-09-28T11:24:38.329909+00:00,valid
Dell,DELL 22X09D4,Intel,,,Intel,Core 3,,,,,,,,,,,,,,,8,DDR4,,,,,EMMC Storage,512,,,,,15.6,,,,,,,,,,,,,,,,False,False,Windows 11 Home,True,,,,[],,,,False,False,False,,55676.0,60000.0,4324.0,55676.0,57838.0,60000.0,2,flipkart,https://www.flipkart.com/dell-22x09d4-i3-14th-gen-intel-core-3-3rd-gen-8-gb-512-gb-ssd-8-emmc-storage-windows-11-home-8-graphics-gx21-71-thin-light-laptop/p/itmef590a5d70809,2026-09-28T11:24:38.382863+00:00,valid
Dell,DELL Inspiron 15,Dc,Inspiron,,Intel,Core i3 14th Gen,Core i3,,,,,,,,,,,,,,8,DDR4,,,,,,512,,,,,15.6,,,,,,,,,,,,,,,,False,False,Windows 11 Home,True,,,,[],,,,False,False,False,,58775.0,69000.0,10225.0,58775.0,63887.5,69000.0,2,flipkart,https://www.flipkart.com/dell-inspiron-15-100u-intel-core-i3-14th-gen-8-gb-512-gb-ssd-windows-11-home-8-graphics-dc-15250-thin-light-laptop/p/itm62b51214b8858,2026-09-28T11:24:38.395169+00:00,valid
Dell,DELL PRO 15 DDR5 5600Mhz,DDR5,,2026,Intel,Core 3 14th Gen 100U,,,,,,,,,,,,,,,16,DDR5,5600,5600,,,,512,,,,,15.6,,,,,,,,,,,,,,,,False,False,Windows 11 Home,True,,,,[],,,,False,False,False,,69991.0,85000.0,15009.0,69991.0,77495.5,85000.0,2,flipkart,https://www.flipkart.com/dell-pro-15-2026-ddr5-5600mhz-i3-14th-gen-intel-core-3-gen-100u-16-gb-512-gb-ssd-windows-11-home-thin-light-laptop/p/itm14bb14ea180fd,2026-09-28T11:24:38.416415+00:00,valid
HP,HP OMEN AI,,Omen,,AMD,Ryzen AI 7 Octa Core AI 7 350 -,Ryzen AI,,,,,,,,,,,,,,24,DDR5,,,,,,1024,,,,,16.0,,,,,,,,,,,,,,,,False,False,Windows 11 Home,True,,,,[],,,,False,False,False,,149990.0,162996.0,13006.0,149990.0,156493.0,162996.0,6,flipkart,https://www.flipkart.com/hp-omen-ai-amd-ryzen-7-octa-core-350-24-gb-1-tb-ssd-windows-11-home-8-gb-graphics-nvidia-geforce-rtx-5050-16-ap0165ax-gaming-laptop/p/itm5661c90728083,2026-09-28T11:24:40.542701+00:00,valid
HP,HP Professional 240 G10,Intel,,2025,Intel,Core i5 13th Gen 1334U,Core i5,,,,,,,,,,,,,,8,DDR4,,,,,,512,,,,,14.0,,,,,,,,,,,,,,,,False,False,Windows 11 Pro,True,,,,[],,,,False,False,False,,79990.0,89990.0,10000.0,79990.0,84990.0,89990.0,2,flipkart,https://www.flipkart.com/hp-professional-240-g10-2025-intel-core-i5-13th-gen-1334u-8-gb-512-gb-ssd-windows-11-pro-thin-light-laptop/p/itm4c6277f3b3582,2026-09-28T11:24:40.604063+00:00,valid
Lenovo,Lenovo V 14,Intel,,2025,Intel,Core i3 13th Gen 1315U,Core i3,,,,,,,,,,,,,,16,DDR4,,,,,,512,,,,,14.0,,,,,,,,,,,,,,,,False,False,Windows 11 Pro,True,,,,[],,,,False,False,False,1,72990.0,77990.0,5000.0,72990.0,75490.0,77990.0,2,flipkart,https://www.flipkart.com/lenovo-v-14-2025-intel-core-i3-13th-gen-1315u-16-gb-512-gb-ssd-windows-11-pro-thin-light-laptop/p/itm52660c6a24218,2026-09-28T11:24:44.140825+00:00,valid
Lenovo,Lenovo IdeaPad 3 Chromebook,ideapa,IdeaPad,,Intel,Celeron Dual Core N4020,,,,,,,,,,,,,,,4,LPDDR4,,,,,EMMC Storage,64,,,,,11.6,,,,,,,,,,,,,,,,False,False,Chrome OS,False,,,,[],,,,False,False,False,,22379.0,34678.0,12299.0,22379.0,28528.5,34678.0,2,flipkart,https://www.flipkart.com/lenovo-ideapad-3-chromebook-intel-celeron-dual-core-n4020-4-gb-64-gb-emmc-storage-chrome-os-cb-11igl05-2/p/itmd462d33eff5ef,2026-09-28T11:24:45.130043+00:00,valid
Lenovo,Lenovo Chromebook,11IGL05,,,Intel,Celeron Dual Core N4020,,,,,,,,,,,,,,,4,LPDDR4,,,,,EMMC Storage,64,,,,,11.6,,,,,,,,,,,,,,,,False,False,Chrome OS,False,,,,[],,,,False,False,False,,22590.0,30999.0,8409.0,22590.0,26794.5,30999.0,2,flipkart,https://www.flipkart.com/lenovo-chromebook-intel-celeron-dual-core-n4020-4-gb-64-gb-emmc-storage-chrome-os-11igl05/p/itmd462d33eff5ef,2026-09-28T11:24:45.139435+00:00,valid
Lenovo,Lenovo 100e Chromebook Gen 4,100e,,,MediaTek,Kompanio 528,Kompanio,,,,,,,,,,,,,,4,LPDDR4X,,,,,EMMC Storage,64,,,,,11.6,,,,,,,,,,,,,,,,False,False,Chrome OS,False,,,,[],,,,False,False,False,,33400.0,42190.0,8790.0,33400.0,37795.0,42190.0,2,flipkart,https://www.flipkart.com/lenovo-100e-chromebook-gen-4-mediatek-kompanio-528-4-gb-64-gb-emmc-storage-chrome-os/p/itm2ea2371d3bde4,2026-09-28T11:24:45.144417+00:00,valid
ASUS,ASUS ExpertBook PM1 with 1 Yr ADP,PM140,ExpertBook,2024,AMD,Ryzen 5 Hexa Core,Ryzen 5,,,,,,,,,,,,,,16,DDR5,,,,,,512,,,,,14.0,,,,,,,,,,,,,,,,False,False,Windows 11 Home,True,,,,[],,,,False,False,False,,67990.0,169990.0,102000.0,169990.0,169990.0,169990.0,1,flipkart,https://www.flipkart.com/asus-expertbook-pm1-1-yr-adp-amd-ryzen-5-hexa-core-150-16-gb-512-gb-ssd-windows-11-home-pm1403cda-s60409ws-laptop/p/itm8789b27726a36,2026-09-28T11:24:46.951274+00:00,outlier
ASUS,ASUS ExpertBook P1 with 1 Yr ADP,Intel,ExpertBook,,Intel,Core 7 240H,,,,,,,,,,,,,,,16,DDR5,,,,,,512,,,,,15.6,,,,,,,,,,,,,,,,False,False,Windows 11 Home,True,,,,[],,,,False,False,False,,96528.0,99990.0,3462.0,96528.0,98259.0,99990.0,2,flipkart,https://www.flipkart.com/asus-expertbook-p1-1-yr-adp-i7-14th-gen-intel-core-7-240h-16-gb-512-gb-ssd-windows-11-home-p1503cva-s72083ws-laptop/p/itmd50a9106a8c6a,2026-09-28T11:24:47.015499+00:00,valid
ASUS,ASUS ExpertBook P1 with 1 Yr ADP,P1,ExpertBook,2024,Intel,Core i5 13th Gen 13420H,Core i5,13,,,,,,,,,,,,,32,DDR5,,,,,,512,,,,,14.0,,,,,,,,,,,,,,,,False,False,Windows 11 Home,True,,,,[],,,,False,False,False,,86990.0,114990.0,28000.0,86990.0,100990.0,114990.0,2,flipkart,https://www.flipkart.com/asus-expertbook-p1-1-yr-adp-intel-core-i5-13th-gen-13420h-32-gb-512-gb-ssd-windows-11-home-p1403cva-s60939ws-thin-light-laptop/p/itm50988c1fc56e6,2026-09-28T11:24:47.999105+00:00,valid
ASUS,ASUS ExpertBook B14,B1402CBA-NK1494WS,ExpertBook,,Intel,Core i3 12th Gen 1215U,Core i3,,,,,,,,,,,,,,8,DDR4,,,,,,512,,,,,14.0,,,,,,,,,,,,,,,,False,False,Windows 11 Home,True,,,,[],,,,False,False,False,,62990.0,69990.0,7000.0,62990.0,66490.0,69990.0,2,flipkart,https://www.flipkart.com/asus-expertbook-b14-intel-core-i3-12th-gen-1215u-8-gb-512-gb-ssd-windows-11-home-b1402cba-nk1494ws-thin-light-laptop/p/itm5558ba4200e57,2026-09-28T11:24:48.021179+00:00,valid
ASUS,ASUS ExpertBook P2,Expert,ExpertBook,,Intel,Core i5 10th Gen 10210U,Core i5,10,,,,,,,,,,,,,8,DDR4,,,,,HDD,1024,,,,,14.0,,,,,,,,,,,,,,,,False,False,Windows 10,True,,,,[],,,,False,False,False,,,,,,,,0,flipkart,https://www.flipkart.com/asus-expertbook-p2-intel-core-i5-10th-gen-10210u-8-gb-1-tb-hdd-windows-10-pro-2-gb-graphics-p2451fb-thin-light-laptop/p/itm0498cd220dd83,2026-09-28T11:24:48.025652+00:00,insufficient_sources
Infinix,Infinix ZEROBOOK 13,ZL513,,,Intel,Core i9 13th Gen 13900H,Core i9,13,,,,,,,,,,,,,32,LPDDR5X,,,,,,1024,,,,,15.6,,,,,,,,,,,,,,,,False,False,Windows 11 Home,True,,,,[],,,,False,False,False,,,,,,,,0,flipkart,https://www.flipkart.com/infinix-zerobook-13-intel-core-i9-13th-gen-13900h-32-gb-1-tb-ssd-windows-11-home-zl513-thin-light-laptop/p/itmad7e026e8b8c5,2026-09-28T11:24:54.294421+00:00,insufficient_sources
Zebronics,ZEBRONICS Thin and Light Laptop,ZEB,,,Intel,Core i7 12th Gen 1255U,Core i7,,,,,,,,,,,,,,16,DDR4,,,,,,512,,,,,15.6,,,,,,,,,,,,,,,,False,False,Windows 11 Home,True,,,,[],,,,False,False,False,,,,,,,,0,flipkart,https://www.flipkart.com/zebronics-thin-light-laptop-intel-core-i7-12th-gen-1255u-16-gb-512-gb-ssd-windows-11-home-zeb-nbc-5s/p/itmb605901c4d2a7,2026-09-28T11:24:54.301201+00:00,insufficient_sources
Infinix,Infinix Y4 Max Series,YL613,,,Intel,Core i3 13th Gen 1315U,Core i3,,,,,,,,,,,,,,16,LPDDR4X,,,,,,512,,,,,16.0,,,,,,,,,,,,,,,,False,False,Windows 11 Home,True,,,,[],,,,False,False,False,,,,,,,,0,flipkart,https://www.flipkart.com/infinix-y4-max-series-intel-core-i3-13th-gen-1315u-16-gb-512-gb-ssd-windows-11-home-yl613-thin-light-laptop/p/itmf0f9170b3ca9f,2026-09-28T11:24:54.338352+00:00,insufficient_sources
Infinix,Infinix Inbook Y2 Plus,XL29,,,Intel,Core i7 11th Gen 1195G,Core i7,,,,,,,,,,,,,,16,LPDDR4X,,,,,,512,,,,,15.6,,,,,,,,,,,,,,,,False,False,Windows 11 Home,True,,,,[],,,,False,False,False,,,,,,,,0,flipkart,https://www.flipkart.com/infinix-inbook-y2-plus-intel-core-i7-11th-gen-1195g7-16-gb-512-gb-ssd-windows-11-home-xl29-thin-light-laptop/p/itmcf13c7e0b0c78,2026-09-28T11:24:54.360061+00:00,insufficient_sources
Infinix,Infinix X1 Slim Series,XL21,,,Intel,Core i5 10th Gen 1035G,Core i5,,,,,,,,,,,,,,8,LPDDR4X,,,,,,512,,,,,14.0,,,,,,,,,,,,,,,,False,False,Windows 11 Home,True,,,,[],,,,False,False,False,,,,,,,,0,flipkart,https://www.flipkart.com/infinix-x1-slim-series-intel-core-i5-10th-gen-1035g1-8-gb-512-gb-ssd-windows-11-home-xl21-thin-light-laptop/p/itm0452c602301ca,2026-09-28T11:24:54.366318+00:00,insufficient_sources
Infinix,Infinix,INBook,,,Intel,Core i7 11th Gen 1195G,Core i7,,,,,,,,,,,,,,16,LPDDR4X,,,,,,1024,,,,,15.6,,,,,,,,,,,,,,,,False,False,Windows 11 Home,True,,,,[],,,,False,False,False,,,,,,,,0,flipkart,https://www.flipkart.com/infinix-intel-core-i7-11th-gen-1195g7-16-gb-1-tb-ssd-windows-11-home-inbook-x2-plus-thin-light-laptop/p/itmca865f37ac703,2026-09-28T11:24:54.375500+00:00,insufficient_sources
ASUS,"ASUS Vivobook 15, with Backlit Keyboard,",,Vivobook,,Intel,Core i3 12th Gen 1215U,Core i3,,,,,,,,,,,,,,16,DDR4,,,,,,512,,,,,15.6,,,,,,,,,,,,,,,,False,False,Windows 11 Home,True,,,,[],Backlit Keyboard,,,False,False,False,,68990.0,72990.0,4000.0,68990.0,70990.0,72990.0,2,flipkart,https://www.flipkart.com/asus-vivobook-15-backlit-keyboard-intel-core-i3-12th-gen-1215u-16-gb-512-gb-ssd-windows-11-home-x1504za-nj341ws-thin-light-laptop/p/itmbe5bbf6a5168b,2026-09-28T11:24:55.879768+00:00,valid
ASUS,ASUS ExpertBook B15,B1502CBA-NJ1090WS,ExpertBook,,Intel,Core i3 12th Gen 1215U,Core i3,,,,,,,,,,,,,,8,DDR4,,,,,,512,,,,,15.6,,,,,,,,,,,,,,,,False,False,Windows 11 Home,True,,,,[],,,,False,False,False,,62284.0,64990.0,2706.0,62284.0,63637.0,64990.0,2,flipkart,https://www.flipkart.com/asus-expertbook-b15-intel-core-i3-12th-gen-1215u-8-gb-512-gb-ssd-windows-11-home-b1502cba-nj1090ws-thin-light-laptop/p/itmd0f1534bae463,2026-09-28T11:24:55.921578+00:00,valid
Acer,Acer Chromebook,CB315-8H,,,MediaTek,Kompanio 540,Kompanio,,,,,,,,,,,,,,4,LPDDR5X,,,,,EMMC Storage,128,,,,,15.6,,,,,,,,,,,,,,,,False,False,Chrome OS,False,,,,[],,,,False,False,False,,34900.0,52999.0,18099.0,34900.0,43949.5,52999.0,2,flipkart,https://www.flipkart.com/acer-chromebook-mediatek-kompanio-540-4-gb-128-gb-emmc-storage-chrome-os-cb315-8h/p/itmea4932ad64851,2026-09-28T11:24:58.998585+00:00,valid
Unknown,Neopticon BrowseBook,BBN40412814,,,Intel,Celeron Dual Core N4020,,,,,,,,,,,,,,,4,LPDDR4,,,,,,128,,,,,14.1,,,,,,,,,,,,,,,,False,False,Windows 11 Home,True,,,,[],,,,False,False,False,,22499.0,25499.0,3000.0,22499.0,23999.0,25499.0,2,flipkart,https://www.flipkart.com/neopticon-browsebook-intel-celeron-dual-core-n4020-4-gb-128-gb-ssd-windows-11-home-bbn40412814-laptop/p/itm8249747b82715,2026-09-28T11:24:59.025536+00:00,valid
ASUS,ASUS Chromebook CX15,CX1505CTA-S7025,,,Intel,Celeron Dual Core N50,,,,,,,,,,,,,,,4,LPDDR5,,,,,EMMC Storage,64,,,,,15.6,,,,,,,,,,,,,,,,False,False,Chrome OS,False,,,,[],,,,False,False,False,,,,,,,,0,flipkart,https://www.flipkart.com/asus-chromebook-cx15-intel-celeron-dual-core-n50-4-gb-64-gb-emmc-storage-chrome-os-cx1505cta-s70256-laptop/p/itm987fe58d63593,2026-09-28T11:24:59.046992+00:00,insufficient_sources
ASUS,ASUS Chromebook CX14,CX1405CTA-S606,,,Intel,Celeron Dual Core N50,,,,,,,,,,,,,,,4,LPDDR5,,,,,EMMC Storage,128,,,,,14.0,,,,,,,,,,,,,,,,False,False,Chrome OS,False,,,,[],,,,False,False,False,,22790.0,32990.0,10200.0,22790.0,27890.0,32990.0,4,flipkart,https://www.flipkart.com/asus-chromebook-cx14-intel-celeron-dual-core-n50-4-gb-128-gb-emmc-storage-chrome-os-cx1405cta-s60621-laptop/p/itm4dfd2435ab403,2026-09-28T11:25:00.284127+00:00,valid
ASUS,ASUS,X1605VA-MB1275WS,,,Intel,Core i7 13th Gen,Core i7,,,,,,,,,,,,,,16,DDR4,,,,,,512,,,,,16.0,,,,,,,,,,,,,,,,False,False,Windows 11 Home,True,,,,[],,,,False,False,False,,89650.0,98990.0,9340.0,89650.0,94320.0,98990.0,2,flipkart,https://www.flipkart.com/asus-intel-core-i7-13th-gen-16-gb-512-gb-ssd-windows-11-home-x1605va-mb1275ws-laptop/p/itm03f4fe060d0a3,2026-09-28T11:25:03.641407+00:00,valid
ASUS,ASUS ROG Strix G16,,ROG,,Intel,Core i9 14th Gen 14900HX,Core i9,14,,,,,,,,,,,,,16,DDR5,,,,,,1024,,,,,16.0,,,,,,,,,,,,,,,,False,False,Windows 11 Home,True,,,,[],,,,False,False,False,,209000.0,260999.0,51999.0,209000.0,234999.5,260999.0,4,flipkart,https://www.flipkart.com/asus-rog-strix-g16-intel-core-i9-14th-gen-14900hx-16-gb-1-tb-ssd-windows-11-home-8-gb-graphics-nvidia-geforce-rtx-4070-g614jir-n4062ws-gaming-laptop/p/itm8c3acca540452,2026-09-28T11:25:03.685623+00:00,valid
Gigabyte,GIGABYTE AORUS,,,,Intel,Core i5 12th Gen 12500H,Core i5,12,,,,,,,,,,,,,16,DDR5,,,,,,1024,,,,,15.6,,,,,,,,,,,,,,,,False,False,Windows 11 Home,True,,,,[],,,,False,False,False,,,,,,,,0,flipkart,https://www.flipkart.com/gigabyte-aorus-intel-core-i5-12th-gen-12500h-16-gb-1-tb-ssd-windows-11-home-8-gb-graphics-nvidia-geforce-rtx-4070-15-9sf-gaming-laptop/p/itmde884c7fc7d32,2026-09-28T11:25:11.959397+00:00,insufficient_sources
HP,HP OmniBook 5 OLED {2026},14-he0014qu,,2026,Qualcomm,Snapdragon X -,Snapdragon X,,,,,,,,,,,,,,16,LPDDR5X,,,,,,512,,,,,14.0,,,,,OLED,,,,,,,,,,,False,False,Windows 11 Home,True,,,,[],,,,False,False,False,1,85499.0,99000.0,13501.0,85499.0,92249.5,99000.0,2,flipkart,https://www.flipkart.com/hp-omnibook-5-oled-2026-snapdragon-x-16-gb-512-gb-ssd-windows-11-home-14-he0014qu-thin-light-laptop/p/itm2aacdcb10319b,2026-09-28T11:25:16.842283+00:00,valid
Microsoft,MICROSOFT Surface Pro 13 Inch,EP2-73281,,,Qualcomm,Snapdragon X2 Plus -,Snapdragon X,,,,,,,,,,,,,,16,LPDDR5X,,,,,,512,,,,,13.0,,,,,,,,,,True,,,,,,False,False,Windows 11 Home,True,,,,[],,,,False,False,False,,188990.0,195999.0,7009.0,188990.0,192494.5,195999.0,4,flipkart,https://www.flipkart.com/microsoft-surface-pro-13-inch-snapdragon-x2-plus-16-gb-512-gb-ssd-windows-11-home-ep2-73281-2-1-laptop/p/itma53a54adab2c7,2026-09-28T11:25:16.845936+00:00,valid
Microsoft,MICROSOFT Surface Laptop 13.8 Inch,EP2-59041,,,Qualcomm,Snapdragon X2 Plus -,Snapdragon X,,,,,,,,,,,,,,16,LPDDR5X,,,,,,512,,,,,13.8,,,,,,,,,,True,,,,,,False,False,Windows 11 Home,True,,,,[],,,,False,False,False,,188990.0,195999.0,7009.0,188990.0,192494.5,195999.0,2,flipkart,https://www.flipkart.com/microsoft-surface-laptop-13-8-inch-snapdragon-x2-plus-16-gb-512-gb-ssd-windows-11-home-ep2-59041/p/itmb436c3283aedc,2026-09-28T11:25:16.872999+00:00,valid
Microsoft,MICROSOFT Surface Laptop 13.8 Inch,EP2-59030,,,Qualcomm,Snapdragon X2 Plus -,Snapdragon X,,,,,,,,,,,,,,16,LPDDR5X,,,,,,512,,,,,13.8,,,,,,,,,,True,,,,,,False,False,Windows 11 Home,True,,,,[],,,,False,False,False,,188990.0,195999.0,7009.0,188990.0,192494.5,195999.0,4,flipkart,https://www.flipkart.com/microsoft-surface-laptop-13-8-inch-snapdragon-x2-plus-16-gb-512-gb-ssd-windows-11-home-ep2-59030/p/itmcc30a4b6bdb8c,2026-09-28T11:25:16.895824+00:00,valid
Microsoft,MICROSOFT Surface Laptop 13.8 Inch,EP2-59484,,,Qualcomm,Snapdragon X2 Elite -,Snapdragon X,,,,,,,,,,,,,,16,LPDDR5X,,,,,,512,,,,,13.8,,,,,,,,,,True,,,,,,False,False,Windows 11 Home,True,,,,[],,,,False,False,False,,191990.0,198999.0,7009.0,191990.0,195494.5,198999.0,4,flipkart,https://www.flipkart.com/microsoft-surface-laptop-13-8-inch-snapdragon-x2-elite-16-gb-512-gb-ssd-windows-11-home-ep2-59484/p/itmf739c78056fa1,2026-09-28T11:25:16.926907+00:00,valid
Acer,Acer Swift 3,,Swift,,Intel,Core i5 8th Gen 8250U,Core i5,,,,,,,,,,,,,,8,DDR4,,,,,HDD,1024,,,,,15.6,,,,,,,,,,,,,,,,False,False,Windows 10,True,,,,[],,,,False,False,False,,,,,,,,0,flipkart,https://www.flipkart.com/acer-swift-3-intel-core-i5-8th-gen-8250u-8-gb-16-optane-1-tb-hdd-windows-10-home-2-graphics-sf315-52g-laptop/p/itmecdda6036870a,2026-09-28T11:25:23.573903+00:00,insufficient_sources
Acer,Acer Chromebook,CB314-3H,,,Intel,Celeron Dual Core N4500,,,,,,,,,,,,,,,8,LPDDR4X,,,,,EMMC Storage,64,,,,,14.0,,,,,,,,,,,,,,,,False,False,Chrome OS,False,,,,[],,,,False,False,False,,23990.0,35999.0,12009.0,23990.0,29994.5,35999.0,2,flipkart,https://www.flipkart.com/acer-chromebook-intel-celeron-dual-core-n4500-8-gb-64-gb-emmc-storage-chrome-os-cb314-3h-c5qe-cb314-3h-cobz/p/itm04458b376eefa,2026-09-28T11:25:25.600622+00:00,valid
Microsoft,"MICROSOFT Surface Pro 12""",,,,Qualcomm,Snapdragon X Plus -,Snapdragon X,,,,,,,,,,,,,,16,LPDDR5X,,,,,,512,,,,,12.0,,,,,,,,,,True,,,,,,False,False,Windows 11 Home,True,,,,[],,,,False,False,False,,123490.0,137999.0,14509.0,123490.0,130744.5,137999.0,2,flipkart,https://www.flipkart.com/microsoft-surface-pro-12-core-8-365-6-months-snapdragon-x-plus-16-gb-512-gb-ssd-windows-11-home-2-1-laptop/p/itmee1ee4c33c734,2026-09-28T11:25:27.783793+00:00,valid
Microsoft,MICROSOFT Surface Pro 13 Inch,EP2-65029,,,Qualcomm,Snapdragon X2 Elite -,Snapdragon X,,,,,,,,,,,,,,16,LPDDR5X,,,,,,1024,,,,,13.0,,,,,,,,,,True,,,,,,False,False,Windows 11 Home,True,,,,[],,,,False,False,False,,238990.0,245999.0,7009.0,238990.0,242494.5,245999.0,2,flipkart,https://www.flipkart.com/microsoft-surface-pro-13-inch-snapdragon-x2-elite-16-gb-1-tb-ssd-windows-11-home-ep2-65029-2-1-laptop/p/itmf3616bd950aa6,2026-09-28T11:25:27.812421+00:00,valid
Microsoft,MICROSOFT Surface Pro 13 Inch,EP2-73230,,,Qualcomm,Snapdragon X2 Plus -,Snapdragon X,,,,,,,,,,,,,,16,LPDDR5X,,,,,,256,,,,,13.0,,,,,,,,,,True,,,,,,False,False,Windows 11 Home,True,,,,[],,,,False,False,False,,180990.0,187999.0,7009.0,180990.0,184494.5,187999.0,2,flipkart,https://www.flipkart.com/microsoft-surface-pro-13-inch-snapdragon-x2-plus-16-gb-256-gb-ssd-windows-11-home-ep2-73230-2-1-laptop/p/itm11b034f9ce1dd,2026-09-28T11:25:27.816566+00:00,valid
Microsoft,MICROSOFT Surface Pro 13 Inch,EP2-65137,,,Qualcomm,Snapdragon X2 Elite -,Snapdragon X,,,,,,,,,,,,,,16,LPDDR5X,,,,,,512,,,,,13.0,,,,,,,,,,True,,,,,,False,False,Windows 11 Home,True,,,,[],,,,False,False,False,,203990.0,210999.0,7009.0,203990.0,207494.5,210999.0,2,flipkart,https://www.flipkart.com/microsoft-surface-pro-13-inch-snapdragon-x2-elite-16-gb-512-gb-ssd-windows-11-home-ep2-65137-2-1-laptop/p/itmd38c4fc75a638,2026-09-28T11:25:27.821455+00:00,valid
Microsoft,MICROSOFT Surface Laptop AI PC with Microsoft 365 for 6 Months*,AI,,,Qualcomm,Snapdragon X Elite -,Snapdragon X,,,,,,,,,,,,,,16,LPDDR5X,,,,,,512,,,,,13.8,,,,,,,,,,True,,,,,,False,False,Windows 11,True,,,,[],,,,False,False,False,,149999.0,154999.0,5000.0,149999.0,152499.0,154999.0,2,flipkart,https://www.flipkart.com/microsoft-surface-laptop-7th-edition-ai-pc-365-6-months-snapdragon-x-elite-16-gb-512-gb-ssd-windows-11-home-zgp-00023/p/itmf56cb433d5478,2026-09-28T11:25:27.826003+00:00,valid
Microsoft,MICROSOFT Surface Pro 9,QCB-00014,,,Intel,Core i5 12th Gen 1235U,Core i5,,,,,,,,,,,,,,8,LPDDR5,,,,,,128,,,,,13.5,,,,,,,,,,True,,,,,,False,False,Windows 11 Home,True,,,,[],,,,False,False,False,,,,,,,,0,flipkart,https://www.flipkart.com/microsoft-surface-pro-9-intel-core-i5-12th-gen-1235u-8-gb-128-gb-ssd-windows-11-home-qcb-00014-thin-light-laptop/p/itm8133f15904f8e,2026-09-28T11:25:27.831438+00:00,insufficient_sources
Microsoft,MICROSOFT Surface Pro 9,QEZ-00065,,,Intel,Core i5 12th Gen 1235U,Core i5,,,,,,,,,,,,,,8,LPDDR5,,,,,,256,,,,,13.0,,,,,,,,,,True,,,,,,False,False,Windows 11 Home,True,,,,[],,,,False,False,False,,,,,,,,0,flipkart,https://www.flipkart.com/microsoft-surface-pro-9-intel-core-i5-12th-gen-1235u-8-gb-256-gb-ssd-windows-11-home-qez-00065-thin-light-laptop/p/itm4bb72387a0c9d,2026-09-28T11:25:27.834288+00:00,insufficient_sources
Microsoft,MICROSOFT Surface Pro 9,QIL-00031,,,Intel,Core i7 12th Gen 1255U,Core i7,,,,,,,,,,,,,,16,LPDDR5,,,,,,256,,,,,13.0,,,,,,,,,,True,,,,,,False,False,Windows 11 Home,True,,,,[],,,,False,False,False,,,,,,,,0,flipkart,https://www.flipkart.com/microsoft-surface-pro-9-intel-core-i7-12th-gen-1255u-16-gb-256-gb-ssd-windows-11-home-qil-00031-thin-light-laptop/p/itm922c310514772,2026-09-28T11:25:27.839437+00:00,insufficient_sources
Microsoft,MICROSOFT Surface Pro 9,QEZ-00048,,,Intel,Core i5 12th Gen 1235U,Core i5,,,,,,,,,,,,,,8,LPDDR5,,,,,,256,,,,,13.0,,,,,,,,,,True,,,,,,False,False,Windows 11 Home,True,,,,[],,,,False,False,False,,,,,,,,0,flipkart,https://www.flipkart.com/microsoft-surface-pro-9-intel-core-i5-12th-gen-1235u-8-gb-256-gb-ssd-windows-11-home-qez-00048-thin-light-laptop/p/itmb127b990aa2bf,2026-09-28T11:25:27.843220+00:00,insufficient_sources
Microsoft,MICROSOFT Surface Pro 9,QEZ-00031,,,Intel,Core i5 12th Gen 1235U,Core i5,,,,,,,,,,,,,,8,LPDDR5,,,,,,256,,,,,13.0,,,,,,,,,,True,,,,,,False,False,Windows 11 Home,True,,,,[],,,,False,False,False,,,,,,,,0,flipkart,https://www.flipkart.com/microsoft-surface-pro-9-intel-core-i5-12th-gen-1235u-8-gb-256-gb-ssd-windows-11-home-qez-00031-thin-light-laptop/p/itm922c310514772,2026-09-28T11:25:27.846052+00:00,insufficient_sources
Microsoft,MICROSOFT Surface Pro 9,QIX-00031,,,Intel,Core i7 12th Gen 1255U,Core i7,,,,,,,,,,,,,,16,LPDDR5,,,,,,512,,,,,13.0,,,,,,,,,,True,,,,,,False,False,Windows 11 Home,True,,,,[],,,,False,False,False,,,,,,,,0,flipkart,https://www.flipkart.com/microsoft-surface-pro-9-intel-core-i7-12th-gen-1255u-16-gb-512-gb-ssd-windows-11-home-qix-00031-thin-light-laptop/p/itm922c310514772,2026-09-28T11:25:27.848606+00:00,insufficient_sources
Microsoft,MICROSOFT Surface Laptop AI PC with Microsoft 365 for 6 Months*,AI,,,Qualcomm,Snapdragon X Elite -,Snapdragon X,,,,,,,,,,,,,,16,LPDDR5X,,,,,,512,,,,,15.0,,,,,,,,,,True,,,,,,False,False,Windows 11,True,,,,[],,,,False,False,False,,,,,,,,0,flipkart,https://www.flipkart.com/microsoft-surface-laptop-7th-edition-ai-pc-365-6-months-snapdragon-x-elite-16-gb-512-gb-ssd-windows-11-home-zhh-00048/p/itm066fe9657a114,2026-09-28T11:25:27.851276+00:00,insufficient_sources
Microsoft,MICROSOFT Surface Laptop AI PC with Microsoft 365 for 6 Months*,AI,,,Qualcomm,Snapdragon X Elite -,Snapdragon X,,,,,,,,,,,,,,16,LPDDR5X,,,,,,256,,,,,15.0,,,,,,,,,,True,,,,,,False,False,Windows 11,True,,,,[],,,,False,False,False,,140999.0,142999.0,2000.0,140999.0,141999.0,142999.0,2,flipkart,https://www.flipkart.com/microsoft-surface-laptop-7th-edition-ai-pc-365-6-months-snapdragon-x-elite-16-gb-256-gb-ssd-windows-11-home-zhg-00023/p/itmf56cb433d5478,2026-09-28T11:25:29.106455+00:00,valid
Microsoft,MICROSOFT Surface Laptop 5,RBY-00023,,,Intel,Core i7 12th Gen 1255U,Core i7,,,,,,,,,,,,,,8,LPDDR5,,,,,,256,,,,,15.0,,,,,,,,,,True,,,,,,False,False,Windows 11 Home,True,,,,[],,,,False,False,False,,,,,,,,0,flipkart,https://www.flipkart.com/microsoft-surface-laptop-5-intel-core-i7-12th-gen-1255u-8-gb-256-gb-ssd-windows-11-home-rby-00023-thin-light/p/itm9c65a1a72309a,2026-09-28T11:25:29.109392+00:00,insufficient_sources
